"../../../Engine/Config/Android/DataDrivenPlatformInfo.ini" 1
"../../../Engine/Config/HoloLens/DataDrivenPlatformInfo.ini" 2
"../../../Engine/Config/IOS/DataDrivenPlatformInfo.ini" 3
"../../../Engine/Config/Base.ini" 4
"../../../Engine/Config/BaseEngine.ini" 5
"../../../Engine/Config/IOS/BaseIOSEngine.ini" 6
"../../../../../../Users/Brayan/Desktop/banana odyssey/banana_odyssey/Config/DefaultEngine.ini" 7
"../../../Engine/Config/IOS/IOSEngine.ini" 8
"../../../Engine/Config/Linux/DataDrivenPlatformInfo.ini" 9
"../../../Engine/Config/LinuxAArch64/DataDrivenPlatformInfo.ini" 10
"../../../Engine/Config/Lumin/DataDrivenPlatformInfo.ini" 11
"../../../Engine/Config/Mac/DataDrivenPlatformInfo.ini" 12
"../../../Engine/Config/TVOS/DataDrivenPlatformInfo.ini" 13
"../../../Engine/Config/Windows/DataDrivenPlatformInfo.ini" 14
"C:/Users/Brayan/Desktop/banana odyssey/banana_odyssey/banana_odyssey.uproject" 15
"../../../../../../Users/Brayan/Desktop/banana odyssey/banana_odyssey/Binaries/Win64/UE4Editor.modules" 16
"../../../Engine/Plugins/BlueprintFileUtils/BlueprintFileUtils.uplugin" 17
"../../../Engine/Plugins/MeshPainting/MeshPainting.uplugin" 18
"../../../Engine/Plugins/2D/Paper2D/Paper2D.uplugin" 19
"../../../Engine/Plugins/XGEController/XGEController.uplugin" 20
"../../../Engine/Plugins/AI/UE4ML/UE4ML.uplugin" 21
"../../../Engine/Plugins/AI/HTNPlanner/HTNPlanner.uplugin" 22
"../../../Engine/Plugins/AI/AISupport/AISupport.uplugin" 23
"../../../Engine/Plugins/ScriptPlugin/ScriptPlugin.uplugin" 24
"../../../Engine/Plugins/Blendables/LightPropagationVolume/LightPropagationVolume.uplugin" 25
"../../../Engine/Plugins/Animation/GameplayInsights/GameplayInsights.uplugin" 26
"../../../Engine/Plugins/Animation/RigLogic/RigLogic.uplugin" 27
"../../../Engine/Plugins/Compression/OodleData/OodleData.uplugin" 28
"../../../Engine/Plugins/Compression/OodleNetwork/OodleNetwork.uplugin" 29
"../../../Engine/Plugins/AI/EnvironmentQueryEditor/EnvironmentQueryEditor.uplugin" 30
"../../../Engine/Plugins/Animation/LiveLink/LiveLink.uplugin" 31
"../../../Engine/Plugins/Editor/AssetManagerEditor/AssetManagerEditor.uplugin" 32
"../../../Engine/Plugins/Editor/BlueprintMaterialTextureNodes/BlueprintMaterialTextureNodes.uplugin" 33
"../../../Engine/Plugins/Editor/AssetSearch/AssetSearch.uplugin" 34
"../../../Engine/Plugins/Animation/LiveLinkCurveDebugUI/LiveLinkCurveDebugUI.uplugin" 35
"../../../Engine/Plugins/Editor/CryptoKeys/CryptoKeys.uplugin" 36
"../../../Engine/Plugins/Editor/CurveEditorTools/CurveEditorTools.uplugin" 37
"../../../Engine/Plugins/Editor/EditorScriptingUtilities/EditorScriptingUtilities.uplugin" 38
"../../../Engine/Plugins/Editor/DataValidation/DataValidation.uplugin" 39
"../../../Engine/Plugins/Editor/MacGraphicsSwitching/MacGraphicsSwitching.uplugin" 40
"../../../Engine/Plugins/Editor/MeshEditor/MeshEditor.uplugin" 41
"../../../Engine/Plugins/Editor/FacialAnimation/FacialAnimation.uplugin" 42
"../../../Engine/Plugins/Editor/GameplayTagsEditor/GameplayTagsEditor.uplugin" 43
"../../../Engine/Plugins/Editor/GLTFImporter/GLTFImporter.uplugin" 44
"../../../Engine/Plugins/Editor/PluginBrowser/PluginBrowser.uplugin" 45
"../../../Engine/Plugins/Enterprise/AxFImporter/AxFImporter.uplugin" 46
"../../../Engine/Plugins/Editor/MobileLauncherProfileWizard/MobileLauncherProfileWizard.uplugin" 47
"../../../Engine/Plugins/Enterprise/DatasmithC4DImporter/DatasmithC4DImporter.uplugin" 48
"../../../Engine/Plugins/Enterprise/DatasmithCADImporter/DatasmithCADImporter.uplugin" 49
"../../../Engine/Plugins/Editor/MaterialAnalyzer/MaterialAnalyzer.uplugin" 50
"../../../Engine/Plugins/Enterprise/DatasmithFBXImporter/DatasmithFBXImporter.uplugin" 51
"../../../Engine/Plugins/Enterprise/DatasmithContent/DatasmithContent.uplugin" 52
"../../../Engine/Plugins/Editor/SpeedTreeImporter/SpeedTreeImporter.uplugin" 53
"../../../Engine/Plugins/Editor/GeometryMode/GeometryMode.uplugin" 54
"../../../Engine/Plugins/Enterprise/DatasmithIFCImporter/DatasmithIFCImporter.uplugin" 55
"../../../Engine/Plugins/Enterprise/DatasmithGLTFImporter/DatasmithGLTFImporter.uplugin" 56
"../../../Engine/Plugins/Enterprise/VariantManager/VariantManager.uplugin" 57
"../../../Engine/Plugins/Developer/GitSourceControl/GitSourceControl.uplugin" 58
"../../../Engine/Plugins/Enterprise/DatasmithImporter/DatasmithImporter.uplugin" 59
"../../../Engine/Plugins/Developer/PerforceSourceControl/PerforceSourceControl.uplugin" 60
"../../../Engine/Plugins/Enterprise/VariantManagerContent/VariantManagerContent.uplugin" 61
"../../../Engine/Plugins/Developer/AnimationSharing/AnimationSharing.uplugin" 62
"../../../Engine/Plugins/Enterprise/MDLImporter/MDLImporter.uplugin" 63
"../../../Engine/Plugins/Enterprise/LidarPointCloud/LidarPointCloud.uplugin" 64
"../../../Engine/Plugins/Developer/BlankPlugin/BlankPlugin.uplugin" 65
"../../../Engine/Plugins/Developer/CLionSourceCodeAccess/CLionSourceCodeAccess.uplugin" 66
"../../../Engine/Plugins/Developer/OneSkyLocalizationService/OneSkyLocalizationService.uplugin" 67
"../../../Engine/Plugins/Developer/KDevelopSourceCodeAccess/KDevelopSourceCodeAccess.uplugin" 68
"../../../Engine/Plugins/Enterprise/StaticMeshEditorExtension/StaticMeshEditorExtension.uplugin" 69
"../../../Engine/Plugins/Developer/PlasticSourceControl/PlasticSourceControl.uplugin" 70
"../../../Engine/Plugins/Developer/PluginUtils/PluginUtils.uplugin" 71
"../../../Engine/Plugins/Developer/NullSourceCodeAccess/NullSourceCodeAccess.uplugin" 72
"../../../Engine/Plugins/Developer/PixWinPlugin/PixWinPlugin.uplugin" 73
"../../../Engine/Plugins/Developer/TextureFormatOodle/TextureFormatOodle.uplugin" 74
"../../../Engine/Plugins/Developer/RenderDocPlugin/RenderDocPlugin.uplugin" 75
"../../../Engine/Plugins/Developer/RiderSourceCodeAccess/RiderSourceCodeAccess.uplugin" 76
"../../../Engine/Plugins/Developer/TraceSourceFiltering/TraceSourceFilters.uplugin" 77
"../../../Engine/Plugins/Developer/VisualStudioCodeSourceCodeAccess/VisualStudioCodeSourceCodeAccess.uplugin" 78
"../../../Engine/Plugins/Lumin/MagicLeap/MagicLeap.uplugin" 79
"../../../Engine/Plugins/Developer/VisualStudioSourceCodeAccess/VisualStudioSourceCodeAccess.uplugin" 80
"../../../Engine/Plugins/Developer/TraceDataFiltering/TraceDataFilters.uplugin" 81
"../../../Engine/Plugins/Developer/XCodeSourceCodeAccess/XCodeSourceCodeAccess.uplugin" 82
"../../../Engine/Plugins/Lumin/MagicLeapBLE/MagicLeapBLE.uplugin" 83
"../../../Engine/Plugins/Lumin/MagicLeapConnections/MagicLeapConnections.uplugin" 84
"../../../Engine/Plugins/Developer/CodeLiteSourceCodeAccess/CodeLiteSourceCodeAccess.uplugin" 85
"../../../Engine/Plugins/Lumin/MagicLeapDispatch/MagicLeapDispatch.uplugin" 86
"../../../Engine/Plugins/Editor/StylusInput/StylusInput.uplugin" 87
"../../../Engine/Plugins/Developer/PropertyAccessNode/PropertyAccessNode.uplugin" 88
"../../../Engine/Plugins/Lumin/MagicLeapLocation/MagicLeapLocation.uplugin" 89
"../../../Engine/Plugins/Lumin/LuminPlatformFeatures/LuminPlatformFeatures.uplugin" 90
"../../../Engine/Plugins/Developer/UObjectPlugin/UObjectPlugin.uplugin" 91
"../../../Engine/Plugins/Lumin/MagicLeapCamera/MagicLeapCamera.uplugin" 92
"../../../Engine/Plugins/Lumin/MagicLeapMovement/MagicLeapMovement.uplugin" 93
"../../../Engine/Plugins/Lumin/MagicLeapMusicService/MagicLeapMusicService.uplugin" 94
"../../../Engine/Plugins/Lumin/MagicLeapNetworking/MagicLeapNetworking.uplugin" 95
"../../../Engine/Plugins/Lumin/MagicLeapPassableWorld/MagicLeapPassableWorld.uplugin" 96
"../../../Engine/Plugins/Lumin/MagicLeapLightEstimation/MagicLeapLightEstimation.uplugin" 97
"../../../Engine/Plugins/Lumin/MagicLeapMedia/MagicLeapMedia.uplugin" 98
"../../../Engine/Plugins/Lumin/MLSDK/MLSDK.uplugin" 99
"../../../Engine/Plugins/Media/AndroidMedia/AndroidMedia.uplugin" 100
"../../../Engine/Plugins/Lumin/MagicLeapTablet/MagicLeapTablet.uplugin" 101
"../../../Engine/Plugins/Media/AjaMedia/AjaMedia.uplugin" 102
"../../../Engine/Plugins/Media/AppleProResMedia/AppleProResMedia.uplugin" 103
"../../../Engine/Plugins/Enterprise/DataprepEditor/DataprepEditor.uplugin" 104
"../../../Engine/Plugins/Media/AvfMedia/AvfMedia.uplugin" 105
"../../../Engine/Plugins/Media/AudioCaptureTimecodeProvider/AudioCaptureTimecodeProvider.uplugin" 106
"../../../Engine/Plugins/Media/AvidDNxMedia/AvidDNxMedia.uplugin" 107
"../../../Engine/Plugins/Media/HardwareEncoders/HardwareEncoders.uplugin" 108
"../../../Engine/Plugins/Media/ElectraCDM/ElectraCDM.uplugin" 109
"../../../Engine/Plugins/Media/LinearTimecode/LinearTimecode.uplugin" 110
"../../../Engine/Plugins/Media/BinkMedia/BinkMedia.uplugin" 111
"../../../Engine/Plugins/Media/ElectraPlayer/ElectraPlayer.uplugin" 112
"../../../Engine/Plugins/Media/HAPMedia/HAPMedia.uplugin" 113
"../../../Engine/Plugins/Media/ImgMedia/ImgMedia.uplugin" 114
"../../../Engine/Plugins/Media/TimecodeSynchronizer/TimecodeSynchronizer.uplugin" 115
"../../../Engine/Plugins/Media/MediaIOFramework/MediaIOFramework.uplugin" 116
"../../../Engine/Plugins/Media/HLMedia/HLMedia.uplugin" 117
"../../../Engine/Plugins/Importers/AlembicHairImporter/AlembicHairImporter.uplugin" 118
"../../../Engine/Plugins/Media/MediaMovieStreamer/MediaMovieStreamer.uplugin" 119
"../../../Engine/Plugins/Media/WebMMedia/WebMMedia.uplugin" 120
"../../../Engine/Plugins/Media/MfMedia/MfMedia.uplugin" 121
"../../../Engine/Plugins/Media/MediaCompositing/MediaCompositing.uplugin" 122
"../../../Engine/Plugins/Media/ElectraUtil/ElectraUtil.uplugin" 123
"../../../Engine/Plugins/Media/WmfMedia/WmfMedia.uplugin" 124
"../../../Engine/Plugins/Importers/USDImporter/USDImporter.uplugin" 125
"../../../Engine/Plugins/Media/PixelStreaming/PixelStreaming.uplugin" 126
"../../../Engine/Plugins/Importers/USDMultiUser/USDMultiUser.uplugin" 127
"../../../Engine/Plugins/Lumin/MagicLeapContacts/MagicLeapContacts.uplugin" 128
"../../../Engine/Plugins/Media/BlackmagicMedia/BlackmagicMedia.uplugin" 129
"../../../Engine/Plugins/Experimental/ActorPalette/ActorPalette.uplugin" 130
"../../../Engine/Plugins/Experimental/AppleVision/AppleVision.uplugin" 131
"../../../Engine/Plugins/Experimental/AlembicImporter/AlembicImporter.uplugin" 132
"../../../Engine/Plugins/Experimental/AutomationUtils/AutomationUtils.uplugin" 133
"../../../Engine/Plugins/MovieScene/ActorSequence/ActorSequence.uplugin" 134
"../../../Engine/Plugins/MovieScene/CustomizableSequencerTracks/CustomizableSequencerTracks.uplugin" 135
"../../../Engine/Plugins/Developer/SubversionSourceControl/SubversionSourceControl.uplugin" 136
"../../../Engine/Plugins/Experimental/BackChannel/BackChannel.uplugin" 137
"../../../Engine/Plugins/MovieScene/MatineeToLevelSequence/MatineeToLevelSequence.uplugin" 138
"../../../Engine/Plugins/MovieScene/LevelSequenceEditor/LevelSequenceEditor.uplugin" 139
"../../../Engine/Plugins/Experimental/ChaosCaching/ChaosCaching.uplugin" 140
"../../../Engine/Plugins/MovieScene/MoviePipelineMaskRenderPass/MoviePipelineMaskRenderPass.uplugin" 141
"../../../Engine/Plugins/MovieScene/MovieRenderPipeline/MovieRenderPipeline.uplugin" 142
"../../../Engine/Plugins/Lumin/MagicLeapSharedFile/MagicLeapSharedFile.uplugin" 143
"../../../Engine/Plugins/MovieScene/ReplayTracks/ReplayTracks.uplugin" 144
"../../../Engine/Plugins/Experimental/ChaosCloth/ChaosCloth.uplugin" 145
"../../../Engine/Plugins/MovieScene/TemplateSequence/TemplateSequence.uplugin" 146
"../../../Engine/Plugins/Experimental/ChaosClothEditor/ChaosClothEditor.uplugin" 147
"../../../Engine/Plugins/Media/AndroidCamera/AndroidCamera.uplugin" 148
"../../../Engine/Plugins/Experimental/ChaosNiagara/ChaosNiagara.uplugin" 149
"../../../Engine/Plugins/Experimental/BlastPlugin/BlastPlugin.uplugin" 150
"../../../Engine/Plugins/Experimental/ColorCorrectRegions/ColorCorrectRegions.uplugin" 151
"../../../Engine/Plugins/Experimental/ChaosSolverPlugin/ChaosSolverPlugin.uplugin" 152
"../../../Engine/Plugins/Experimental/CodeEditor/CodeEditor.uplugin" 153
"../../../Engine/Plugins/Experimental/CodeView/CodeView.uplugin" 154
"../../../Engine/Plugins/Experimental/ChaosVehiclesPlugin/ChaosVehiclesPlugin.uplugin" 155
"../../../Engine/Plugins/Experimental/CommonConversation/CommonConversation.uplugin" 156
"../../../Engine/Plugins/Experimental/ControlRig/ControlRig.uplugin" 157
"../../../Engine/Plugins/MovieScene/SequencerScripting/SequencerScripting.uplugin" 158
"../../../Engine/Plugins/Media/MediaFrameworkUtilities/MediaFrameworkUtilities.uplugin" 159
"../../../Engine/Plugins/NetcodeUnitTest/NetcodeUnitTest/NetcodeUnitTest.uplugin" 160
"../../../Engine/Plugins/Experimental/GeometryCacheAbcFile/GeometryCacheAbcFile.uplugin" 161
"../../../Engine/Plugins/Experimental/EnhancedInput/EnhancedInput.uplugin" 162
"../../../Engine/Plugins/Experimental/CommonUI/CommonUI.uplugin" 163
"../../../Engine/Plugins/Media/MediaPlayerEditor/MediaPlayerEditor.uplugin" 164
"../../../Engine/Plugins/Experimental/GeometryProcessing/GeometryProcessing.uplugin" 165
"../../../Engine/Plugins/Experimental/GeometryCollectionPlugin/GeometryCollectionPlugin.uplugin" 166
"../../../Engine/Plugins/Experimental/GizmoEdMode/GizmoEdMode.uplugin" 167
"../../../Engine/Plugins/Experimental/ExampleAssetEditor/ExampleAssetEditor.uplugin" 168
"../../../Engine/Plugins/Experimental/GizmoFramework/GizmoFramework.uplugin" 169
"../../../Engine/Plugins/Experimental/BlueprintStats/BlueprintStats.uplugin" 170
"../../../Engine/Plugins/Experimental/ImagePlate/ImagePlate.uplugin" 171
"../../../Engine/Plugins/Experimental/MeshModelingToolset/MeshModelingToolset.uplugin" 172
"../../../Engine/Plugins/Experimental/ImpostorBaker/ImpostorBaker.uplugin" 173
"../../../Engine/Plugins/Experimental/FullBodyIK/FullBodyIK.uplugin" 174
"../../../Engine/Plugins/Experimental/GPULightmass/GPULightmass.uplugin" 175
"../../../Engine/Plugins/Experimental/LiveLinkControlRig/LiveLinkControlRig.uplugin" 176
"../../../Engine/Plugins/Experimental/Landmass/Landmass.uplugin" 177
"../../../Engine/Plugins/Experimental/MotoSynth/MotoSynth.uplugin" 178
"../../../Engine/Plugins/Experimental/ModelingToolsEditorMode/ModelingToolsEditorMode.uplugin" 179
"../../../Engine/Plugins/Experimental/ModularGameplay/ModularGameplay.uplugin" 180
"../../../Engine/Plugins/Experimental/PanoramicCapture/PanoramicCapture.uplugin" 181
"../../../Engine/Plugins/Experimental/PlanarCutPlugin/PlanarCut.uplugin" 182
"../../../Engine/Plugins/Experimental/MotionTrailEditorMode/MotionTrailEditorMode.uplugin" 183
"../../../Engine/Plugins/Experimental/OpenImageDenoise/OpenImageDenoise.uplugin" 184
"../../../Engine/Plugins/Experimental/ProxyLODPlugin/ProxyLODPlugin.uplugin" 185
"../../../Engine/Plugins/Experimental/RawInput/RawInput.uplugin" 186
"../../../Engine/Plugins/Experimental/PlatformCrypto/PlatformCrypto.uplugin" 187
"../../../Engine/Plugins/Experimental/RemoteSession/RemoteSession.uplugin" 188
"../../../Engine/Plugins/Experimental/ShallowWater/ShallowWater.uplugin" 189
"../../../Engine/Plugins/Experimental/PythonScriptPlugin/PythonScriptPlugin.uplugin" 190
"../../../Engine/Plugins/Experimental/SampleToolsEditorMode/SampleToolsEditorMode.uplugin" 191
"../../../Engine/Plugins/Experimental/Shotgun/Shotgun.uplugin" 192
"../../../Engine/Plugins/Experimental/SimpleHMD/SimpleHMD.uplugin" 193
"../../../Engine/Plugins/Experimental/Text3D/Text3D.uplugin" 194
"../../../Engine/Plugins/Portal/LauncherChunkInstaller/LauncherChunkInstaller.uplugin" 195
"../../../Engine/Plugins/Experimental/VirtualCamera/VirtualCamera.uplugin" 196
"../../../Engine/Plugins/NetcodeUnitTest/NUTUnrealEngine4/NUTUnrealEngine4.uplugin" 197
"../../../Engine/Plugins/Experimental/VirtualHeightfieldMesh/VirtualHeightfieldMesh.uplugin" 198
"../../../Engine/Plugins/Experimental/SkeletalReduction/SkeletalReduction.uplugin" 199
"../../../Engine/Plugins/Experimental/Water/Water.uplugin" 200
"../../../Engine/Plugins/Experimental/WebSocketNetworking/WebSocketNetworking.uplugin" 201
"../../../Engine/Plugins/Experimental/VirtualProductionUtilities/VirtualProductionUtilities.uplugin" 202
"../../../Engine/Plugins/Runtime/ActorLayerUtilities/ActorLayerUtilities.uplugin" 203
"../../../Engine/Plugins/Runtime/AndroidMoviePlayer/AndroidMoviePlayer.uplugin" 204
"../../../Engine/Plugins/Runtime/AndroidPermission/AndroidPermission.uplugin" 205
"../../../Engine/Plugins/Experimental/CharacterAI/CharacterAI.uplugin" 206
"../../../Engine/Plugins/Runtime/AnimationBudgetAllocator/AnimationBudgetAllocator.uplugin" 207
"../../../Engine/Plugins/Runtime/AnimDistanceMatching/AnimDistanceMatching.uplugin" 208
"../../../Engine/Plugins/Online/EOSShared/EOSShared.uplugin" 209
"../../../Engine/Plugins/Performance/PerformanceMonitor/PerformanceMonitor.uplugin" 210
"../../../Engine/Plugins/Online/OnlineSubsystem/OnlineSubsystem.uplugin" 211
"../../../Engine/Plugins/Online/OnlineFramework/OnlineFramework.uplugin" 212
"../../../Engine/Plugins/Runtime/ApexDestruction/ApexDestruction.uplugin" 213
"../../../Engine/Plugins/Online/OnlineSubsystemNull/OnlineSubsystemNull.uplugin" 214
"../../../Engine/Plugins/Online/OnlineSubsystemEOS/OnlineSubsystemEOS.uplugin" 215
"../../../Engine/Plugins/Online/OnlineSubsystemApple/OnlineSubsystemApple.uplugin" 216
"../../../Engine/Plugins/Online/OnlineSubsystemGoogle/OnlineSubsystemGoogle.uplugin" 217
"../../../Engine/Plugins/Online/OnlineSubsystemOculus/OnlineSubsystemOculus.uplugin" 218
"../../../Engine/Plugins/Experimental/ChaosEditor/ChaosEditor.uplugin" 219
"../../../Engine/Plugins/Online/OnlineSubsystemTwitch/OnlineSubsystemTwitch.uplugin" 220
"../../../Engine/Plugins/Online/OnlineSubsystemSteam/OnlineSubsystemSteam.uplugin" 221
"../../../Engine/Plugins/Online/OnlineSubsystemTencent/OnlineSubsystemTencent.uplugin" 222
"../../../Engine/Plugins/Online/OnlineSubsystemUtils/OnlineSubsystemUtils.uplugin" 223
"../../../Engine/Plugins/Online/WebAuth/WebAuth.uplugin" 224
"../../../Engine/Plugins/Messaging/MessagingDebugger/MessagingDebugger.uplugin" 225
"../../../Engine/Plugins/Messaging/TcpMessaging/TcpMessaging.uplugin" 226
"../../../Engine/Plugins/Slate/SlateInsights/SlateInsights.uplugin" 227
"../../../Engine/Plugins/Messaging/UdpMessaging/UdpMessaging.uplugin" 228
"../../../Engine/Plugins/Experimental/GameFeatures/GameFeatures.uplugin" 229
"../../../Engine/Plugins/Slate/SlateRemote/SlateRemote.uplugin" 230
"../../../Engine/Plugins/Tests/EditorTests/EditorTests.uplugin" 231
"../../../Engine/Plugins/Tests/PythonAutomationTest/PythonAutomationTest.uplugin" 232
"../../../Engine/Plugins/Experimental/FieldSystemPlugin/FieldSystemPlugin.uplugin" 233
"../../../Engine/Plugins/Experimental/Gauntlet/Gauntlet.uplugin" 234
"../../../Engine/Plugins/Tests/FunctionalTestingEditor/FunctionalTestingEditor.uplugin" 235
"../../../Engine/Plugins/Tests/RuntimeTests/RuntimeTests.uplugin" 236
"../../../Engine/Plugins/Tests/RHITests/RHITests.uplugin" 237
"../../../Engine/Plugins/Tests/ScreenshotTools/ScreenshotTools.uplugin" 238
"../../../Engine/Plugins/Tests/FbxAutomationTestBuilder/FbxAutomationTestBuilder.uplugin" 239
"../../../Engine/Plugins/VirtualProduction/CameraCalibration/CameraCalibration.uplugin" 240
"../../../Engine/Plugins/VirtualProduction/CompositePlane/CompositePlane.uplugin" 241
"../../../Engine/Plugins/Experimental/GeometryCache/GeometryCache.uplugin" 242
"../../../Engine/Plugins/VirtualProduction/LiveLinkVRPN/LiveLinkVRPN.uplugin" 243
"../../../Engine/Plugins/VirtualProduction/LiveLinkCamera/LiveLinkCamera.uplugin" 244
"../../../Engine/Plugins/VirtualProduction/LiveLinkXR/LiveLinkXR.uplugin" 245
"../../../Engine/Plugins/VirtualProduction/DataCharts/DataCharts.uplugin" 246
"../../../Engine/Plugins/VirtualProduction/MultiUserTakes/MultiUserTakes.uplugin" 247
"../../../Engine/Plugins/VirtualProduction/LevelSnapshots/LevelSnapshots.uplugin" 248
"../../../Engine/Plugins/VirtualProduction/LiveLinkFreeD/LiveLinkFreeD.uplugin" 249
"../../../Engine/Plugins/VirtualProduction/RemoteControl/RemoteControl.uplugin" 250
"../../../Engine/Plugins/VirtualProduction/LiveLinkPrestonMDR/LiveLinkPrestonMDR.uplugin" 251
"../../../Engine/Plugins/VirtualProduction/RemoteControlInterception/RemoteControlInterception.uplugin" 252
"../../../Engine/Plugins/VirtualProduction/LiveLinkMasterLockit/LiveLinkMasterLockit.uplugin" 253
"../../../Engine/Plugins/VirtualProduction/RemoteControlProtocolOSC/RemoteControlProtocolOSC.uplugin" 254
"../../../Engine/Plugins/VirtualProduction/LiveLinkLens/LiveLinkLens.uplugin" 255
"../../../Engine/Plugins/VirtualProduction/RemoteControlProtocolDMX/RemoteControlProtocolDMX.uplugin" 256
"../../../Engine/Plugins/VirtualProduction/RemoteControlProtocolMIDI/RemoteControlProtocolMIDI.uplugin" 257
"../../../Engine/Plugins/VirtualProduction/RemoteControlWebInterface/RemoteControlWebInterface.uplugin" 258
"../../../Engine/Plugins/VirtualProduction/nDisplaySupportForLevelSnapshots/nDisplaySupportForLevelSnapshots.uplugin" 259
"../../../Engine/Plugins/Runtime/AppleImageUtils/AppleImageUtils.uplugin" 260
"../../../Engine/Plugins/VirtualProduction/Takes/Takes.uplugin" 261
"../../../Engine/Plugins/VirtualProduction/Switchboard/Switchboard.uplugin" 262
"../../../Engine/Plugins/VirtualProduction/StageMonitoring/StageMonitoring.uplugin" 263
"../../../Engine/Plugins/Runtime/AudioCapture/AudioCapture.uplugin" 264
"../../../Engine/Plugins/Runtime/AppleMoviePlayer/AppleMoviePlayer.uplugin" 265
"../../../Engine/Plugins/Experimental/Volumetrics/Volumetrics.uplugin" 266
"../../../Engine/Plugins/Runtime/AndroidDeviceProfileSelector/AndroidDeviceProfileSelector.uplugin" 267
"../../../Engine/Plugins/VirtualProduction/TimedDataMonitor/TimedDataMonitor.uplugin" 268
"../../../Engine/Plugins/Runtime/AudioSynesthesia/AudioSynesthesia.uplugin" 269
"../../../Engine/Plugins/VirtualProduction/CameraCalibrationCore/CameraCalibrationCore.uplugin" 270
"../../../Engine/Plugins/Runtime/ChunkDownloader/ChunkDownloader.uplugin" 271
"../../../Engine/Plugins/VirtualProduction/ICVFX/ICVFX.uplugin" 272
"../../../Engine/Plugins/Runtime/AssetTags/AssetTags.uplugin" 273
"../../../Engine/Plugins/Online/OnlineSubsystemFacebook/OnlineSubsystemFacebook.uplugin" 274
"../../../Engine/Plugins/Runtime/DataRegistry/DataRegistry.uplugin" 275
"../../../Engine/Plugins/Runtime/GooglePAD/GooglePAD.uplugin" 276
"../../../Engine/Plugins/Runtime/EditableMesh/EditableMesh.uplugin" 277
"../../../Engine/Plugins/Runtime/ExampleDeviceProfileSelector/ExampleDeviceProfileSelector.uplugin" 278
"../../../Engine/Plugins/Runtime/HTTPChunkInstaller/HTTPChunkInstaller.uplugin" 279
"../../../Engine/Plugins/Runtime/Firebase/Firebase.uplugin" 280
"../../../Engine/Plugins/Runtime/HairStrands/HairStrands.uplugin" 281
"../../../Engine/Plugins/Runtime/IOSReplayKit/IOSReplayKit.uplugin" 282
"../../../Engine/Plugins/Runtime/GoogleCloudMessaging/GoogleCloudMessaging.uplugin" 283
"../../../Engine/Plugins/Runtime/CustomMeshComponent/CustomMeshComponent.uplugin" 284
"../../../Engine/Plugins/Online/OnlineSubsystemAmazon/OnlineSubsystemAmazon.uplugin" 285
"../../../Engine/Plugins/Runtime/IOSDeviceProfileSelector/IOSDeviceProfileSelector.uplugin" 286
"../../../Engine/Plugins/Runtime/HPMotionController/HPMotionController.uplugin" 287
"../../../Engine/Plugins/Runtime/HDRIBackdrop/HDRIBackdrop.uplugin" 288
"../../../Engine/Plugins/Runtime/LocationServicesAndroidImpl/LocationServicesAndroidImpl.uplugin" 289
"../../../Engine/Plugins/Runtime/LocationServicesIOSImpl/LocationServicesIOSImpl.uplugin" 290
"../../../Engine/Plugins/Runtime/LocationServicesBPLibrary/LocationServicesBPLibrary.uplugin" 291
"../../../Engine/Plugins/Runtime/MixedRealityCaptureFramework/MixedRealityCaptureFramework.uplugin" 292
"../../../Engine/Plugins/Runtime/MobilePatchingUtils/MobilePatchingUtils.uplugin" 293
"../../../Engine/Plugins/Runtime/MicrosoftSpatialAudio/MicroSoftSpatialSound.uplugin" 294
"../../../Engine/Plugins/Runtime/NetworkPrediction/NetworkPrediction.uplugin" 295
"../../../Engine/Plugins/Runtime/NetworkPredictionExtras/NetworkPredictionExtras.uplugin" 296
"../../../Engine/Plugins/Runtime/NetworkPredictionInsights/NetworkPredictionInsights.uplugin" 297
"../../../Engine/Plugins/Runtime/GameplayAbilities/GameplayAbilities.uplugin" 298
"../../../Engine/Plugins/Runtime/OpenXRMsftHandInteraction/OpenXRMsftHandInteraction.uplugin" 299
"../../../Engine/Plugins/Runtime/OpenXRHandTracking/OpenXRHandTracking.uplugin" 300
"../../../Engine/Plugins/Runtime/OSC/OSC.uplugin" 301
"../../../Engine/Plugins/Runtime/LiveLinkOvernDisplay/LiveLinkOverNDisplay.uplugin" 302
"../../../Engine/Plugins/Runtime/OptionalMobileFeaturesBPLibrary/OptionalMobileFeaturesBPLibrary.uplugin" 303
"../../../Engine/Plugins/Runtime/PhysXVehicles/PhysXVehicles.uplugin" 304
"../../../Engine/Plugins/Runtime/OpenXR/OpenXR.uplugin" 305
"../../../Engine/Plugins/Runtime/PostSplashScreen/PostSplashScreen.uplugin" 306
"../../../Engine/Plugins/Runtime/PreLoadScreenMoviePlayer/PreLoadScreenMoviePlayer.uplugin" 307
"../../../Engine/Plugins/Runtime/PropertyAccess/PropertyAccessEditor.uplugin" 308
"../../../Engine/Plugins/Runtime/OpenXREyeTracker/OpenXREyeTracker.uplugin" 309
"../../../Engine/Plugins/Runtime/RuntimePhysXCooking/RuntimePhysXCooking.uplugin" 310
"../../../Engine/Plugins/Runtime/CableComponent/CableComponent.uplugin" 311
"../../../Engine/Plugins/Runtime/AudioModulation/AudioModulation.uplugin" 312
"../../../Engine/Plugins/Runtime/GeoReferencing/GeoReferencing.uplugin" 313
"../../../Engine/Plugins/Runtime/SoundCueTemplates/SoundCueTemplates.uplugin" 314
"../../../Engine/Plugins/Runtime/MIDIDevice/MIDIDevice.uplugin" 315
"../../../Engine/Plugins/Runtime/SignificanceManager/SignificanceManager.uplugin" 316
"../../../Engine/Plugins/Runtime/SoundMod/SoundMod.uplugin" 317
"../../../Engine/Plugins/Runtime/TextureShare/TextureShare.uplugin" 318
"../../../Engine/Plugins/Runtime/Spatialization/Spatialization.uplugin" 319
"../../../Engine/Plugins/Runtime/WebBrowserNativeProxy/WebBrowserNativeProxy.uplugin" 320
"../../../Engine/Plugins/Runtime/SoundVisualizations/SoundVisualizations.uplugin" 321
"../../../Engine/Plugins/Runtime/SunPosition/SunPosition.uplugin" 322
"../../../Engine/Plugins/Runtime/TimeSynth/TimeSynth.uplugin" 323
"../../../Engine/Plugins/Runtime/WebBrowserWidget/WebBrowserWidget.uplugin" 324
"../../../Engine/Plugins/Runtime/WebMMoviePlayer/WebMMoviePlayer.uplugin" 325
"../../../Engine/Plugins/Runtime/WarpUtils/WarpUtils.uplugin" 326
"../../../Engine/Plugins/Runtime/WindowsMixedReality/WindowsMixedReality.uplugin" 327
"../../../Engine/Plugins/Runtime/WindowsDeviceProfileSelector/WindowsDeviceProfileSelector.uplugin" 328
"../../../Engine/Plugins/Runtime/WindowsMoviePlayer/WindowsMoviePlayer.uplugin" 329
"../../../Engine/Plugins/FX/CascadeToNiagaraConverter/CascadeToNiagaraConverter.uplugin" 330
"../../../Engine/Plugins/Runtime/ProceduralMeshComponent/ProceduralMeshComponent.uplugin" 331
"../../../Engine/Plugins/Compositing/Composure/Composure.uplugin" 332
"../../../Engine/Plugins/FX/NiagaraExtras/NiagaraExtras.uplugin" 333
"../../../Engine/Plugins/FX/Niagara/Niagara.uplugin" 334
"../../../Engine/Plugins/Compositing/OpenColorIO/OpenColorIO.uplugin" 335
"../../../Engine/Plugins/Runtime/LinuxDeviceProfileSelector/LinuxDeviceProfileSelector.uplugin" 336
"../../../Engine/Plugins/Runtime/nDisplay/nDisplay.uplugin" 337
"../../../Engine/Plugins/Runtime/Synthesis/Synthesis.uplugin" 338
"../../../Engine/Plugins/Compositing/OpenCVLensDistortion/OpenCVLensDistortion.uplugin" 339
"../../../Engine/Plugins/Cameras/CameraShakePreviewer/CameraShakePreviewer.uplugin" 340
"../../../Engine/Plugins/Runtime/ReplicationGraph/ReplicationGraph.uplugin" 341
"../../../Engine/Plugins/Cameras/GameplayCameras/GameplayCameras.uplugin" 342
"../../../Engine/Plugins/Runtime/ResonanceAudio/ResonanceAudio.uplugin" 343
"../../../Engine/Plugins/Runtime/SoundFields/SoundFields.uplugin" 344
"../../../Engine/Plugins/Compositing/LensDistortion/LensDistortion.uplugin" 345
"../../../Engine/Plugins/Runtime/SoundUtilities/SoundUtilities.uplugin" 346
"../../../Engine/Plugins/Editor/ContentBrowser/ContentBrowserAssetDataSource/ContentBrowserAssetDataSource.uplugin" 347
"../../../Engine/Plugins/Editor/ContentBrowser/ContentBrowserClassDataSource/ContentBrowserClassDataSource.uplugin" 348
"../../../Engine/Plugins/Editor/ContentBrowser/ContentBrowserFileDataSource/ContentBrowserFileDataSource.uplugin" 349
"../../../Engine/Plugins/Developer/Concert/ConcertMain/ConcertMain.uplugin" 350
"../../../Engine/Plugins/Runtime/OSCModulationMixing/OSCModulationMixing.uplugin" 351
"../../../Engine/Plugins/Developer/Concert/MultiUserClient/MultiUserClient.uplugin" 352
"../../../Engine/Plugins/Developer/Concert/DisasterRecoveryClient/DisasterRecoveryClient.uplugin" 353
"../../../Engine/Plugins/Experimental/Enterprise/DataprepGeometryOperations/DataprepGeometryOperations.uplugin" 354
"../../../Engine/Plugins/Experimental/Enterprise/DatasmithRuntime/DatasmithRuntime.uplugin" 355
"../../../Engine/Plugins/Runtime/ArchVisCharacter/ArchVisCharacter.uplugin" 356
"../../../Engine/Plugins/Experimental/VirtualProduction/LedWallCalibration/LedWallCalibration.uplugin" 357
"../../../Engine/Plugins/Runtime/Analytics/AnalyticsMulticast/AnalyticsMulticast.uplugin" 358
"../../../Engine/Plugins/Experimental/AR/PointCloud/PointCloud.uplugin" 359
"../../../Engine/Plugins/Online/Android/OnlineSubsystemGooglePlay/OnlineSubsystemGooglePlay.uplugin" 360
"../../../Engine/Plugins/Runtime/Advertising/IOSTapJoy/IOSTapJoy.uplugin" 361
"../../../Engine/Plugins/Runtime/Analytics/Flurry/Flurry.uplugin" 362
"../../../Engine/Plugins/Online/Android/OnlineSubsystemGameCircle/OnlineSubsystemGameCircle.uplugin" 363
"../../../Engine/Plugins/Runtime/Analytics/AnalyticsBlueprintLibrary/AnalyticsBlueprintLibrary.uplugin" 364
"../../../Engine/Plugins/Online/VoiceChat/EOSVoiceChat/EOSVoiceChat.uplugin" 365
"../../../Engine/Plugins/Online/VoiceChat/VivoxVoiceChat/VivoxVoiceChat.uplugin" 366
"../../../Engine/Plugins/Runtime/Analytics/Adjust/Adjust.uplugin" 367
"../../../Engine/Plugins/VirtualProduction/DMX/DMXEngine/DMXEngine.uplugin" 368
"../../../Engine/Plugins/VirtualProduction/DMX/DMXFixtures/DMXFixtures.uplugin" 369
"../../../Engine/Plugins/VirtualProduction/DMX/DMXPixelMapping/DMXPixelMapping.uplugin" 370
"../../../Engine/Plugins/VirtualProduction/DMX/DMXDisplayCluster/DMXDisplayCluster.uplugin" 371
"../../../Engine/Plugins/Runtime/Analytics/FileLogging/FileLogging.uplugin" 372
"../../../Engine/Plugins/Runtime/AR/AzureSpatialAnchorsForWMR/AzureSpatialAnchorsForWMR.uplugin" 373
"../../../Engine/Plugins/Runtime/AR/ARUtilities/ARUtilities.uplugin" 374
"../../../Engine/Plugins/VirtualProduction/DMX/DMXProtocol/DMXProtocol.uplugin" 375
"../../../Engine/Plugins/Runtime/AR/AzureSpatialAnchors/AzureSpatialAnchors.uplugin" 376
"../../../Engine/Plugins/Runtime/AR/AzureSpatialAnchorsForARKit/AzureSpatialAnchorsForARKit.uplugin" 377
"../../../Engine/Plugins/Runtime/AR/AzureSpatialAnchorsForARCore/AzureSpatialAnchorsForARCore.uplugin" 378
"../../../Engine/Plugins/Online/IOS/OnlineSubsystemIOS/OnlineSubsystemIOS.uplugin" 379
"../../../Engine/Plugins/Runtime/Database/DatabaseSupport/DatabaseSupport.uplugin" 380
"../../../Engine/Plugins/Runtime/Database/ADOSupport/ADOSupport.uplugin" 381
"../../../Engine/Plugins/Runtime/Database/SQLiteSupport/SQLiteSupport.uplugin" 382
"../../../Engine/Plugins/Runtime/Database/SQLiteCore/SQLiteCore.uplugin" 383
"../../../Engine/Plugins/Online/VoiceChat/VoiceChat/VoiceChat.uplugin" 384
"../../../Engine/Plugins/Runtime/GoogleVR/GoogleVRTransition2D/GoogleVRTransition2D.uplugin" 385
"../../../Engine/Plugins/Runtime/GoogleVR/GoogleVRHMD/GoogleVRHMD.uplugin" 386
"../../../Engine/Plugins/Runtime/Database/RemoteDatabaseSupport/RemoteDatabaseSupport.uplugin" 387
"../../../Engine/Plugins/Runtime/GoogleVR/GoogleVRController/GoogleVRController.uplugin" 388
"../../../Engine/Plugins/Runtime/MeshReconstruction/DummyMeshReconstructor/DummyMeshReconstructor.uplugin" 389
"../../../Engine/Plugins/Runtime/Nvidia/Reflex/Reflex.uplugin" 390
"../../../Engine/Plugins/Runtime/PacketHandlers/AESGCMHandlerComponent/AESGCMHandlerComponent.uplugin" 391
"../../../Engine/Plugins/Runtime/Steam/SteamAudio/SteamAudio.uplugin" 392
"../../../Engine/Plugins/Runtime/PacketHandlers/DTLSHandlerComponent/DTLSHandlerComponent.uplugin" 393
"../../../Engine/Plugins/Runtime/PacketHandlers/AESHandlerComponent/AESHandlerComponent.uplugin" 394
"../../../Engine/Plugins/Runtime/Steam/SteamSockets/SteamSockets.uplugin" 395
"../../../Engine/Plugins/Runtime/Steam/SteamVR/SteamVR.uplugin" 396
"../../../Engine/Plugins/Runtime/XR/XRVisualization/XRVisualization.uplugin" 397
"../../../Engine/Plugins/Runtime/Windows/WinDualShock/WinDualShock.uplugin" 398
"../../../Engine/Plugins/Runtime/Oculus/OculusOpenXR/OculusOpenXR.uplugin" 399
"../../../Engine/Plugins/Runtime/Nvidia/Ansel/Ansel.uplugin" 400
"../../../Engine/Plugins/Runtime/Oculus/OculusVR/OculusVR.uplugin" 401
"../../../Engine/Plugins/Runtime/Oculus/OculusAudio/OculusAudio.uplugin" 402
"../../../Engine/Plugins/Runtime/AR/Microsoft/HoloLensAR/HoloLensAR.uplugin" 403
"../../../Engine/Plugins/Developer/Concert/ConcertSync/ConcertSyncCore/ConcertSyncCore.uplugin" 404
"../../../Engine/Plugins/Developer/Concert/ConcertSync/ConcertSyncClient/ConcertSyncClient.uplugin" 405
"../../../Engine/Plugins/Developer/Concert/ConcertSync/ConcertSyncServer/ConcertSyncServer.uplugin" 406
"../../../Engine/Plugins/Runtime/AR/AppleAR/AppleARKitFaceSupport/AppleARKitFaceSupport.uplugin" 407
"../../../Engine/Plugins/Runtime/AR/Google/GoogleARCore/GoogleARCore.uplugin" 408
"../../../Engine/Plugins/Runtime/Steam/SteamShared/SteamShared.uplugin" 409
"../../../Engine/Plugins/Developer/Concert/ConcertSync/ConcertSyncTest/ConcertSyncTest.uplugin" 410
"../../../Engine/Plugins/Runtime/AR/AppleAR/AppleARKit/AppleARKit.uplugin" 411
"../../../Engine/Plugins/Runtime/Steam/SteamController/SteamController.uplugin" 412
"../../../Engine/Plugins/Runtime/AR/Google/GoogleARCoreServices/GoogleARCoreServices.uplugin" 413
"../../../Engine/Content/Internationalization/icudt64l/cnvalias.icu" 414
"../../../Engine/Content/Internationalization/icudt64l/res_index.res" 415
"../../../Engine/Content/Internationalization/icudt64l/plurals.res" 416
"../../../Engine/Content/Internationalization/icudt64l/lang/es_MX.res" 417
"../../../Engine/Content/Internationalization/icudt64l/lang/pool.res" 418
"../../../Engine/Content/Internationalization/icudt64l/lang/es_419.res" 419
"../../../Engine/Content/Internationalization/icudt64l/lang/es.res" 420
"../../../Engine/Content/Internationalization/icudt64l/lang/root.res" 421
"../../../Engine/Content/Internationalization/icudt64l/region/es_MX.res" 422
"../../../Engine/Content/Internationalization/icudt64l/region/pool.res" 423
"../../../Engine/Content/Internationalization/icudt64l/region/es_419.res" 424
"../../../Engine/Content/Internationalization/icudt64l/region/es.res" 425
"../../../Engine/Content/Internationalization/icudt64l/region/root.res" 426
"../../../Engine/Content/Internationalization/icudt64l/lang/en.res" 427
"../../../Engine/Content/Internationalization/icudt64l/region/en.res" 428
"../../../Engine/Content/Internationalization/icudt64l/windowsZones.res" 429
"../../../Engine/Content/Internationalization/icudt64l/zoneinfo64.res" 430
"../../../Engine/Content/Internationalization/icudt64l/keyTypeData.res" 431
"../../../Engine/Content/Internationalization/icudt64l/timezoneTypes.res" 432
"../../../Engine/Content/Internationalization/icudt64l/likelySubtags.res" 433
"../../../Engine/Content/Internationalization/icudt64l/es_MX.res" 434
"../../../Engine/Content/Internationalization/icudt64l/pool.res" 435
"../../../Engine/Content/Internationalization/icudt64l/es_419.res" 436
"../../../Engine/Content/Internationalization/icudt64l/es.res" 437
"../../../Engine/Content/Internationalization/icudt64l/root.res" 438
"../../../Engine/Content/Internationalization/icudt64l/supplementalData.res" 439
"C:/Users/Brayan/AppData/Local/UnrealEngine/4.27/Saved/Config/Windows/Manifest.ini" 440
"../../../Engine/Config/Windows/BaseWindowsEngine.ini" 441
"../../../Engine/Config/Windows/WindowsEngine.ini" 442
"C:/Users/Brayan/Desktop/banana odyssey/banana_odyssey/Saved/Config/Windows/Engine.ini" 443
"../../../Engine/Config/BaseGame.ini" 444
"../../../../../../Users/Brayan/Desktop/banana odyssey/banana_odyssey/Config/DefaultGame.ini" 445
"../../../Engine/Config/Windows/WindowsGame.ini" 446
"C:/Users/Brayan/Desktop/banana odyssey/banana_odyssey/Saved/Config/Windows/Game.ini" 447
"../../../Engine/Config/BaseInput.ini" 448
"../../../../../../Users/Brayan/Desktop/banana odyssey/banana_odyssey/Config/DefaultInput.ini" 449
"C:/Users/Brayan/Desktop/banana odyssey/banana_odyssey/Saved/Config/Windows/Input.ini" 450
"../../../Engine/Config/BaseEditor.ini" 451
"../../../../../../Users/Brayan/Desktop/banana odyssey/banana_odyssey/Config/DefaultEditor.ini" 452
"C:/Users/Brayan/Desktop/banana odyssey/banana_odyssey/Saved/Config/Windows/Editor.ini" 453
"../../../Engine/Config/BaseEditorPerProjectUserSettings.ini" 454
"../../../../../../Users/Brayan/Desktop/banana odyssey/banana_odyssey/Config/DefaultEditorPerProjectUserSettings.ini" 455
"C:/Users/Brayan/Desktop/banana odyssey/banana_odyssey/Saved/Config/Windows/EditorPerProjectUserSettings.ini" 456
"../../../Engine/Config/BaseEditorSettings.ini" 457
"C:/Users/Brayan/AppData/Local/UnrealEngine/4.27/Saved/Config/Windows/EditorSettings.ini" 458
"../../../Engine/Config/BaseEditorKeyBindings.ini" 459
"C:/Users/Brayan/AppData/Local/UnrealEngine/4.27/Saved/Config/Windows/EditorKeyBindings.ini" 460
"C:/Users/Brayan/AppData/Local/UnrealEngine/4.27/Saved/Config/Windows/EditorLayout.ini" 461
"../../../Engine/Config/BaseCompat.ini" 462
"C:/Users/Brayan/Desktop/banana odyssey/banana_odyssey/Saved/Config/Windows/Compat.ini" 463
"../../../Engine/Config/BaseLightmass.ini" 464
"C:/Users/Brayan/Desktop/banana odyssey/banana_odyssey/Saved/Config/Windows/Lightmass.ini" 465
"../../../Engine/Config/BaseScalability.ini" 466
"C:/Users/Brayan/Desktop/banana odyssey/banana_odyssey/Saved/Config/Windows/Scalability.ini" 467
"../../../Engine/Config/BaseHardware.ini" 468
"C:/Users/Brayan/Desktop/banana odyssey/banana_odyssey/Saved/Config/Windows/Hardware.ini" 469
"../../../Engine/Config/BaseRuntimeOptions.ini" 470
"C:/Users/Brayan/Desktop/banana odyssey/banana_odyssey/Saved/Config/Windows/RuntimeOptions.ini" 471
"../../../Engine/Config/BaseInstallBundle.ini" 472
"../../../Engine/Config/BaseDeviceProfiles.ini" 473
"C:/Users/Brayan/Desktop/banana odyssey/banana_odyssey/Saved/Config/Windows/DeviceProfiles.ini" 474
"../../../Engine/Config/BaseGameUserSettings.ini" 475
"C:/Users/Brayan/Desktop/banana odyssey/banana_odyssey/Saved/Config/Windows/GameUserSettings.ini" 476
"../../../../../../Users/Brayan/Desktop/banana odyssey/banana_odyssey/Binaries/Win64/banana_odyssey.target" 477
"../../../../../../Users/Brayan/Desktop/banana odyssey/banana_odyssey/Binaries/Win64/banana_odysseyEditor.target" 478
"../../../Engine/Plugins/2D/Paper2D/Config/BasePaper2D.ini" 479
"C:/Users/Brayan/Desktop/banana odyssey/banana_odyssey/Saved/Config/Windows/Paper2D.ini" 480
"../../../Engine/Plugins/Animation/LiveLink/Config/BaseLiveLink.ini" 481
"C:/Users/Brayan/Desktop/banana odyssey/banana_odyssey/Saved/Config/Windows/LiveLink.ini" 482
"../../../Engine/Plugins/Enterprise/VariantManagerContent/Config/BaseVariantManagerContent.ini" 483
"C:/Users/Brayan/Desktop/banana odyssey/banana_odyssey/Saved/Config/Windows/VariantManagerContent.ini" 484
"../../../Engine/Plugins/Lumin/MagicLeap/Config/BaseMagicLeap.ini" 485
"C:/Users/Brayan/Desktop/banana odyssey/banana_odyssey/Saved/Config/Windows/MagicLeap.ini" 486
"../../../Engine/Plugins/Lumin/MagicLeapLightEstimation/Config/BaseMagicLeapLightEstimation.ini" 487
"C:/Users/Brayan/Desktop/banana odyssey/banana_odyssey/Saved/Config/Windows/MagicLeapLightEstimation.ini" 488
"../../../Engine/Plugins/Experimental/MotoSynth/Config/BaseMotoSynth.ini" 489
"C:/Users/Brayan/Desktop/banana odyssey/banana_odyssey/Saved/Config/Windows/MotoSynth.ini" 490
"../../../Engine/Plugins/Runtime/PhysXVehicles/Config/BasePhysXVehicles.ini" 491
"C:/Users/Brayan/Desktop/banana odyssey/banana_odyssey/Saved/Config/Windows/PhysXVehicles.ini" 492
"../../../Engine/Plugins/Runtime/PostSplashScreen/Config/BasePostSplashScreen.ini" 493
"C:/Users/Brayan/Desktop/banana odyssey/banana_odyssey/Saved/Config/Windows/PostSplashScreen.ini" 494
"../../../Engine/Plugins/FX/Niagara/Config/BaseNiagara.ini" 495
"C:/Users/Brayan/Desktop/banana odyssey/banana_odyssey/Saved/Config/Windows/Niagara.ini" 496
"../../../Engine/Plugins/Runtime/Synthesis/Config/BaseSynthesis.ini" 497
"C:/Users/Brayan/Desktop/banana odyssey/banana_odyssey/Saved/Config/Windows/Synthesis.ini" 498
"../../../Engine/Plugins/Runtime/Oculus/OculusVR/Config/BaseOculusVR.ini" 499
"C:/Users/Brayan/Desktop/banana odyssey/banana_odyssey/Saved/Config/Windows/OculusVR.ini" 500
"../../../Engine/Plugins/2D/Paper2D/Binaries/Win64/UE4Editor.modules" 501
"../../../Engine/Plugins/MeshPainting/Binaries/Win64/UE4Editor.modules" 502
"../../../Engine/Plugins/Experimental/GeometryProcessing/Binaries/Win64/UE4Editor.modules" 503
"../../../Engine/Plugins/XGEController/Binaries/Win64/UE4Editor.modules" 504
"../../../Engine/Plugins/AI/AISupport/Binaries/Win64/UE4Editor.modules" 505
"../../../Engine/Plugins/AI/EnvironmentQueryEditor/Binaries/Win64/UE4Editor.modules" 506
"../../../Engine/Plugins/Blendables/LightPropagationVolume/Binaries/Win64/UE4Editor.modules" 507
"../../../Engine/Plugins/Compression/OodleData/Binaries/Win64/UE4Editor.modules" 508
"../../../Engine/Plugins/Compression/OodleNetwork/Binaries/Win64/UE4Editor.modules" 509
"../../../Engine/Plugins/Editor/AssetManagerEditor/Binaries/Win64/UE4Editor.modules" 510
"../../../Engine/Plugins/Editor/CryptoKeys/Binaries/Win64/UE4Editor.modules" 511
"../../../Engine/Plugins/Editor/CurveEditorTools/Binaries/Win64/UE4Editor.modules" 512
"../../../Engine/Plugins/Editor/DataValidation/Binaries/Win64/UE4Editor.modules" 513
"../../../Engine/Plugins/Editor/FacialAnimation/Binaries/Win64/UE4Editor.modules" 514
"../../../Engine/Plugins/Editor/GameplayTagsEditor/Binaries/Win64/UE4Editor.modules" 515
"../../../Engine/Plugins/Editor/GeometryMode/Binaries/Win64/UE4Editor.modules" 516
"../../../Engine/Plugins/Editor/MaterialAnalyzer/Binaries/Win64/UE4Editor.modules" 517
"../../../Engine/Plugins/Editor/PluginBrowser/Binaries/Win64/UE4Editor.modules" 518
"../../../Engine/Plugins/Developer/PluginUtils/Binaries/Win64/UE4Editor.modules" 519
"../../../Engine/Plugins/Editor/MobileLauncherProfileWizard/Binaries/Win64/UE4Editor.modules" 520
"../../../Engine/Plugins/Editor/SpeedTreeImporter/Binaries/Win64/UE4Editor.modules" 521
"../../../Engine/Plugins/Enterprise/DatasmithContent/Binaries/Win64/UE4Editor.modules" 522
"../../../Engine/Plugins/Enterprise/VariantManagerContent/Binaries/Win64/UE4Editor.modules" 523
"../../../Engine/Plugins/Developer/AnimationSharing/Binaries/Win64/UE4Editor.modules" 524
"../../../Engine/Plugins/Runtime/SignificanceManager/Binaries/Win64/UE4Editor.modules" 525
"../../../Engine/Plugins/Developer/CLionSourceCodeAccess/Binaries/Win64/UE4Editor.modules" 526
"../../../Engine/Plugins/Developer/GitSourceControl/Binaries/Win64/UE4Editor.modules" 527
"../../../Engine/Plugins/Developer/PerforceSourceControl/Binaries/Win64/UE4Editor.modules" 528
"../../../Engine/Plugins/Developer/PixWinPlugin/Binaries/Win64/UE4Editor.modules" 529
"../../../Engine/Plugins/Developer/PlasticSourceControl/Binaries/Win64/UE4Editor.modules" 530
"../../../Engine/Plugins/Developer/RiderSourceCodeAccess/Binaries/Win64/UE4Editor.modules" 531
"../../../Engine/Plugins/Developer/TextureFormatOodle/Binaries/Win64/UE4Editor.modules" 532
"../../../Engine/Plugins/Developer/VisualStudioCodeSourceCodeAccess/Binaries/Win64/UE4Editor.modules" 533
"../../../Engine/Plugins/Developer/VisualStudioSourceCodeAccess/Binaries/Win64/UE4Editor.modules" 534
"../../../Engine/Plugins/Developer/UObjectPlugin/Binaries/Win64/UE4Editor.modules" 535
"../../../Engine/Plugins/Lumin/MagicLeap/Binaries/Win64/UE4Editor.modules" 536
"../../../Engine/Plugins/Lumin/MLSDK/Binaries/Win64/UE4Editor.modules" 537
"../../../Engine/Plugins/Lumin/MagicLeapPassableWorld/Binaries/Win64/UE4Editor.modules" 538
"../../../Engine/Plugins/Lumin/MagicLeapLightEstimation/Binaries/Win64/UE4Editor.modules" 539
"../../../Engine/Plugins/Developer/PropertyAccessNode/Binaries/Win64/UE4Editor.modules" 540
"../../../Engine/Plugins/Runtime/PropertyAccess/Binaries/Win64/UE4Editor.modules" 541
"../../../Engine/Plugins/Lumin/MagicLeapMedia/Binaries/Win64/UE4Editor.modules" 542
"../../../Engine/Plugins/Media/AndroidMedia/Binaries/Win64/UE4Editor.modules" 543
"../../../Engine/Plugins/Media/AvfMedia/Binaries/Win64/UE4Editor.modules" 544
"../../../Engine/Plugins/Media/ImgMedia/Binaries/Win64/UE4Editor.modules" 545
"../../../Engine/Plugins/Media/MediaCompositing/Binaries/Win64/UE4Editor.modules" 546
"../../../Engine/Plugins/Media/WmfMedia/Binaries/Win64/UE4Editor.modules" 547
"../../../Engine/Plugins/Experimental/AlembicImporter/Binaries/Win64/UE4Editor.modules" 548
"../../../Engine/Plugins/Experimental/GeometryCache/Binaries/Win64/UE4Editor.modules" 549
"../../../Engine/Plugins/Experimental/AutomationUtils/Binaries/Win64/UE4Editor.modules" 550
"../../../Engine/Plugins/Tests/ScreenshotTools/Binaries/Win64/UE4Editor.modules" 551
"../../../Engine/Plugins/MovieScene/ActorSequence/Binaries/Win64/UE4Editor.modules" 552
"../../../Engine/Plugins/Developer/SubversionSourceControl/Binaries/Win64/UE4Editor.modules" 553
"../../../Engine/Plugins/Experimental/BackChannel/Binaries/Win64/UE4Editor.modules" 554
"../../../Engine/Plugins/MovieScene/MatineeToLevelSequence/Binaries/Win64/UE4Editor.modules" 555
"../../../Engine/Plugins/MovieScene/TemplateSequence/Binaries/Win64/UE4Editor.modules" 556
"../../../Engine/Plugins/Cameras/GameplayCameras/Binaries/Win64/UE4Editor.modules" 557
"../../../Engine/Plugins/MovieScene/LevelSequenceEditor/Binaries/Win64/UE4Editor.modules" 558
"../../../Engine/Plugins/Experimental/ChaosClothEditor/Binaries/Win64/UE4Editor.modules" 559
"../../../Engine/Plugins/Experimental/ChaosCloth/Binaries/Win64/UE4Editor.modules" 560
"../../../Engine/Plugins/Experimental/ChaosNiagara/Binaries/Win64/UE4Editor.modules" 561
"../../../Engine/Plugins/FX/Niagara/Binaries/Win64/UE4Editor.modules" 562
"../../../Engine/Plugins/Experimental/ChaosSolverPlugin/Binaries/Win64/UE4Editor.modules" 563
"../../../Engine/Plugins/Experimental/PythonScriptPlugin/Binaries/Win64/UE4Editor.modules" 564
"../../../Engine/Plugins/Editor/ContentBrowser/ContentBrowserFileDataSource/Binaries/Win64/UE4Editor.modules" 565
"../../../Engine/Plugins/Media/MediaPlayerEditor/Binaries/Win64/UE4Editor.modules" 566
"../../../Engine/Plugins/Experimental/MotoSynth/Binaries/Win64/UE4Editor.modules" 567
"../../../Engine/Plugins/Experimental/OpenImageDenoise/Binaries/Win64/UE4Editor.modules" 568
"../../../Engine/Plugins/Experimental/PlatformCrypto/Binaries/Win64/UE4Editor.modules" 569
"../../../Engine/Plugins/Experimental/ProxyLODPlugin/Binaries/Win64/UE4Editor.modules" 570
"../../../Engine/Plugins/Portal/LauncherChunkInstaller/Binaries/Win64/UE4Editor.modules" 571
"../../../Engine/Plugins/Experimental/SkeletalReduction/Binaries/Win64/UE4Editor.modules" 572
"../../../Engine/Plugins/Runtime/ActorLayerUtilities/Binaries/Win64/UE4Editor.modules" 573
"../../../Engine/Plugins/Experimental/CharacterAI/Binaries/Win64/UE4Editor.modules" 574
"../../../Engine/Plugins/Runtime/AndroidPermission/Binaries/Win64/UE4Editor.modules" 575
"../../../Engine/Plugins/Online/OnlineSubsystem/Binaries/Win64/UE4Editor.modules" 576
"../../../Engine/Plugins/Experimental/ChaosEditor/Binaries/Win64/UE4Editor.modules" 577
"../../../Engine/Plugins/Experimental/PlanarCutPlugin/Binaries/Win64/UE4Editor.modules" 578
"../../../Engine/Plugins/Runtime/EditableMesh/Binaries/Win64/UE4Editor.modules" 579
"../../../Engine/Plugins/Experimental/GeometryCollectionPlugin/Binaries/Win64/UE4Editor.modules" 580
"../../../Engine/Plugins/Runtime/ProceduralMeshComponent/Binaries/Win64/UE4Editor.modules" 581
"../../../Engine/Plugins/Online/OnlineSubsystemNull/Binaries/Win64/UE4Editor.modules" 582
"../../../Engine/Plugins/Online/OnlineSubsystemUtils/Binaries/Win64/UE4Editor.modules" 583
"../../../Engine/Plugins/Messaging/TcpMessaging/Binaries/Win64/UE4Editor.modules" 584
"../../../Engine/Plugins/Messaging/UdpMessaging/Binaries/Win64/UE4Editor.modules" 585
"../../../Engine/Plugins/Runtime/AppleImageUtils/Binaries/Win64/UE4Editor.modules" 586
"../../../Engine/Plugins/Runtime/AudioCapture/Binaries/Win64/UE4Editor.modules" 587
"../../../Engine/Plugins/Runtime/AndroidDeviceProfileSelector/Binaries/Win64/UE4Editor.modules" 588
"../../../Engine/Plugins/Runtime/ChunkDownloader/Binaries/Win64/UE4Editor.modules" 589
"../../../Engine/Plugins/Runtime/AssetTags/Binaries/Win64/UE4Editor.modules" 590
"../../../Engine/Plugins/Runtime/ExampleDeviceProfileSelector/Binaries/Win64/UE4Editor.modules" 591
"../../../Engine/Plugins/Runtime/CustomMeshComponent/Binaries/Win64/UE4Editor.modules" 592
"../../../Engine/Plugins/Runtime/GooglePAD/Binaries/Win64/UE4Editor.modules" 593
"../../../Engine/Plugins/Runtime/LocationServicesBPLibrary/Binaries/Win64/UE4Editor.modules" 594
"../../../Engine/Plugins/Runtime/MobilePatchingUtils/Binaries/Win64/UE4Editor.modules" 595
"../../../Engine/Plugins/Runtime/OpenXR/Binaries/Win64/UE4Editor.modules" 596
"../../../Engine/Plugins/Runtime/OpenXRHandTracking/Binaries/Win64/UE4Editor.modules" 597
"../../../Engine/Plugins/Animation/LiveLink/Binaries/Win64/UE4Editor.modules" 598
"../../../Engine/Plugins/VirtualProduction/Takes/Binaries/Win64/UE4Editor.modules" 599
"../../../Engine/Plugins/Runtime/PhysXVehicles/Binaries/Win64/UE4Editor.modules" 600
"../../../Engine/Plugins/Runtime/OpenXREyeTracker/Binaries/Win64/UE4Editor.modules" 601
"../../../Engine/Plugins/Runtime/CableComponent/Binaries/Win64/UE4Editor.modules" 602
"../../../Engine/Plugins/Runtime/RuntimePhysXCooking/Binaries/Win64/UE4Editor.modules" 603
"../../../Engine/Plugins/Runtime/WebMMoviePlayer/Binaries/Win64/UE4Editor.modules" 604
"../../../Engine/Plugins/Media/WebMMedia/Binaries/Win64/UE4Editor.modules" 605
"../../../Engine/Plugins/Runtime/WindowsMoviePlayer/Binaries/Win64/UE4Editor.modules" 606
"../../../Engine/Plugins/Runtime/Synthesis/Binaries/Win64/UE4Editor.modules" 607
"../../../Engine/Plugins/Runtime/AudioSynesthesia/Binaries/Win64/UE4Editor.modules" 608
"../../../Engine/Plugins/Cameras/CameraShakePreviewer/Binaries/Win64/UE4Editor.modules" 609
"../../../Engine/Plugins/Runtime/ArchVisCharacter/Binaries/Win64/UE4Editor.modules" 610
"../../../Engine/Plugins/Runtime/SoundFields/Binaries/Win64/UE4Editor.modules" 611
"../../../Engine/Plugins/Editor/ContentBrowser/ContentBrowserAssetDataSource/Binaries/Win64/UE4Editor.modules" 612
"../../../Engine/Plugins/Editor/ContentBrowser/ContentBrowserClassDataSource/Binaries/Win64/UE4Editor.modules" 613
"../../../Engine/Plugins/Runtime/Steam/SteamVR/Binaries/Win64/UE4Editor.modules" 614
"../../../Engine/Plugins/Runtime/Oculus/OculusVR/Binaries/Win64/UE4Editor.modules" 615
"../../../Engine/Content/Certificates/ThirdParty/cacert.pem" 616
"../../../Engine/Config/ConsoleVariables.ini" 617
"../../../Engine/Binaries/Win64/Android/UE4Editor.modules" 618
"../../../Engine/Binaries/Win64/IOS/UE4Editor.modules" 619
"../../../Engine/Binaries/Win64/Linux/UE4Editor.modules" 620
"../../../Engine/Binaries/Win64/Lumin/UE4Editor.modules" 621
"../../../Engine/Config/Android/BaseAndroidEngine.ini" 622
"../../../Engine/Config/Android/AndroidEngine.ini" 623
"../../../Engine/Config/Unix/UnixEngine.ini" 624
"../../../Engine/Config/Linux/LinuxEngine.ini" 625
"../../../Engine/Config/LinuxAArch64/LinuxAArch64Engine.ini" 626
"../../../Engine/Config/Lumin/LuminEngine.ini" 627
"../../../Engine/Config/Mac/BaseMacEngine.ini" 628
"../../../Engine/Config/Mac/MacEngine.ini" 629
"../../../Engine/Plugins/Online/OnlineSubsystem/Content/Localization/OnlineSubsystem/es-MX/OnlineSubsystem.locres" 630
"../../../Engine/Content/Localization/Editor/es/Editor.locres" 631
"../../../Engine/Content/Localization/EditorTutorials/es/EditorTutorials.locres" 632
"../../../Engine/Content/Localization/Keywords/es/Keywords.locres" 633
"../../../Engine/Content/Localization/Category/es/Category.locres" 634
"../../../Engine/Content/Localization/ToolTips/es/ToolTips.locres" 635
"../../../Engine/Content/Localization/PropertyNames/es/PropertyNames.locres" 636
"../../../Engine/Content/Localization/Engine/es/Engine.locres" 637
"../../../Engine/Plugins/Online/OnlineSubsystem/Content/Localization/OnlineSubsystem/es/OnlineSubsystem.locres" 638
"../../../Engine/Plugins/Online/OnlineSubsystemUtils/Content/Localization/OnlineSubsystemUtils/es/OnlineSubsystemUtils.locres" 639
"../../../Engine/Plugins/Online/Android/OnlineSubsystemGooglePlay/Content/Localization/OnlineSubsystemGooglePlay/es/OnlineSubsystemGooglePlay.locres" 640
"../../../Engine/Plugins/Online/IOS/OnlineSubsystemIOS/Content/Localization/OnlineSubsystemIOS/es/OnlineSubsystemIOS.locres" 641
"../../../Engine/Content/Internationalization/icudt64l/numberingSystems.res" 642
"../../../Engine/Content/Internationalization/icudt64l/curr/supplementalData.res" 643
"../../../Engine/Content/Internationalization/icudt64l/curr/es_MX.res" 644
"../../../Engine/Content/Internationalization/icudt64l/curr/pool.res" 645
"../../../Engine/Content/Internationalization/icudt64l/curr/es_419.res" 646
"../../../Engine/Content/Internationalization/icudt64l/curr/es.res" 647
"../../../Engine/Content/Internationalization/icudt64l/curr/root.res" 648
"../../../Engine/Content/Internationalization/icudt64l/lang/af.res" 649
"../../../Engine/Content/Internationalization/icudt64l/region/af.res" 650
"../../../Engine/Content/Internationalization/icudt64l/lang/agq.res" 651
"../../../Engine/Content/Internationalization/icudt64l/region/agq.res" 652
"../../../Engine/Content/Internationalization/icudt64l/lang/ak.res" 653
"../../../Engine/Content/Internationalization/icudt64l/region/ak.res" 654
"../../../Engine/Content/Internationalization/icudt64l/lang/am.res" 655
"../../../Engine/Content/Internationalization/icudt64l/region/am.res" 656
"../../../Engine/Content/Internationalization/icudt64l/lang/ar.res" 657
"../../../Engine/Content/Internationalization/icudt64l/region/ar.res" 658
"../../../Engine/Content/Internationalization/icudt64l/region/ar_AE.res" 659
"../../../Engine/Content/Internationalization/icudt64l/lang/ar_EG.res" 660
"../../../Engine/Content/Internationalization/icudt64l/lang/ar_LY.res" 661
"../../../Engine/Content/Internationalization/icudt64l/region/ar_LY.res" 662
"../../../Engine/Content/Internationalization/icudt64l/lang/ar_SA.res" 663
"../../../Engine/Content/Internationalization/icudt64l/region/ar_SA.res" 664
"../../../Engine/Content/Internationalization/icudt64l/lang/as.res" 665
"../../../Engine/Content/Internationalization/icudt64l/region/as.res" 666
"../../../Engine/Content/Internationalization/icudt64l/lang/asa.res" 667
"../../../Engine/Content/Internationalization/icudt64l/region/asa.res" 668
"../../../Engine/Content/Internationalization/icudt64l/lang/ast.res" 669
"../../../Engine/Content/Internationalization/icudt64l/region/ast.res" 670
"../../../Engine/Content/Internationalization/icudt64l/lang/az.res" 671
"../../../Engine/Content/Internationalization/icudt64l/lang/az_Cyrl.res" 672
"../../../Engine/Content/Internationalization/icudt64l/lang/az_AZ.res" 673
"../../../Engine/Content/Internationalization/icudt64l/lang/az_Latn_AZ.res" 674
"../../../Engine/Content/Internationalization/icudt64l/lang/az_Latn.res" 675
"../../../Engine/Content/Internationalization/icudt64l/region/az_AZ.res" 676
"../../../Engine/Content/Internationalization/icudt64l/region/az_Latn_AZ.res" 677
"../../../Engine/Content/Internationalization/icudt64l/region/az_Latn.res" 678
"../../../Engine/Content/Internationalization/icudt64l/region/az.res" 679
"../../../Engine/Content/Internationalization/icudt64l/region/az_Cyrl.res" 680
"../../../Engine/Content/Internationalization/icudt64l/lang/bas.res" 681
"../../../Engine/Content/Internationalization/icudt64l/region/bas.res" 682
"../../../Engine/Content/Internationalization/icudt64l/lang/be.res" 683
"../../../Engine/Content/Internationalization/icudt64l/region/be.res" 684
"../../../Engine/Content/Internationalization/icudt64l/lang/bem.res" 685
"../../../Engine/Content/Internationalization/icudt64l/region/bem.res" 686
"../../../Engine/Content/Internationalization/icudt64l/lang/bez.res" 687
"../../../Engine/Content/Internationalization/icudt64l/region/bez.res" 688
"../../../Engine/Content/Internationalization/icudt64l/lang/bg.res" 689
"../../../Engine/Content/Internationalization/icudt64l/region/bg.res" 690
"../../../Engine/Content/Internationalization/icudt64l/lang/bm.res" 691
"../../../Engine/Content/Internationalization/icudt64l/region/bm.res" 692
"../../../Engine/Content/Internationalization/icudt64l/lang/bn.res" 693
"../../../Engine/Content/Internationalization/icudt64l/region/bn.res" 694
"../../../Engine/Content/Internationalization/icudt64l/lang/bn_IN.res" 695
"../../../Engine/Content/Internationalization/icudt64l/region/bn_IN.res" 696
"../../../Engine/Content/Internationalization/icudt64l/lang/bo.res" 697
"../../../Engine/Content/Internationalization/icudt64l/region/bo.res" 698
"../../../Engine/Content/Internationalization/icudt64l/region/bo_IN.res" 699
"../../../Engine/Content/Internationalization/icudt64l/lang/br.res" 700
"../../../Engine/Content/Internationalization/icudt64l/region/br.res" 701
"../../../Engine/Content/Internationalization/icudt64l/lang/brx.res" 702
"../../../Engine/Content/Internationalization/icudt64l/region/brx.res" 703
"../../../Engine/Content/Internationalization/icudt64l/lang/bs.res" 704
"../../../Engine/Content/Internationalization/icudt64l/lang/bs_Cyrl.res" 705
"../../../Engine/Content/Internationalization/icudt64l/lang/bs_BA.res" 706
"../../../Engine/Content/Internationalization/icudt64l/lang/bs_Latn_BA.res" 707
"../../../Engine/Content/Internationalization/icudt64l/lang/bs_Latn.res" 708
"../../../Engine/Content/Internationalization/icudt64l/region/bs_BA.res" 709
"../../../Engine/Content/Internationalization/icudt64l/region/bs_Latn_BA.res" 710
"../../../Engine/Content/Internationalization/icudt64l/region/bs_Latn.res" 711
"../../../Engine/Content/Internationalization/icudt64l/region/bs.res" 712
"../../../Engine/Content/Internationalization/icudt64l/region/bs_Cyrl.res" 713
"../../../Engine/Content/Internationalization/icudt64l/lang/ca.res" 714
"../../../Engine/Content/Internationalization/icudt64l/region/ca.res" 715
"../../../Engine/Content/Internationalization/icudt64l/lang/ccp.res" 716
"../../../Engine/Content/Internationalization/icudt64l/region/ccp.res" 717
"../../../Engine/Content/Internationalization/icudt64l/lang/ce.res" 718
"../../../Engine/Content/Internationalization/icudt64l/region/ce.res" 719
"../../../Engine/Content/Internationalization/icudt64l/lang/ceb.res" 720
"../../../Engine/Content/Internationalization/icudt64l/region/ceb.res" 721
"../../../Engine/Content/Internationalization/icudt64l/lang/cgg.res" 722
"../../../Engine/Content/Internationalization/icudt64l/region/cgg.res" 723
"../../../Engine/Content/Internationalization/icudt64l/lang/chr.res" 724
"../../../Engine/Content/Internationalization/icudt64l/region/chr.res" 725
"../../../Engine/Content/Internationalization/icudt64l/lang/ckb.res" 726
"../../../Engine/Content/Internationalization/icudt64l/region/ckb.res" 727
"../../../Engine/Content/Internationalization/icudt64l/lang/cs.res" 728
"../../../Engine/Content/Internationalization/icudt64l/region/cs.res" 729
"../../../Engine/Content/Internationalization/icudt64l/lang/cy.res" 730
"../../../Engine/Content/Internationalization/icudt64l/region/cy.res" 731
"../../../Engine/Content/Internationalization/icudt64l/lang/da.res" 732
"../../../Engine/Content/Internationalization/icudt64l/region/da.res" 733
"../../../Engine/Content/Internationalization/icudt64l/lang/dav.res" 734
"../../../Engine/Content/Internationalization/icudt64l/region/dav.res" 735
"../../../Engine/Content/Internationalization/icudt64l/lang/de.res" 736
"../../../Engine/Content/Internationalization/icudt64l/lang/de_AT.res" 737
"../../../Engine/Content/Internationalization/icudt64l/region/de_AT.res" 738
"../../../Engine/Content/Internationalization/icudt64l/region/de.res" 739
"../../../Engine/Content/Internationalization/icudt64l/lang/de_CH.res" 740
"../../../Engine/Content/Internationalization/icudt64l/region/de_CH.res" 741
"../../../Engine/Content/Internationalization/icudt64l/lang/de_LU.res" 742
"../../../Engine/Content/Internationalization/icudt64l/lang/dje.res" 743
"../../../Engine/Content/Internationalization/icudt64l/region/dje.res" 744
"../../../Engine/Content/Internationalization/icudt64l/lang/dsb.res" 745
"../../../Engine/Content/Internationalization/icudt64l/region/dsb.res" 746
"../../../Engine/Content/Internationalization/icudt64l/lang/dua.res" 747
"../../../Engine/Content/Internationalization/icudt64l/region/dua.res" 748
"../../../Engine/Content/Internationalization/icudt64l/lang/dyo.res" 749
"../../../Engine/Content/Internationalization/icudt64l/region/dyo.res" 750
"../../../Engine/Content/Internationalization/icudt64l/lang/dz.res" 751
"../../../Engine/Content/Internationalization/icudt64l/region/dz.res" 752
"../../../Engine/Content/Internationalization/icudt64l/lang/ebu.res" 753
"../../../Engine/Content/Internationalization/icudt64l/region/ebu.res" 754
"../../../Engine/Content/Internationalization/icudt64l/lang/ee.res" 755
"../../../Engine/Content/Internationalization/icudt64l/region/ee.res" 756
"../../../Engine/Content/Internationalization/icudt64l/lang/el.res" 757
"../../../Engine/Content/Internationalization/icudt64l/region/el.res" 758
"../../../Engine/Content/Internationalization/icudt64l/lang/en_001.res" 759
"../../../Engine/Content/Internationalization/icudt64l/lang/en_150.res" 760
"../../../Engine/Content/Internationalization/icudt64l/region/en_150.res" 761
"../../../Engine/Content/Internationalization/icudt64l/lang/en_AG.res" 762
"../../../Engine/Content/Internationalization/icudt64l/region/en_AG.res" 763
"../../../Engine/Content/Internationalization/icudt64l/lang/en_AI.res" 764
"../../../Engine/Content/Internationalization/icudt64l/region/en_AI.res" 765
"../../../Engine/Content/Internationalization/icudt64l/lang/en_AT.res" 766
"../../../Engine/Content/Internationalization/icudt64l/region/en_AT.res" 767
"../../../Engine/Content/Internationalization/icudt64l/lang/en_AU.res" 768
"../../../Engine/Content/Internationalization/icudt64l/region/en_AU.res" 769
"../../../Engine/Content/Internationalization/icudt64l/lang/en_BB.res" 770
"../../../Engine/Content/Internationalization/icudt64l/region/en_BB.res" 771
"../../../Engine/Content/Internationalization/icudt64l/lang/en_BE.res" 772
"../../../Engine/Content/Internationalization/icudt64l/region/en_BE.res" 773
"../../../Engine/Content/Internationalization/icudt64l/lang/en_BM.res" 774
"../../../Engine/Content/Internationalization/icudt64l/region/en_BM.res" 775
"../../../Engine/Content/Internationalization/icudt64l/lang/en_BS.res" 776
"../../../Engine/Content/Internationalization/icudt64l/region/en_BS.res" 777
"../../../Engine/Content/Internationalization/icudt64l/lang/en_BW.res" 778
"../../../Engine/Content/Internationalization/icudt64l/region/en_BW.res" 779
"../../../Engine/Content/Internationalization/icudt64l/lang/en_BZ.res" 780
"../../../Engine/Content/Internationalization/icudt64l/region/en_BZ.res" 781
"../../../Engine/Content/Internationalization/icudt64l/lang/en_CA.res" 782
"../../../Engine/Content/Internationalization/icudt64l/region/en_CA.res" 783
"../../../Engine/Content/Internationalization/icudt64l/lang/en_CC.res" 784
"../../../Engine/Content/Internationalization/icudt64l/region/en_CC.res" 785
"../../../Engine/Content/Internationalization/icudt64l/lang/en_CH.res" 786
"../../../Engine/Content/Internationalization/icudt64l/region/en_CH.res" 787
"../../../Engine/Content/Internationalization/icudt64l/lang/en_CK.res" 788
"../../../Engine/Content/Internationalization/icudt64l/region/en_CK.res" 789
"../../../Engine/Content/Internationalization/icudt64l/lang/en_CM.res" 790
"../../../Engine/Content/Internationalization/icudt64l/region/en_CM.res" 791
"../../../Engine/Content/Internationalization/icudt64l/lang/en_CX.res" 792
"../../../Engine/Content/Internationalization/icudt64l/region/en_CX.res" 793
"../../../Engine/Content/Internationalization/icudt64l/lang/en_CY.res" 794
"../../../Engine/Content/Internationalization/icudt64l/region/en_CY.res" 795
"../../../Engine/Content/Internationalization/icudt64l/lang/en_DE.res" 796
"../../../Engine/Content/Internationalization/icudt64l/region/en_DE.res" 797
"../../../Engine/Content/Internationalization/icudt64l/lang/en_DG.res" 798
"../../../Engine/Content/Internationalization/icudt64l/region/en_DG.res" 799
"../../../Engine/Content/Internationalization/icudt64l/lang/en_DK.res" 800
"../../../Engine/Content/Internationalization/icudt64l/region/en_DK.res" 801
"../../../Engine/Content/Internationalization/icudt64l/lang/en_DM.res" 802
"../../../Engine/Content/Internationalization/icudt64l/region/en_DM.res" 803
"../../../Engine/Content/Internationalization/icudt64l/lang/en_ER.res" 804
"../../../Engine/Content/Internationalization/icudt64l/region/en_ER.res" 805
"../../../Engine/Content/Internationalization/icudt64l/lang/en_FI.res" 806
"../../../Engine/Content/Internationalization/icudt64l/region/en_FI.res" 807
"../../../Engine/Content/Internationalization/icudt64l/lang/en_FJ.res" 808
"../../../Engine/Content/Internationalization/icudt64l/region/en_FJ.res" 809
"../../../Engine/Content/Internationalization/icudt64l/lang/en_FK.res" 810
"../../../Engine/Content/Internationalization/icudt64l/region/en_FK.res" 811
"../../../Engine/Content/Internationalization/icudt64l/lang/en_FM.res" 812
"../../../Engine/Content/Internationalization/icudt64l/region/en_FM.res" 813
"../../../Engine/Content/Internationalization/icudt64l/lang/en_GB.res" 814
"../../../Engine/Content/Internationalization/icudt64l/region/en_GB.res" 815
"../../../Engine/Content/Internationalization/icudt64l/lang/en_GD.res" 816
"../../../Engine/Content/Internationalization/icudt64l/region/en_GD.res" 817
"../../../Engine/Content/Internationalization/icudt64l/lang/en_GG.res" 818
"../../../Engine/Content/Internationalization/icudt64l/region/en_GG.res" 819
"../../../Engine/Content/Internationalization/icudt64l/lang/en_GH.res" 820
"../../../Engine/Content/Internationalization/icudt64l/region/en_GH.res" 821
"../../../Engine/Content/Internationalization/icudt64l/lang/en_GI.res" 822
"../../../Engine/Content/Internationalization/icudt64l/region/en_GI.res" 823
"../../../Engine/Content/Internationalization/icudt64l/lang/en_GM.res" 824
"../../../Engine/Content/Internationalization/icudt64l/region/en_GM.res" 825
"../../../Engine/Content/Internationalization/icudt64l/lang/en_GY.res" 826
"../../../Engine/Content/Internationalization/icudt64l/region/en_GY.res" 827
"../../../Engine/Content/Internationalization/icudt64l/lang/en_HK.res" 828
"../../../Engine/Content/Internationalization/icudt64l/region/en_HK.res" 829
"../../../Engine/Content/Internationalization/icudt64l/lang/en_IE.res" 830
"../../../Engine/Content/Internationalization/icudt64l/region/en_IE.res" 831
"../../../Engine/Content/Internationalization/icudt64l/lang/en_IL.res" 832
"../../../Engine/Content/Internationalization/icudt64l/region/en_IL.res" 833
"../../../Engine/Content/Internationalization/icudt64l/lang/en_IM.res" 834
"../../../Engine/Content/Internationalization/icudt64l/region/en_IM.res" 835
"../../../Engine/Content/Internationalization/icudt64l/lang/en_IN.res" 836
"../../../Engine/Content/Internationalization/icudt64l/region/en_IN.res" 837
"../../../Engine/Content/Internationalization/icudt64l/lang/en_IO.res" 838
"../../../Engine/Content/Internationalization/icudt64l/region/en_IO.res" 839
"../../../Engine/Content/Internationalization/icudt64l/lang/en_JE.res" 840
"../../../Engine/Content/Internationalization/icudt64l/region/en_JE.res" 841
"../../../Engine/Content/Internationalization/icudt64l/lang/en_JM.res" 842
"../../../Engine/Content/Internationalization/icudt64l/region/en_JM.res" 843
"../../../Engine/Content/Internationalization/icudt64l/lang/en_KE.res" 844
"../../../Engine/Content/Internationalization/icudt64l/region/en_KE.res" 845
"../../../Engine/Content/Internationalization/icudt64l/lang/en_KI.res" 846
"../../../Engine/Content/Internationalization/icudt64l/region/en_KI.res" 847
"../../../Engine/Content/Internationalization/icudt64l/lang/en_KN.res" 848
"../../../Engine/Content/Internationalization/icudt64l/region/en_KN.res" 849
"../../../Engine/Content/Internationalization/icudt64l/lang/en_KY.res" 850
"../../../Engine/Content/Internationalization/icudt64l/region/en_KY.res" 851
"../../../Engine/Content/Internationalization/icudt64l/lang/en_LC.res" 852
"../../../Engine/Content/Internationalization/icudt64l/region/en_LC.res" 853
"../../../Engine/Content/Internationalization/icudt64l/lang/en_LR.res" 854
"../../../Engine/Content/Internationalization/icudt64l/region/en_LR.res" 855
"../../../Engine/Content/Internationalization/icudt64l/lang/en_LS.res" 856
"../../../Engine/Content/Internationalization/icudt64l/region/en_LS.res" 857
"../../../Engine/Content/Internationalization/icudt64l/lang/en_MG.res" 858
"../../../Engine/Content/Internationalization/icudt64l/region/en_MG.res" 859
"../../../Engine/Content/Internationalization/icudt64l/lang/en_MO.res" 860
"../../../Engine/Content/Internationalization/icudt64l/region/en_MO.res" 861
"../../../Engine/Content/Internationalization/icudt64l/lang/en_MS.res" 862
"../../../Engine/Content/Internationalization/icudt64l/region/en_MS.res" 863
"../../../Engine/Content/Internationalization/icudt64l/lang/en_MT.res" 864
"../../../Engine/Content/Internationalization/icudt64l/region/en_MT.res" 865
"../../../Engine/Content/Internationalization/icudt64l/lang/en_MU.res" 866
"../../../Engine/Content/Internationalization/icudt64l/region/en_MU.res" 867
"../../../Engine/Content/Internationalization/icudt64l/lang/en_MW.res" 868
"../../../Engine/Content/Internationalization/icudt64l/region/en_MW.res" 869
"../../../Engine/Content/Internationalization/icudt64l/lang/en_MY.res" 870
"../../../Engine/Content/Internationalization/icudt64l/region/en_MY.res" 871
"../../../Engine/Content/Internationalization/icudt64l/lang/en_NA.res" 872
"../../../Engine/Content/Internationalization/icudt64l/region/en_NA.res" 873
"../../../Engine/Content/Internationalization/icudt64l/lang/en_NF.res" 874
"../../../Engine/Content/Internationalization/icudt64l/region/en_NF.res" 875
"../../../Engine/Content/Internationalization/icudt64l/lang/en_NG.res" 876
"../../../Engine/Content/Internationalization/icudt64l/region/en_NG.res" 877
"../../../Engine/Content/Internationalization/icudt64l/lang/en_NL.res" 878
"../../../Engine/Content/Internationalization/icudt64l/region/en_NL.res" 879
"../../../Engine/Content/Internationalization/icudt64l/lang/en_NR.res" 880
"../../../Engine/Content/Internationalization/icudt64l/region/en_NR.res" 881
"../../../Engine/Content/Internationalization/icudt64l/lang/en_NU.res" 882
"../../../Engine/Content/Internationalization/icudt64l/region/en_NU.res" 883
"../../../Engine/Content/Internationalization/icudt64l/lang/en_NZ.res" 884
"../../../Engine/Content/Internationalization/icudt64l/region/en_NZ.res" 885
"../../../Engine/Content/Internationalization/icudt64l/lang/en_PG.res" 886
"../../../Engine/Content/Internationalization/icudt64l/region/en_PG.res" 887
"../../../Engine/Content/Internationalization/icudt64l/lang/en_PH.res" 888
"../../../Engine/Content/Internationalization/icudt64l/region/en_PH.res" 889
"../../../Engine/Content/Internationalization/icudt64l/lang/en_PK.res" 890
"../../../Engine/Content/Internationalization/icudt64l/region/en_PK.res" 891
"../../../Engine/Content/Internationalization/icudt64l/lang/en_PN.res" 892
"../../../Engine/Content/Internationalization/icudt64l/region/en_PN.res" 893
"../../../Engine/Content/Internationalization/icudt64l/lang/en_PW.res" 894
"../../../Engine/Content/Internationalization/icudt64l/region/en_PW.res" 895
"../../../Engine/Content/Internationalization/icudt64l/lang/en_RW.res" 896
"../../../Engine/Content/Internationalization/icudt64l/region/en_RW.res" 897
"../../../Engine/Content/Internationalization/icudt64l/lang/en_SB.res" 898
"../../../Engine/Content/Internationalization/icudt64l/region/en_SB.res" 899
"../../../Engine/Content/Internationalization/icudt64l/lang/en_SC.res" 900
"../../../Engine/Content/Internationalization/icudt64l/region/en_SC.res" 901
"../../../Engine/Content/Internationalization/icudt64l/lang/en_SD.res" 902
"../../../Engine/Content/Internationalization/icudt64l/region/en_SD.res" 903
"../../../Engine/Content/Internationalization/icudt64l/lang/en_SE.res" 904
"../../../Engine/Content/Internationalization/icudt64l/region/en_SE.res" 905
"../../../Engine/Content/Internationalization/icudt64l/lang/en_SG.res" 906
"../../../Engine/Content/Internationalization/icudt64l/region/en_SG.res" 907
"../../../Engine/Content/Internationalization/icudt64l/lang/en_SH.res" 908
"../../../Engine/Content/Internationalization/icudt64l/region/en_SH.res" 909
"../../../Engine/Content/Internationalization/icudt64l/lang/en_SI.res" 910
"../../../Engine/Content/Internationalization/icudt64l/region/en_SI.res" 911
"../../../Engine/Content/Internationalization/icudt64l/lang/en_SL.res" 912
"../../../Engine/Content/Internationalization/icudt64l/region/en_SL.res" 913
"../../../Engine/Content/Internationalization/icudt64l/lang/en_SS.res" 914
"../../../Engine/Content/Internationalization/icudt64l/region/en_SS.res" 915
"../../../Engine/Content/Internationalization/icudt64l/lang/en_SX.res" 916
"../../../Engine/Content/Internationalization/icudt64l/region/en_SX.res" 917
"../../../Engine/Content/Internationalization/icudt64l/lang/en_SZ.res" 918
"../../../Engine/Content/Internationalization/icudt64l/region/en_SZ.res" 919
"../../../Engine/Content/Internationalization/icudt64l/lang/en_TC.res" 920
"../../../Engine/Content/Internationalization/icudt64l/region/en_TC.res" 921
"../../../Engine/Content/Internationalization/icudt64l/lang/en_TK.res" 922
"../../../Engine/Content/Internationalization/icudt64l/region/en_TK.res" 923
"../../../Engine/Content/Internationalization/icudt64l/lang/en_TO.res" 924
"../../../Engine/Content/Internationalization/icudt64l/region/en_TO.res" 925
"../../../Engine/Content/Internationalization/icudt64l/lang/en_TT.res" 926
"../../../Engine/Content/Internationalization/icudt64l/region/en_TT.res" 927
"../../../Engine/Content/Internationalization/icudt64l/lang/en_TV.res" 928
"../../../Engine/Content/Internationalization/icudt64l/region/en_TV.res" 929
"../../../Engine/Content/Internationalization/icudt64l/lang/en_TZ.res" 930
"../../../Engine/Content/Internationalization/icudt64l/region/en_TZ.res" 931
"../../../Engine/Content/Internationalization/icudt64l/lang/en_UG.res" 932
"../../../Engine/Content/Internationalization/icudt64l/region/en_UG.res" 933
"../../../Engine/Content/Internationalization/icudt64l/lang/en_VC.res" 934
"../../../Engine/Content/Internationalization/icudt64l/region/en_VC.res" 935
"../../../Engine/Content/Internationalization/icudt64l/lang/en_VG.res" 936
"../../../Engine/Content/Internationalization/icudt64l/region/en_VG.res" 937
"../../../Engine/Content/Internationalization/icudt64l/lang/en_VU.res" 938
"../../../Engine/Content/Internationalization/icudt64l/region/en_VU.res" 939
"../../../Engine/Content/Internationalization/icudt64l/lang/en_WS.res" 940
"../../../Engine/Content/Internationalization/icudt64l/region/en_WS.res" 941
"../../../Engine/Content/Internationalization/icudt64l/lang/en_ZA.res" 942
"../../../Engine/Content/Internationalization/icudt64l/region/en_ZA.res" 943
"../../../Engine/Content/Internationalization/icudt64l/lang/en_ZM.res" 944
"../../../Engine/Content/Internationalization/icudt64l/region/en_ZM.res" 945
"../../../Engine/Content/Internationalization/icudt64l/lang/en_ZW.res" 946
"../../../Engine/Content/Internationalization/icudt64l/region/en_ZW.res" 947
"../../../Engine/Content/Internationalization/icudt64l/lang/eo.res" 948
"../../../Engine/Content/Internationalization/icudt64l/region/eo.res" 949
"../../../Engine/Content/Internationalization/icudt64l/lang/es_AR.res" 950
"../../../Engine/Content/Internationalization/icudt64l/region/es_AR.res" 951
"../../../Engine/Content/Internationalization/icudt64l/lang/es_BO.res" 952
"../../../Engine/Content/Internationalization/icudt64l/region/es_BO.res" 953
"../../../Engine/Content/Internationalization/icudt64l/lang/es_BR.res" 954
"../../../Engine/Content/Internationalization/icudt64l/region/es_BR.res" 955
"../../../Engine/Content/Internationalization/icudt64l/lang/es_BZ.res" 956
"../../../Engine/Content/Internationalization/icudt64l/region/es_BZ.res" 957
"../../../Engine/Content/Internationalization/icudt64l/lang/es_CL.res" 958
"../../../Engine/Content/Internationalization/icudt64l/region/es_CL.res" 959
"../../../Engine/Content/Internationalization/icudt64l/lang/es_CO.res" 960
"../../../Engine/Content/Internationalization/icudt64l/region/es_CO.res" 961
"../../../Engine/Content/Internationalization/icudt64l/lang/es_CR.res" 962
"../../../Engine/Content/Internationalization/icudt64l/region/es_CR.res" 963
"../../../Engine/Content/Internationalization/icudt64l/lang/es_CU.res" 964
"../../../Engine/Content/Internationalization/icudt64l/region/es_CU.res" 965
"../../../Engine/Content/Internationalization/icudt64l/lang/es_DO.res" 966
"../../../Engine/Content/Internationalization/icudt64l/region/es_DO.res" 967
"../../../Engine/Content/Internationalization/icudt64l/lang/es_EC.res" 968
"../../../Engine/Content/Internationalization/icudt64l/region/es_EC.res" 969
"../../../Engine/Content/Internationalization/icudt64l/lang/es_GT.res" 970
"../../../Engine/Content/Internationalization/icudt64l/region/es_GT.res" 971
"../../../Engine/Content/Internationalization/icudt64l/lang/es_HN.res" 972
"../../../Engine/Content/Internationalization/icudt64l/region/es_HN.res" 973
"../../../Engine/Content/Internationalization/icudt64l/lang/es_NI.res" 974
"../../../Engine/Content/Internationalization/icudt64l/region/es_NI.res" 975
"../../../Engine/Content/Internationalization/icudt64l/lang/es_PA.res" 976
"../../../Engine/Content/Internationalization/icudt64l/region/es_PA.res" 977
"../../../Engine/Content/Internationalization/icudt64l/lang/es_PE.res" 978
"../../../Engine/Content/Internationalization/icudt64l/region/es_PE.res" 979
"../../../Engine/Content/Internationalization/icudt64l/lang/es_PR.res" 980
"../../../Engine/Content/Internationalization/icudt64l/region/es_PR.res" 981
"../../../Engine/Content/Internationalization/icudt64l/lang/es_PY.res" 982
"../../../Engine/Content/Internationalization/icudt64l/region/es_PY.res" 983
"../../../Engine/Content/Internationalization/icudt64l/lang/es_SV.res" 984
"../../../Engine/Content/Internationalization/icudt64l/region/es_SV.res" 985
"../../../Engine/Content/Internationalization/icudt64l/lang/es_US.res" 986
"../../../Engine/Content/Internationalization/icudt64l/region/es_US.res" 987
"../../../Engine/Content/Internationalization/icudt64l/lang/es_UY.res" 988
"../../../Engine/Content/Internationalization/icudt64l/region/es_UY.res" 989
"../../../Engine/Content/Internationalization/icudt64l/lang/es_VE.res" 990
"../../../Engine/Content/Internationalization/icudt64l/region/es_VE.res" 991
"../../../Engine/Content/Internationalization/icudt64l/lang/et.res" 992
"../../../Engine/Content/Internationalization/icudt64l/region/et.res" 993
"../../../Engine/Content/Internationalization/icudt64l/lang/eu.res" 994
"../../../Engine/Content/Internationalization/icudt64l/region/eu.res" 995
"../../../Engine/Content/Internationalization/icudt64l/lang/ewo.res" 996
"../../../Engine/Content/Internationalization/icudt64l/region/ewo.res" 997
"../../../Engine/Content/Internationalization/icudt64l/lang/fa.res" 998
"../../../Engine/Content/Internationalization/icudt64l/lang/fa_AF.res" 999
"../../../Engine/Content/Internationalization/icudt64l/region/fa_AF.res" 1000
"../../../Engine/Content/Internationalization/icudt64l/region/fa.res" 1001
"../../../Engine/Content/Internationalization/icudt64l/lang/ff.res" 1002
"../../../Engine/Content/Internationalization/icudt64l/lang/ff_Latn.res" 1003
"../../../Engine/Content/Internationalization/icudt64l/region/ff.res" 1004
"../../../Engine/Content/Internationalization/icudt64l/region/ff_Latn.res" 1005
"../../../Engine/Content/Internationalization/icudt64l/lang/ff_CM.res" 1006
"../../../Engine/Content/Internationalization/icudt64l/lang/ff_Latn_CM.res" 1007
"../../../Engine/Content/Internationalization/icudt64l/region/ff_CM.res" 1008
"../../../Engine/Content/Internationalization/icudt64l/region/ff_Latn_CM.res" 1009
"../../../Engine/Content/Internationalization/icudt64l/lang/ff_GN.res" 1010
"../../../Engine/Content/Internationalization/icudt64l/lang/ff_Latn_GN.res" 1011
"../../../Engine/Content/Internationalization/icudt64l/region/ff_GN.res" 1012
"../../../Engine/Content/Internationalization/icudt64l/region/ff_Latn_GN.res" 1013
"../../../Engine/Content/Internationalization/icudt64l/lang/ff_MR.res" 1014
"../../../Engine/Content/Internationalization/icudt64l/lang/ff_Latn_MR.res" 1015
"../../../Engine/Content/Internationalization/icudt64l/region/ff_MR.res" 1016
"../../../Engine/Content/Internationalization/icudt64l/region/ff_Latn_MR.res" 1017
"../../../Engine/Content/Internationalization/icudt64l/lang/ff_SN.res" 1018
"../../../Engine/Content/Internationalization/icudt64l/lang/ff_Latn_SN.res" 1019
"../../../Engine/Content/Internationalization/icudt64l/region/ff_SN.res" 1020
"../../../Engine/Content/Internationalization/icudt64l/region/ff_Latn_SN.res" 1021
"../../../Engine/Content/Internationalization/icudt64l/lang/fi.res" 1022
"../../../Engine/Content/Internationalization/icudt64l/region/fi.res" 1023
"../../../Engine/Content/Internationalization/icudt64l/lang/fil.res" 1024
"../../../Engine/Content/Internationalization/icudt64l/lang/fil_PH.res" 1025
"../../../Engine/Content/Internationalization/icudt64l/region/fil_PH.res" 1026
"../../../Engine/Content/Internationalization/icudt64l/region/fil.res" 1027
"../../../Engine/Content/Internationalization/icudt64l/lang/fo.res" 1028
"../../../Engine/Content/Internationalization/icudt64l/region/fo.res" 1029
"../../../Engine/Content/Internationalization/icudt64l/lang/fr.res" 1030
"../../../Engine/Content/Internationalization/icudt64l/lang/fr_BE.res" 1031
"../../../Engine/Content/Internationalization/icudt64l/region/fr_BE.res" 1032
"../../../Engine/Content/Internationalization/icudt64l/region/fr.res" 1033
"../../../Engine/Content/Internationalization/icudt64l/lang/fr_CA.res" 1034
"../../../Engine/Content/Internationalization/icudt64l/region/fr_CA.res" 1035
"../../../Engine/Content/Internationalization/icudt64l/lang/fr_CH.res" 1036
"../../../Engine/Content/Internationalization/icudt64l/lang/fur.res" 1037
"../../../Engine/Content/Internationalization/icudt64l/region/fur.res" 1038
"../../../Engine/Content/Internationalization/icudt64l/lang/fy.res" 1039
"../../../Engine/Content/Internationalization/icudt64l/region/fy.res" 1040
"../../../Engine/Content/Internationalization/icudt64l/lang/ga.res" 1041
"../../../Engine/Content/Internationalization/icudt64l/region/ga.res" 1042
"../../../Engine/Content/Internationalization/icudt64l/lang/gd.res" 1043
"../../../Engine/Content/Internationalization/icudt64l/region/gd.res" 1044
"../../../Engine/Content/Internationalization/icudt64l/lang/gl.res" 1045
"../../../Engine/Content/Internationalization/icudt64l/region/gl.res" 1046
"../../../Engine/Content/Internationalization/icudt64l/lang/gsw.res" 1047
"../../../Engine/Content/Internationalization/icudt64l/region/gsw.res" 1048
"../../../Engine/Content/Internationalization/icudt64l/lang/gu.res" 1049
"../../../Engine/Content/Internationalization/icudt64l/region/gu.res" 1050
"../../../Engine/Content/Internationalization/icudt64l/lang/guz.res" 1051
"../../../Engine/Content/Internationalization/icudt64l/region/guz.res" 1052
"../../../Engine/Content/Internationalization/icudt64l/lang/gv.res" 1053
"../../../Engine/Content/Internationalization/icudt64l/region/gv.res" 1054
"../../../Engine/Content/Internationalization/icudt64l/lang/ha.res" 1055
"../../../Engine/Content/Internationalization/icudt64l/region/ha.res" 1056
"../../../Engine/Content/Internationalization/icudt64l/lang/ha_NE.res" 1057
"../../../Engine/Content/Internationalization/icudt64l/region/ha_NE.res" 1058
"../../../Engine/Content/Internationalization/icudt64l/lang/haw.res" 1059
"../../../Engine/Content/Internationalization/icudt64l/region/haw.res" 1060
"../../../Engine/Content/Internationalization/icudt64l/lang/he.res" 1061
"../../../Engine/Content/Internationalization/icudt64l/lang/he_IL.res" 1062
"../../../Engine/Content/Internationalization/icudt64l/region/he_IL.res" 1063
"../../../Engine/Content/Internationalization/icudt64l/region/he.res" 1064
"../../../Engine/Content/Internationalization/icudt64l/lang/hi.res" 1065
"../../../Engine/Content/Internationalization/icudt64l/region/hi.res" 1066
"../../../Engine/Content/Internationalization/icudt64l/lang/hr.res" 1067
"../../../Engine/Content/Internationalization/icudt64l/region/hr.res" 1068
"../../../Engine/Content/Internationalization/icudt64l/lang/hsb.res" 1069
"../../../Engine/Content/Internationalization/icudt64l/region/hsb.res" 1070
"../../../Engine/Content/Internationalization/icudt64l/lang/hu.res" 1071
"../../../Engine/Content/Internationalization/icudt64l/region/hu.res" 1072
"../../../Engine/Content/Internationalization/icudt64l/lang/hy.res" 1073
"../../../Engine/Content/Internationalization/icudt64l/region/hy.res" 1074
"../../../Engine/Content/Internationalization/icudt64l/lang/ia.res" 1075
"../../../Engine/Content/Internationalization/icudt64l/region/ia.res" 1076
"../../../Engine/Content/Internationalization/icudt64l/lang/id.res" 1077
"../../../Engine/Content/Internationalization/icudt64l/lang/id_ID.res" 1078
"../../../Engine/Content/Internationalization/icudt64l/region/id_ID.res" 1079
"../../../Engine/Content/Internationalization/icudt64l/region/id.res" 1080
"../../../Engine/Content/Internationalization/icudt64l/lang/ig.res" 1081
"../../../Engine/Content/Internationalization/icudt64l/region/ig.res" 1082
"../../../Engine/Content/Internationalization/icudt64l/lang/ii.res" 1083
"../../../Engine/Content/Internationalization/icudt64l/region/ii.res" 1084
"../../../Engine/Content/Internationalization/icudt64l/lang/is.res" 1085
"../../../Engine/Content/Internationalization/icudt64l/region/is.res" 1086
"../../../Engine/Content/Internationalization/icudt64l/lang/it.res" 1087
"../../../Engine/Content/Internationalization/icudt64l/region/it.res" 1088
"../../../Engine/Content/Internationalization/icudt64l/lang/ja.res" 1089
"../../../Engine/Content/Internationalization/icudt64l/lang/ja_JP.res" 1090
"../../../Engine/Content/Internationalization/icudt64l/region/ja_JP.res" 1091
"../../../Engine/Content/Internationalization/icudt64l/region/ja.res" 1092
"../../../Engine/Content/Internationalization/icudt64l/lang/jgo.res" 1093
"../../../Engine/Content/Internationalization/icudt64l/region/jgo.res" 1094
"../../../Engine/Content/Internationalization/icudt64l/lang/jmc.res" 1095
"../../../Engine/Content/Internationalization/icudt64l/region/jmc.res" 1096
"../../../Engine/Content/Internationalization/icudt64l/lang/jv.res" 1097
"../../../Engine/Content/Internationalization/icudt64l/region/jv.res" 1098
"../../../Engine/Content/Internationalization/icudt64l/lang/ka.res" 1099
"../../../Engine/Content/Internationalization/icudt64l/region/ka.res" 1100
"../../../Engine/Content/Internationalization/icudt64l/lang/kab.res" 1101
"../../../Engine/Content/Internationalization/icudt64l/region/kab.res" 1102
"../../../Engine/Content/Internationalization/icudt64l/lang/kam.res" 1103
"../../../Engine/Content/Internationalization/icudt64l/region/kam.res" 1104
"../../../Engine/Content/Internationalization/icudt64l/lang/kde.res" 1105
"../../../Engine/Content/Internationalization/icudt64l/region/kde.res" 1106
"../../../Engine/Content/Internationalization/icudt64l/lang/kea.res" 1107
"../../../Engine/Content/Internationalization/icudt64l/region/kea.res" 1108
"../../../Engine/Content/Internationalization/icudt64l/lang/khq.res" 1109
"../../../Engine/Content/Internationalization/icudt64l/region/khq.res" 1110
"../../../Engine/Content/Internationalization/icudt64l/lang/ki.res" 1111
"../../../Engine/Content/Internationalization/icudt64l/region/ki.res" 1112
"../../../Engine/Content/Internationalization/icudt64l/lang/kk.res" 1113
"../../../Engine/Content/Internationalization/icudt64l/region/kk.res" 1114
"../../../Engine/Content/Internationalization/icudt64l/lang/kkj.res" 1115
"../../../Engine/Content/Internationalization/icudt64l/region/kkj.res" 1116
"../../../Engine/Content/Internationalization/icudt64l/lang/kl.res" 1117
"../../../Engine/Content/Internationalization/icudt64l/region/kl.res" 1118
"../../../Engine/Content/Internationalization/icudt64l/lang/kln.res" 1119
"../../../Engine/Content/Internationalization/icudt64l/region/kln.res" 1120
"../../../Engine/Content/Internationalization/icudt64l/lang/km.res" 1121
"../../../Engine/Content/Internationalization/icudt64l/region/km.res" 1122
"../../../Engine/Content/Internationalization/icudt64l/lang/kn.res" 1123
"../../../Engine/Content/Internationalization/icudt64l/region/kn.res" 1124
"../../../Engine/Content/Internationalization/icudt64l/lang/ko.res" 1125
"../../../Engine/Content/Internationalization/icudt64l/region/ko_KP.res" 1126
"../../../Engine/Content/Internationalization/icudt64l/region/ko.res" 1127
"../../../Engine/Content/Internationalization/icudt64l/lang/kok.res" 1128
"../../../Engine/Content/Internationalization/icudt64l/region/kok.res" 1129
"../../../Engine/Content/Internationalization/icudt64l/lang/ks.res" 1130
"../../../Engine/Content/Internationalization/icudt64l/region/ks.res" 1131
"../../../Engine/Content/Internationalization/icudt64l/lang/ksb.res" 1132
"../../../Engine/Content/Internationalization/icudt64l/region/ksb.res" 1133
"../../../Engine/Content/Internationalization/icudt64l/lang/ksf.res" 1134
"../../../Engine/Content/Internationalization/icudt64l/region/ksf.res" 1135
"../../../Engine/Content/Internationalization/icudt64l/lang/ksh.res" 1136
"../../../Engine/Content/Internationalization/icudt64l/region/ksh.res" 1137
"../../../Engine/Content/Internationalization/icudt64l/lang/ku.res" 1138
"../../../Engine/Content/Internationalization/icudt64l/region/ku.res" 1139
"../../../Engine/Content/Internationalization/icudt64l/lang/kw.res" 1140
"../../../Engine/Content/Internationalization/icudt64l/region/kw.res" 1141
"../../../Engine/Content/Internationalization/icudt64l/lang/ky.res" 1142
"../../../Engine/Content/Internationalization/icudt64l/region/ky.res" 1143
"../../../Engine/Content/Internationalization/icudt64l/lang/lag.res" 1144
"../../../Engine/Content/Internationalization/icudt64l/region/lag.res" 1145
"../../../Engine/Content/Internationalization/icudt64l/lang/lb.res" 1146
"../../../Engine/Content/Internationalization/icudt64l/region/lb.res" 1147
"../../../Engine/Content/Internationalization/icudt64l/lang/lg.res" 1148
"../../../Engine/Content/Internationalization/icudt64l/region/lg.res" 1149
"../../../Engine/Content/Internationalization/icudt64l/lang/lkt.res" 1150
"../../../Engine/Content/Internationalization/icudt64l/region/lkt.res" 1151
"../../../Engine/Content/Internationalization/icudt64l/lang/ln.res" 1152
"../../../Engine/Content/Internationalization/icudt64l/region/ln.res" 1153
"../../../Engine/Content/Internationalization/icudt64l/lang/lo.res" 1154
"../../../Engine/Content/Internationalization/icudt64l/region/lo.res" 1155
"../../../Engine/Content/Internationalization/icudt64l/lang/lrc.res" 1156
"../../../Engine/Content/Internationalization/icudt64l/region/lrc.res" 1157
"../../../Engine/Content/Internationalization/icudt64l/lang/lt.res" 1158
"../../../Engine/Content/Internationalization/icudt64l/region/lt.res" 1159
"../../../Engine/Content/Internationalization/icudt64l/lang/lu.res" 1160
"../../../Engine/Content/Internationalization/icudt64l/region/lu.res" 1161
"../../../Engine/Content/Internationalization/icudt64l/lang/luo.res" 1162
"../../../Engine/Content/Internationalization/icudt64l/region/luo.res" 1163
"../../../Engine/Content/Internationalization/icudt64l/lang/luy.res" 1164
"../../../Engine/Content/Internationalization/icudt64l/region/luy.res" 1165
"../../../Engine/Content/Internationalization/icudt64l/lang/lv.res" 1166
"../../../Engine/Content/Internationalization/icudt64l/region/lv.res" 1167
"../../../Engine/Content/Internationalization/icudt64l/lang/mas.res" 1168
"../../../Engine/Content/Internationalization/icudt64l/region/mas.res" 1169
"../../../Engine/Content/Internationalization/icudt64l/lang/mer.res" 1170
"../../../Engine/Content/Internationalization/icudt64l/region/mer.res" 1171
"../../../Engine/Content/Internationalization/icudt64l/lang/mfe.res" 1172
"../../../Engine/Content/Internationalization/icudt64l/region/mfe.res" 1173
"../../../Engine/Content/Internationalization/icudt64l/lang/mg.res" 1174
"../../../Engine/Content/Internationalization/icudt64l/region/mg.res" 1175
"../../../Engine/Content/Internationalization/icudt64l/lang/mgh.res" 1176
"../../../Engine/Content/Internationalization/icudt64l/region/mgh.res" 1177
"../../../Engine/Content/Internationalization/icudt64l/lang/mgo.res" 1178
"../../../Engine/Content/Internationalization/icudt64l/region/mgo.res" 1179
"../../../Engine/Content/Internationalization/icudt64l/lang/mi.res" 1180
"../../../Engine/Content/Internationalization/icudt64l/region/mi.res" 1181
"../../../Engine/Content/Internationalization/icudt64l/lang/mk.res" 1182
"../../../Engine/Content/Internationalization/icudt64l/region/mk.res" 1183
"../../../Engine/Content/Internationalization/icudt64l/lang/ml.res" 1184
"../../../Engine/Content/Internationalization/icudt64l/region/ml.res" 1185
"../../../Engine/Content/Internationalization/icudt64l/lang/mn.res" 1186
"../../../Engine/Content/Internationalization/icudt64l/region/mn.res" 1187
"../../../Engine/Content/Internationalization/icudt64l/lang/mr.res" 1188
"../../../Engine/Content/Internationalization/icudt64l/region/mr.res" 1189
"../../../Engine/Content/Internationalization/icudt64l/lang/ms.res" 1190
"../../../Engine/Content/Internationalization/icudt64l/region/ms.res" 1191
"../../../Engine/Content/Internationalization/icudt64l/lang/mt.res" 1192
"../../../Engine/Content/Internationalization/icudt64l/region/mt.res" 1193
"../../../Engine/Content/Internationalization/icudt64l/lang/mua.res" 1194
"../../../Engine/Content/Internationalization/icudt64l/region/mua.res" 1195
"../../../Engine/Content/Internationalization/icudt64l/lang/my.res" 1196
"../../../Engine/Content/Internationalization/icudt64l/region/my.res" 1197
"../../../Engine/Content/Internationalization/icudt64l/lang/mzn.res" 1198
"../../../Engine/Content/Internationalization/icudt64l/region/mzn.res" 1199
"../../../Engine/Content/Internationalization/icudt64l/lang/naq.res" 1200
"../../../Engine/Content/Internationalization/icudt64l/region/naq.res" 1201
"../../../Engine/Content/Internationalization/icudt64l/lang/nb.res" 1202
"../../../Engine/Content/Internationalization/icudt64l/lang/nb_NO.res" 1203
"../../../Engine/Content/Internationalization/icudt64l/region/nb_NO.res" 1204
"../../../Engine/Content/Internationalization/icudt64l/region/nb.res" 1205
"../../../Engine/Content/Internationalization/icudt64l/lang/nd.res" 1206
"../../../Engine/Content/Internationalization/icudt64l/region/nd.res" 1207
"../../../Engine/Content/Internationalization/icudt64l/lang/nds.res" 1208
"../../../Engine/Content/Internationalization/icudt64l/region/nds.res" 1209
"../../../Engine/Content/Internationalization/icudt64l/lang/ne.res" 1210
"../../../Engine/Content/Internationalization/icudt64l/region/ne.res" 1211
"../../../Engine/Content/Internationalization/icudt64l/lang/nl.res" 1212
"../../../Engine/Content/Internationalization/icudt64l/region/nl.res" 1213
"../../../Engine/Content/Internationalization/icudt64l/lang/nmg.res" 1214
"../../../Engine/Content/Internationalization/icudt64l/region/nmg.res" 1215
"../../../Engine/Content/Internationalization/icudt64l/lang/nn.res" 1216
"../../../Engine/Content/Internationalization/icudt64l/lang/nn_NO.res" 1217
"../../../Engine/Content/Internationalization/icudt64l/region/nn_NO.res" 1218
"../../../Engine/Content/Internationalization/icudt64l/region/nn.res" 1219
"../../../Engine/Content/Internationalization/icudt64l/lang/nnh.res" 1220
"../../../Engine/Content/Internationalization/icudt64l/region/nnh.res" 1221
"../../../Engine/Content/Internationalization/icudt64l/lang/nus.res" 1222
"../../../Engine/Content/Internationalization/icudt64l/region/nus.res" 1223
"../../../Engine/Content/Internationalization/icudt64l/lang/nyn.res" 1224
"../../../Engine/Content/Internationalization/icudt64l/region/nyn.res" 1225
"../../../Engine/Content/Internationalization/icudt64l/lang/om.res" 1226
"../../../Engine/Content/Internationalization/icudt64l/region/om.res" 1227
"../../../Engine/Content/Internationalization/icudt64l/lang/or.res" 1228
"../../../Engine/Content/Internationalization/icudt64l/region/or.res" 1229
"../../../Engine/Content/Internationalization/icudt64l/lang/os.res" 1230
"../../../Engine/Content/Internationalization/icudt64l/region/os.res" 1231
"../../../Engine/Content/Internationalization/icudt64l/lang/pa.res" 1232
"../../../Engine/Content/Internationalization/icudt64l/lang/pa_Arab.res" 1233
"../../../Engine/Content/Internationalization/icudt64l/lang/pa_PK.res" 1234
"../../../Engine/Content/Internationalization/icudt64l/lang/pa_Arab_PK.res" 1235
"../../../Engine/Content/Internationalization/icudt64l/region/pa_PK.res" 1236
"../../../Engine/Content/Internationalization/icudt64l/region/pa_Arab_PK.res" 1237
"../../../Engine/Content/Internationalization/icudt64l/region/pa_Arab.res" 1238
"../../../Engine/Content/Internationalization/icudt64l/lang/pa_Guru.res" 1239
"../../../Engine/Content/Internationalization/icudt64l/lang/pa_IN.res" 1240
"../../../Engine/Content/Internationalization/icudt64l/lang/pa_Guru_IN.res" 1241
"../../../Engine/Content/Internationalization/icudt64l/region/pa_IN.res" 1242
"../../../Engine/Content/Internationalization/icudt64l/region/pa_Guru_IN.res" 1243
"../../../Engine/Content/Internationalization/icudt64l/region/pa_Guru.res" 1244
"../../../Engine/Content/Internationalization/icudt64l/region/pa.res" 1245
"../../../Engine/Content/Internationalization/icudt64l/lang/pl.res" 1246
"../../../Engine/Content/Internationalization/icudt64l/region/pl.res" 1247
"../../../Engine/Content/Internationalization/icudt64l/lang/ps.res" 1248
"../../../Engine/Content/Internationalization/icudt64l/region/ps.res" 1249
"../../../Engine/Content/Internationalization/icudt64l/lang/ps_PK.res" 1250
"../../../Engine/Content/Internationalization/icudt64l/region/ps_PK.res" 1251
"../../../Engine/Content/Internationalization/icudt64l/lang/pt.res" 1252
"../../../Engine/Content/Internationalization/icudt64l/lang/pt_AO.res" 1253
"../../../Engine/Content/Internationalization/icudt64l/lang/pt_PT.res" 1254
"../../../Engine/Content/Internationalization/icudt64l/region/pt_AO.res" 1255
"../../../Engine/Content/Internationalization/icudt64l/region/pt_PT.res" 1256
"../../../Engine/Content/Internationalization/icudt64l/region/pt.res" 1257
"../../../Engine/Content/Internationalization/icudt64l/lang/pt_CH.res" 1258
"../../../Engine/Content/Internationalization/icudt64l/region/pt_CH.res" 1259
"../../../Engine/Content/Internationalization/icudt64l/lang/pt_CV.res" 1260
"../../../Engine/Content/Internationalization/icudt64l/region/pt_CV.res" 1261
"../../../Engine/Content/Internationalization/icudt64l/lang/pt_GQ.res" 1262
"../../../Engine/Content/Internationalization/icudt64l/region/pt_GQ.res" 1263
"../../../Engine/Content/Internationalization/icudt64l/lang/pt_GW.res" 1264
"../../../Engine/Content/Internationalization/icudt64l/region/pt_GW.res" 1265
"../../../Engine/Content/Internationalization/icudt64l/lang/pt_LU.res" 1266
"../../../Engine/Content/Internationalization/icudt64l/region/pt_LU.res" 1267
"../../../Engine/Content/Internationalization/icudt64l/lang/pt_MO.res" 1268
"../../../Engine/Content/Internationalization/icudt64l/region/pt_MO.res" 1269
"../../../Engine/Content/Internationalization/icudt64l/lang/pt_MZ.res" 1270
"../../../Engine/Content/Internationalization/icudt64l/region/pt_MZ.res" 1271
"../../../Engine/Content/Internationalization/icudt64l/lang/pt_ST.res" 1272
"../../../Engine/Content/Internationalization/icudt64l/region/pt_ST.res" 1273
"../../../Engine/Content/Internationalization/icudt64l/lang/pt_TL.res" 1274
"../../../Engine/Content/Internationalization/icudt64l/region/pt_TL.res" 1275
"../../../Engine/Content/Internationalization/icudt64l/lang/qu.res" 1276
"../../../Engine/Content/Internationalization/icudt64l/region/qu.res" 1277
"../../../Engine/Content/Internationalization/icudt64l/lang/rm.res" 1278
"../../../Engine/Content/Internationalization/icudt64l/region/rm.res" 1279
"../../../Engine/Content/Internationalization/icudt64l/lang/rn.res" 1280
"../../../Engine/Content/Internationalization/icudt64l/region/rn.res" 1281
"../../../Engine/Content/Internationalization/icudt64l/lang/ro.res" 1282
"../../../Engine/Content/Internationalization/icudt64l/lang/ro_MD.res" 1283
"../../../Engine/Content/Internationalization/icudt64l/region/ro_MD.res" 1284
"../../../Engine/Content/Internationalization/icudt64l/region/ro.res" 1285
"../../../Engine/Content/Internationalization/icudt64l/lang/rof.res" 1286
"../../../Engine/Content/Internationalization/icudt64l/region/rof.res" 1287
"../../../Engine/Content/Internationalization/icudt64l/lang/ru.res" 1288
"../../../Engine/Content/Internationalization/icudt64l/region/ru.res" 1289
"../../../Engine/Content/Internationalization/icudt64l/region/ru_UA.res" 1290
"../../../Engine/Content/Internationalization/icudt64l/lang/rw.res" 1291
"../../../Engine/Content/Internationalization/icudt64l/region/rw.res" 1292
"../../../Engine/Content/Internationalization/icudt64l/lang/rwk.res" 1293
"../../../Engine/Content/Internationalization/icudt64l/region/rwk.res" 1294
"../../../Engine/Content/Internationalization/icudt64l/lang/sah.res" 1295
"../../../Engine/Content/Internationalization/icudt64l/region/sah.res" 1296
"../../../Engine/Content/Internationalization/icudt64l/lang/saq.res" 1297
"../../../Engine/Content/Internationalization/icudt64l/region/saq.res" 1298
"../../../Engine/Content/Internationalization/icudt64l/lang/sbp.res" 1299
"../../../Engine/Content/Internationalization/icudt64l/region/sbp.res" 1300
"../../../Engine/Content/Internationalization/icudt64l/lang/sd.res" 1301
"../../../Engine/Content/Internationalization/icudt64l/region/sd.res" 1302
"../../../Engine/Content/Internationalization/icudt64l/lang/se.res" 1303
"../../../Engine/Content/Internationalization/icudt64l/lang/se_FI.res" 1304
"../../../Engine/Content/Internationalization/icudt64l/region/se_FI.res" 1305
"../../../Engine/Content/Internationalization/icudt64l/region/se.res" 1306
"../../../Engine/Content/Internationalization/icudt64l/lang/seh.res" 1307
"../../../Engine/Content/Internationalization/icudt64l/region/seh.res" 1308
"../../../Engine/Content/Internationalization/icudt64l/lang/ses.res" 1309
"../../../Engine/Content/Internationalization/icudt64l/region/ses.res" 1310
"../../../Engine/Content/Internationalization/icudt64l/lang/sg.res" 1311
"../../../Engine/Content/Internationalization/icudt64l/region/sg.res" 1312
"../../../Engine/Content/Internationalization/icudt64l/lang/shi.res" 1313
"../../../Engine/Content/Internationalization/icudt64l/lang/shi_Latn.res" 1314
"../../../Engine/Content/Internationalization/icudt64l/lang/shi_MA.res" 1315
"../../../Engine/Content/Internationalization/icudt64l/lang/shi_Tfng_MA.res" 1316
"../../../Engine/Content/Internationalization/icudt64l/lang/shi_Tfng.res" 1317
"../../../Engine/Content/Internationalization/icudt64l/region/shi_MA.res" 1318
"../../../Engine/Content/Internationalization/icudt64l/region/shi_Tfng_MA.res" 1319
"../../../Engine/Content/Internationalization/icudt64l/region/shi_Tfng.res" 1320
"../../../Engine/Content/Internationalization/icudt64l/region/shi.res" 1321
"../../../Engine/Content/Internationalization/icudt64l/region/shi_Latn.res" 1322
"../../../Engine/Content/Internationalization/icudt64l/lang/si.res" 1323
"../../../Engine/Content/Internationalization/icudt64l/region/si.res" 1324
"../../../Engine/Content/Internationalization/icudt64l/lang/sk.res" 1325
"../../../Engine/Content/Internationalization/icudt64l/region/sk.res" 1326
"../../../Engine/Content/Internationalization/icudt64l/lang/sl.res" 1327
"../../../Engine/Content/Internationalization/icudt64l/region/sl.res" 1328
"../../../Engine/Content/Internationalization/icudt64l/lang/smn.res" 1329
"../../../Engine/Content/Internationalization/icudt64l/region/smn.res" 1330
"../../../Engine/Content/Internationalization/icudt64l/lang/sn.res" 1331
"../../../Engine/Content/Internationalization/icudt64l/region/sn.res" 1332
"../../../Engine/Content/Internationalization/icudt64l/lang/so.res" 1333
"../../../Engine/Content/Internationalization/icudt64l/region/so.res" 1334
"../../../Engine/Content/Internationalization/icudt64l/lang/sq.res" 1335
"../../../Engine/Content/Internationalization/icudt64l/region/sq.res" 1336
"../../../Engine/Content/Internationalization/icudt64l/lang/sr.res" 1337
"../../../Engine/Content/Internationalization/icudt64l/lang/sr_Cyrl.res" 1338
"../../../Engine/Content/Internationalization/icudt64l/lang/sr_BA.res" 1339
"../../../Engine/Content/Internationalization/icudt64l/lang/sr_Cyrl_BA.res" 1340
"../../../Engine/Content/Internationalization/icudt64l/region/sr_BA.res" 1341
"../../../Engine/Content/Internationalization/icudt64l/region/sr_Cyrl_BA.res" 1342
"../../../Engine/Content/Internationalization/icudt64l/region/sr_Cyrl.res" 1343
"../../../Engine/Content/Internationalization/icudt64l/region/sr.res" 1344
"../../../Engine/Content/Internationalization/icudt64l/lang/sr_ME.res" 1345
"../../../Engine/Content/Internationalization/icudt64l/lang/sr_Latn_ME.res" 1346
"../../../Engine/Content/Internationalization/icudt64l/lang/sr_Latn.res" 1347
"../../../Engine/Content/Internationalization/icudt64l/region/sr_ME.res" 1348
"../../../Engine/Content/Internationalization/icudt64l/region/sr_Latn_ME.res" 1349
"../../../Engine/Content/Internationalization/icudt64l/region/sr_Latn.res" 1350
"../../../Engine/Content/Internationalization/icudt64l/lang/sr_Cyrl_ME.res" 1351
"../../../Engine/Content/Internationalization/icudt64l/region/sr_Cyrl_ME.res" 1352
"../../../Engine/Content/Internationalization/icudt64l/lang/sr_RS.res" 1353
"../../../Engine/Content/Internationalization/icudt64l/lang/sr_Cyrl_RS.res" 1354
"../../../Engine/Content/Internationalization/icudt64l/region/sr_RS.res" 1355
"../../../Engine/Content/Internationalization/icudt64l/region/sr_Cyrl_RS.res" 1356
"../../../Engine/Content/Internationalization/icudt64l/lang/sr_XK.res" 1357
"../../../Engine/Content/Internationalization/icudt64l/lang/sr_Cyrl_XK.res" 1358
"../../../Engine/Content/Internationalization/icudt64l/region/sr_XK.res" 1359
"../../../Engine/Content/Internationalization/icudt64l/region/sr_Cyrl_XK.res" 1360
"../../../Engine/Content/Internationalization/icudt64l/lang/sr_Latn_BA.res" 1361
"../../../Engine/Content/Internationalization/icudt64l/region/sr_Latn_BA.res" 1362
"../../../Engine/Content/Internationalization/icudt64l/lang/sr_Latn_RS.res" 1363
"../../../Engine/Content/Internationalization/icudt64l/region/sr_Latn_RS.res" 1364
"../../../Engine/Content/Internationalization/icudt64l/lang/sr_Latn_XK.res" 1365
"../../../Engine/Content/Internationalization/icudt64l/region/sr_Latn_XK.res" 1366
"../../../Engine/Content/Internationalization/icudt64l/lang/sv.res" 1367
"../../../Engine/Content/Internationalization/icudt64l/region/sv.res" 1368
"../../../Engine/Content/Internationalization/icudt64l/lang/sv_FI.res" 1369
"../../../Engine/Content/Internationalization/icudt64l/lang/sw.res" 1370
"../../../Engine/Content/Internationalization/icudt64l/lang/sw_CD.res" 1371
"../../../Engine/Content/Internationalization/icudt64l/region/sw_CD.res" 1372
"../../../Engine/Content/Internationalization/icudt64l/region/sw.res" 1373
"../../../Engine/Content/Internationalization/icudt64l/lang/sw_KE.res" 1374
"../../../Engine/Content/Internationalization/icudt64l/region/sw_KE.res" 1375
"../../../Engine/Content/Internationalization/icudt64l/lang/ta.res" 1376
"../../../Engine/Content/Internationalization/icudt64l/region/ta.res" 1377
"../../../Engine/Content/Internationalization/icudt64l/lang/te.res" 1378
"../../../Engine/Content/Internationalization/icudt64l/region/te.res" 1379
"../../../Engine/Content/Internationalization/icudt64l/lang/teo.res" 1380
"../../../Engine/Content/Internationalization/icudt64l/region/teo.res" 1381
"../../../Engine/Content/Internationalization/icudt64l/lang/tg.res" 1382
"../../../Engine/Content/Internationalization/icudt64l/region/tg.res" 1383
"../../../Engine/Content/Internationalization/icudt64l/lang/th.res" 1384
"../../../Engine/Content/Internationalization/icudt64l/lang/th_TH.res" 1385
"../../../Engine/Content/Internationalization/icudt64l/region/th_TH.res" 1386
"../../../Engine/Content/Internationalization/icudt64l/region/th.res" 1387
"../../../Engine/Content/Internationalization/icudt64l/lang/ti.res" 1388
"../../../Engine/Content/Internationalization/icudt64l/region/ti.res" 1389
"../../../Engine/Content/Internationalization/icudt64l/lang/tk.res" 1390
"../../../Engine/Content/Internationalization/icudt64l/region/tk.res" 1391
"../../../Engine/Content/Internationalization/icudt64l/lang/to.res" 1392
"../../../Engine/Content/Internationalization/icudt64l/region/to.res" 1393
"../../../Engine/Content/Internationalization/icudt64l/lang/tr.res" 1394
"../../../Engine/Content/Internationalization/icudt64l/region/tr.res" 1395
"../../../Engine/Content/Internationalization/icudt64l/lang/tt.res" 1396
"../../../Engine/Content/Internationalization/icudt64l/region/tt.res" 1397
"../../../Engine/Content/Internationalization/icudt64l/lang/twq.res" 1398
"../../../Engine/Content/Internationalization/icudt64l/region/twq.res" 1399
"../../../Engine/Content/Internationalization/icudt64l/lang/tzm.res" 1400
"../../../Engine/Content/Internationalization/icudt64l/region/tzm.res" 1401
"../../../Engine/Content/Internationalization/icudt64l/lang/ug.res" 1402
"../../../Engine/Content/Internationalization/icudt64l/region/ug.res" 1403
"../../../Engine/Content/Internationalization/icudt64l/lang/uk.res" 1404
"../../../Engine/Content/Internationalization/icudt64l/region/uk.res" 1405
"../../../Engine/Content/Internationalization/icudt64l/lang/ur.res" 1406
"../../../Engine/Content/Internationalization/icudt64l/lang/ur_IN.res" 1407
"../../../Engine/Content/Internationalization/icudt64l/region/ur_IN.res" 1408
"../../../Engine/Content/Internationalization/icudt64l/region/ur.res" 1409
"../../../Engine/Content/Internationalization/icudt64l/lang/uz.res" 1410
"../../../Engine/Content/Internationalization/icudt64l/lang/uz_Arab.res" 1411
"../../../Engine/Content/Internationalization/icudt64l/lang/uz_AF.res" 1412
"../../../Engine/Content/Internationalization/icudt64l/lang/uz_Arab_AF.res" 1413
"../../../Engine/Content/Internationalization/icudt64l/region/uz_AF.res" 1414
"../../../Engine/Content/Internationalization/icudt64l/region/uz_Arab_AF.res" 1415
"../../../Engine/Content/Internationalization/icudt64l/region/uz_Arab.res" 1416
"../../../Engine/Content/Internationalization/icudt64l/lang/uz_Cyrl.res" 1417
"../../../Engine/Content/Internationalization/icudt64l/lang/uz_UZ.res" 1418
"../../../Engine/Content/Internationalization/icudt64l/lang/uz_Latn_UZ.res" 1419
"../../../Engine/Content/Internationalization/icudt64l/lang/uz_Latn.res" 1420
"../../../Engine/Content/Internationalization/icudt64l/region/uz_UZ.res" 1421
"../../../Engine/Content/Internationalization/icudt64l/region/uz_Latn_UZ.res" 1422
"../../../Engine/Content/Internationalization/icudt64l/region/uz_Latn.res" 1423
"../../../Engine/Content/Internationalization/icudt64l/region/uz.res" 1424
"../../../Engine/Content/Internationalization/icudt64l/region/uz_Cyrl.res" 1425
"../../../Engine/Content/Internationalization/icudt64l/lang/vai.res" 1426
"../../../Engine/Content/Internationalization/icudt64l/lang/vai_Latn.res" 1427
"../../../Engine/Content/Internationalization/icudt64l/lang/vai_LR.res" 1428
"../../../Engine/Content/Internationalization/icudt64l/lang/vai_Vaii_LR.res" 1429
"../../../Engine/Content/Internationalization/icudt64l/lang/vai_Vaii.res" 1430
"../../../Engine/Content/Internationalization/icudt64l/region/vai_LR.res" 1431
"../../../Engine/Content/Internationalization/icudt64l/region/vai_Vaii_LR.res" 1432
"../../../Engine/Content/Internationalization/icudt64l/region/vai_Vaii.res" 1433
"../../../Engine/Content/Internationalization/icudt64l/region/vai.res" 1434
"../../../Engine/Content/Internationalization/icudt64l/region/vai_Latn.res" 1435
"../../../Engine/Content/Internationalization/icudt64l/lang/vi.res" 1436
"../../../Engine/Content/Internationalization/icudt64l/region/vi.res" 1437
"../../../Engine/Content/Internationalization/icudt64l/lang/vun.res" 1438
"../../../Engine/Content/Internationalization/icudt64l/region/vun.res" 1439
"../../../Engine/Content/Internationalization/icudt64l/lang/wae.res" 1440
"../../../Engine/Content/Internationalization/icudt64l/region/wae.res" 1441
"../../../Engine/Content/Internationalization/icudt64l/lang/wo.res" 1442
"../../../Engine/Content/Internationalization/icudt64l/region/wo.res" 1443
"../../../Engine/Content/Internationalization/icudt64l/lang/xh.res" 1444
"../../../Engine/Content/Internationalization/icudt64l/region/xh.res" 1445
"../../../Engine/Content/Internationalization/icudt64l/lang/xog.res" 1446
"../../../Engine/Content/Internationalization/icudt64l/region/xog.res" 1447
"../../../Engine/Content/Internationalization/icudt64l/lang/yav.res" 1448
"../../../Engine/Content/Internationalization/icudt64l/region/yav.res" 1449
"../../../Engine/Content/Internationalization/icudt64l/lang/yi.res" 1450
"../../../Engine/Content/Internationalization/icudt64l/region/yi.res" 1451
"../../../Engine/Content/Internationalization/icudt64l/lang/yo.res" 1452
"../../../Engine/Content/Internationalization/icudt64l/lang/yo_BJ.res" 1453
"../../../Engine/Content/Internationalization/icudt64l/region/yo_BJ.res" 1454
"../../../Engine/Content/Internationalization/icudt64l/region/yo.res" 1455
"../../../Engine/Content/Internationalization/icudt64l/lang/yue.res" 1456
"../../../Engine/Content/Internationalization/icudt64l/lang/yue_Hans.res" 1457
"../../../Engine/Content/Internationalization/icudt64l/lang/yue_CN.res" 1458
"../../../Engine/Content/Internationalization/icudt64l/lang/yue_Hans_CN.res" 1459
"../../../Engine/Content/Internationalization/icudt64l/region/yue_CN.res" 1460
"../../../Engine/Content/Internationalization/icudt64l/region/yue_Hans_CN.res" 1461
"../../../Engine/Content/Internationalization/icudt64l/region/yue_Hans.res" 1462
"../../../Engine/Content/Internationalization/icudt64l/lang/yue_Hant.res" 1463
"../../../Engine/Content/Internationalization/icudt64l/lang/yue_HK.res" 1464
"../../../Engine/Content/Internationalization/icudt64l/lang/yue_Hant_HK.res" 1465
"../../../Engine/Content/Internationalization/icudt64l/region/yue_HK.res" 1466
"../../../Engine/Content/Internationalization/icudt64l/region/yue_Hant_HK.res" 1467
"../../../Engine/Content/Internationalization/icudt64l/region/yue_Hant.res" 1468
"../../../Engine/Content/Internationalization/icudt64l/region/yue.res" 1469
"../../../Engine/Content/Internationalization/icudt64l/lang/zgh.res" 1470
"../../../Engine/Content/Internationalization/icudt64l/region/zgh.res" 1471
"../../../Engine/Content/Internationalization/icudt64l/lang/zh.res" 1472
"../../../Engine/Content/Internationalization/icudt64l/lang/zh_Hans.res" 1473
"../../../Engine/Content/Internationalization/icudt64l/lang/zh_CN.res" 1474
"../../../Engine/Content/Internationalization/icudt64l/lang/zh_Hans_CN.res" 1475
"../../../Engine/Content/Internationalization/icudt64l/region/zh_CN.res" 1476
"../../../Engine/Content/Internationalization/icudt64l/region/zh_Hans_CN.res" 1477
"../../../Engine/Content/Internationalization/icudt64l/region/zh_Hans.res" 1478
"../../../Engine/Content/Internationalization/icudt64l/region/zh.res" 1479
"../../../Engine/Content/Internationalization/icudt64l/lang/zh_HK.res" 1480
"../../../Engine/Content/Internationalization/icudt64l/lang/zh_Hant_HK.res" 1481
"../../../Engine/Content/Internationalization/icudt64l/lang/zh_Hant.res" 1482
"../../../Engine/Content/Internationalization/icudt64l/region/zh_HK.res" 1483
"../../../Engine/Content/Internationalization/icudt64l/region/zh_Hant_HK.res" 1484
"../../../Engine/Content/Internationalization/icudt64l/region/zh_Hant.res" 1485
"../../../Engine/Content/Internationalization/icudt64l/lang/zh_MO.res" 1486
"../../../Engine/Content/Internationalization/icudt64l/lang/zh_Hant_MO.res" 1487
"../../../Engine/Content/Internationalization/icudt64l/region/zh_MO.res" 1488
"../../../Engine/Content/Internationalization/icudt64l/region/zh_Hant_MO.res" 1489
"../../../Engine/Content/Internationalization/icudt64l/lang/zh_SG.res" 1490
"../../../Engine/Content/Internationalization/icudt64l/lang/zh_Hans_SG.res" 1491
"../../../Engine/Content/Internationalization/icudt64l/region/zh_SG.res" 1492
"../../../Engine/Content/Internationalization/icudt64l/region/zh_Hans_SG.res" 1493
"../../../Engine/Content/Internationalization/icudt64l/lang/zh_TW.res" 1494
"../../../Engine/Content/Internationalization/icudt64l/lang/zh_Hant_TW.res" 1495
"../../../Engine/Content/Internationalization/icudt64l/region/zh_TW.res" 1496
"../../../Engine/Content/Internationalization/icudt64l/region/zh_Hant_TW.res" 1497
"../../../Engine/Content/Internationalization/icudt64l/lang/zu.res" 1498
"../../../Engine/Content/Internationalization/icudt64l/region/zu.res" 1499
"../../../Engine/Content/Internationalization/icudt64l/lang/no.res" 1500
"../../../Engine/Content/Internationalization/icudt64l/lang/tl.res" 1501
"../../../Engine/Plugins/FX/Niagara/Shaders/Private/NiagaraSpriteVertexFactory.ush" 1502
"../../../Engine/Shaders/Private/VertexFactoryCommon.ush" 1503
"../../../Engine/Shaders/Private/Common.ush" 1504
"../../../Engine/Shaders/Public/Platform.ush" 1505
"../../../Engine/Shaders/Public/FP16Math.ush" 1506
"../../../Engine/Shaders/Public/Platform/D3D/D3DCommon.ush" 1507
"../../../Engine/Shaders/Public/ShaderVersion.ush" 1508
"../../../Engine/Shaders/Private/CommonViewUniformBuffer.ush" 1509
"../../../Engine/Shaders/Private/InstancedStereo.ush" 1510
"../../../Engine/Shaders/Private/Definitions.usf" 1511
"../../../Engine/Shaders/Private/FastMath.ush" 1512
"../../../Engine/Shaders/Private/Random.ush" 1513
"../../../Engine/Shaders/Private/ParticleVertexFactoryCommon.ush" 1514
"../../../Engine/Plugins/FX/Niagara/Shaders/Private/NiagaraVFParticleAccess.usf" 1515
"../../../Engine/Plugins/FX/Niagara/Shaders/Private/NiagaraRibbonVertexFactory.ush" 1516
"../../../Engine/Plugins/FX/Niagara/Shaders/Private/NiagaraMeshVertexFactory.ush" 1517
"../../../Engine/Plugins/FX/Niagara/Shaders/Private/NiagaraCommon.ush" 1518
"../../../Engine/Shaders/Private/RayTracing/RayTracingCommon.ush" 1519
"../../../Engine/Shaders/Private/ShadingCommon.ush" 1520
"../../../Engine/Shaders/Shared/RayTracingDefinitions.h" 1521
"../../../Engine/Shaders/Private/RayTracing/RayTracingHitGroupCommon.ush" 1522
"../../../Engine/Shaders/Shared/RayTracingBuiltInResources.h" 1523
"../../../Engine/Shaders/Private/VectorFieldVisualizationVertexFactory.ush" 1524
"../../../Engine/Shaders/Private/ParticleSpriteVertexFactory.ush" 1525
"../../../Engine/Shaders/Private/ParticleGPUSpriteVertexFactory.ush" 1526
"../../../Engine/Shaders/Private/ParticleBeamTrailVertexFactory.ush" 1527
"../../../Engine/Shaders/Private/MeshParticleVertexFactory.ush" 1528
"../../../Engine/Shaders/Private/LocalVertexFactory.ush" 1529
"../../../Engine/Shaders/Private/LocalVertexFactoryCommon.ush" 1530
"../../../Engine/Shaders/Private/LightmapData.ush" 1531
"../../../Engine/Shaders/Private/GpuSkinCommon.ush" 1532
"../../../Engine/Shaders/Private/GpuSkinVertexFactory.ush" 1533
"../../../Engine/Shaders/Private/GeometryCacheVertexFactory.ush" 1534
"../../../Engine/Shaders/Private/LandscapeVertexFactory.ush" 1535
"../../../Engine/Plugins/FX/Niagara/Shaders/Private/NiagaraSortKeyGen.usf" 1536
"../../../Engine/Plugins/FX/Niagara/Shaders/Private/NiagaraGPURayTracingTransforms.usf" 1537
"../../../Engine/Plugins/FX/Niagara/Shaders/Private/NiagaraDrawIndirectArgsGen.usf" 1538
"../../../Engine/Plugins/FX/Niagara/Shaders/Private/NiagaraFillIntBuffer.usf" 1539
"../../../Engine/Plugins/FX/Niagara/Shaders/Private/NiagaraComputeFreeIDs.usf" 1540
"../../../Engine/Plugins/FX/Niagara/Shaders/Private/NiagaraInitFreeIDBuffer.usf" 1541
"../../../Engine/Plugins/FX/Niagara/Shaders/Private/NiagaraEmitterInstanceShader.usf" 1542
"../../../Engine/Plugins/FX/Niagara/Shaders/Private/NiagaraShaderVersion.ush" 1543
"../../../Engine/Shaders/Private/GlobalDistanceFieldShared.ush" 1544
"../../../Engine/Shaders/Private/SceneTexturesCommon.ush" 1545
"../../../Engine/Plugins/FX/Niagara/Shaders/Private/NiagaraPhysicsCommon.ush" 1546
"../../../Engine/Plugins/FX/Niagara/Shaders/Private/NiagaraDebugDraw.usf" 1547
"../../../Engine/Plugins/FX/Niagara/Shaders/Private/NiagaraDebugDraw.ush" 1548
"../../../Engine/Plugins/FX/Niagara/Shaders/Private/NiagaraVisualizeTexture.usf" 1549
"../../../Engine/Plugins/FX/Niagara/Shaders/Private/NiagaraBatchedElements.usf" 1550
"../../../Engine/Shaders/Private/GammaCorrectionCommon.ush" 1551
"../../../Engine/Plugins/Media/WmfMedia/Shaders/Private/MediaHardwareVideoDecoding.usf" 1552
"../../../Engine/Shaders/Private/ColorUtils.ush" 1553
"../../../Engine/Plugins/Media/ImgMedia/Shaders/Private/ExrSwizzler.usf" 1554
"../../../Engine/Shaders/Private/SlateElementPixelShader.usf" 1555
"../../../Engine/Shaders/Private/SlateShaderCommon.ush" 1556
"../../../Engine/Shaders/Private/MaterialTemplate.ush" 1557
"../../../Engine/Shaders/Private/EyeAdaptationCommon.ush" 1558
"../../../Engine/Shaders/Private/SobolRandom.ush" 1559
"../../../Engine/Shaders/Private/MonteCarlo.ush" 1560
"../../../Engine/Shaders/Private/DepthOfFieldCommon.ush" 1561
"../../../Engine/Shaders/Private/CircleDOFCommon.ush" 1562
"../../../Engine/Shaders/Private/PhysicsFieldSampler.ush" 1563
"../../../Engine/Shaders/Private/PhysicsFieldShared.ush" 1564
"../../../Engine/Shaders/Private/SceneData.ush" 1565
"../../../Engine/Shaders/Private/HairShadingCommon.ush" 1566
"../../../Engine/Shaders/Private/HairStrands/HairCardsAttributeCommon.ush" 1567
"../../../Engine/Shaders/Private/HairStrands/HairStrandsVertexFactoryCommon.ush" 1568
"../../../Engine/Shaders/Private/HairStrands/HairStrandsAttributeCommon.ush" 1569
"../../../Engine/Shaders/Private/SpeedTreeCommon.ush" 1570
"../../../Engine/Shaders/Private/VirtualTextureCommon.ush" 1571
"../../../Engine/Shaders/Private/MinMaterialTexCoords.ush" 1572
"../../../Engine/Shaders/Private/AtmosphereCommon.ush" 1573
"../../../Engine/Shaders/Private/SkyAtmosphereCommon.ush" 1574
"../../../Engine/Shaders/Private/SingleLayerWaterCommon.ush" 1575
"../../../Engine/Shaders/Private/PaniniProjection.ush" 1576
"../../../Engine/Shaders/Private/DeferredShadingCommon.ush" 1577
"../../../Engine/Shaders/Private/LightAccumulator.ush" 1578
"../../../Engine/Shaders/Private/CompositeUIPixelShader.usf" 1579
"../../../Engine/Shaders/Private/TonemapCommon.ush" 1580
"../../../Engine/Shaders/Private/ACES.ush" 1581
"../../../Engine/Shaders/Private/SlateMaskingShader.usf" 1582
"../../../Engine/Shaders/Private/SlatePostProcessColorDeficiencyPixelShader.usf" 1583
"../../../Engine/Shaders/Private/ColorSpace.ush" 1584
"../../../Engine/Shaders/Private/SlatePostProcessPixelShader.usf" 1585
"../../../Engine/Shaders/Private/SlateVertexShader.usf" 1586
"../../../Engine/Shaders/Private/TranslucentLightingShaders.usf" 1587
"../../../Engine/Shaders/Private/SHCommon.ush" 1588
"../../../Engine/Shaders/Private/ShadowProjectionCommon.ush" 1589
"../../../Engine/Shaders/Private/CubemapCommon.ush" 1590
"../../../Engine/Shaders/Private/VectorFieldCompositeShaders.usf" 1591
"../../../Engine/Shaders/Private/UpdateTextureShaders.usf" 1592
"../../../Engine/Shaders/Private/StereoLayerShader.usf" 1593
"../../../Engine/Shaders/Private/MorphTargets.usf" 1594
"../../../Engine/Shaders/Private/SimpleElementColorChannelMaskPixelShader.usf" 1595
"../../../Engine/Shaders/Private/SimpleElementHitProxyPixelShader.usf" 1596
"../../../Engine/Shaders/Private/SimpleElementPixelShader.usf" 1597
"../../../Engine/Shaders/Private/IESLightProfilesCommon.ush" 1598
"../../../Engine/Shaders/Private/SimpleElementVertexShader.usf" 1599
"../../../Engine/Shaders/Private/ScreenPixelShaderOES.usf" 1600
"../../../Engine/Shaders/Private/ScreenVertexShader.usf" 1601
"../../../Engine/Shaders/Private/ScreenPixelShader.usf" 1602
"../../../Engine/Shaders/Private/VolumetricLightmapStreaming.usf" 1603
"../../../Engine/Shaders/Private/PhysicsFieldReset.usf" 1604
"../../../Engine/Shaders/Private/PhysicsFieldBuilder.usf" 1605
"../../../Engine/Shaders/Private/ParticleSortKeyGen.usf" 1606
"../../../Engine/Shaders/Private/ParticleBoundsShader.usf" 1607
"../../../Engine/Shaders/Private/ParticleSimVisualizeShader.usf" 1608
"../../../Engine/Shaders/Private/ParticleInjectionShader.usf" 1609
"../../../Engine/Shaders/Private/ParticleSimulationShader.usf" 1610
"../../../Engine/Shaders/Private/ParticleCurveInjectionShader.usf" 1611
"../../../Engine/Shaders/Private/CopyUIntBuffer.usf" 1612
"../../../Engine/Shaders/Private/RadixSortShaders.usf" 1613
"../../../Engine/Shaders/Private/RecomputeTangentsPerVertexPass.usf" 1614
"../../../Engine/Shaders/Private/RecomputeTangentsCommon.ush" 1615
"../../../Engine/Shaders/Private/RecomputeTangentsPerTrianglePass.usf" 1616
"../../../Engine/Shaders/Private/GpuSkinCacheComputeShader.usf" 1617
"../../../Engine/Shaders/Private/DistanceFieldDownsampling.usf" 1618
"../../../Engine/Shaders/Private/HeightFieldAtlasManagement.usf" 1619
"../../../Engine/Shaders/Private/LandscapePhysicalMaterial.usf" 1620
"../../../Engine/Shaders/Private/LandscapeGrassWeight.usf" 1621
"../../../Engine/Shaders/Private/LandscapeLayersCS.usf" 1622
"../../../Engine/Shaders/Private/LandscapeLayersPS.usf" 1623
"../../../Engine/Shaders/Private/LandscapeLayersVS.usf" 1624
"../../../Engine/Shaders/Private/WideCustomResolveShaders.usf" 1625
"../../../Engine/Shaders/Private/WideCustomResolve_Wide.ush" 1626
"../../../Engine/Shaders/Private/WideCustomResolve_Wider.ush" 1627
"../../../Engine/Shaders/Private/WideCustomResolve_Widest.ush" 1628
"../../../Engine/Shaders/Private/PageTableUpdate.usf" 1629
"../../../Engine/Shaders/Private/VirtualTextureCompress.usf" 1630
"../../../Engine/Shaders/Private/BCCompressionCommon.ush" 1631
"../../../Engine/Shaders/Private/ETCCompressionCommon.ush" 1632
"../../../Engine/Shaders/Private/VirtualTextureMaterial.usf" 1633
"../../../Engine/Shaders/Private/PixelShaderOutputCommon.ush" 1634
"../../../Engine/Shaders/Private/VolumetricRenderTarget.usf" 1635
"../../../Engine/Shaders/Private/SceneTextureParameters.ush" 1636
"../../../Engine/Shaders/Private/VolumetricFogVoxelization.usf" 1637
"../../../Engine/Shaders/Private/VolumetricCloudMaterialPixelCommon.ush" 1638
"../../../Engine/Shaders/Private/VolumetricFogLightFunction.usf" 1639
"../../../Engine/Shaders/Private/LightFunctionCommon.ush" 1640
"../../../Engine/Shaders/Private/VolumetricFog.usf" 1641
"../../../Engine/Shaders/Private/DeferredLightingCommon.ush" 1642
"../../../Engine/Shaders/Private/DynamicLightingCommon.ush" 1643
"../../../Engine/Shaders/Private/CapsuleLightIntegrate.ush" 1644
"../../../Engine/Shaders/Private/ShadingModels.ush" 1645
"../../../Engine/Shaders/Private/BRDF.ush" 1646
"../../../Engine/Shaders/Private/CapsuleLight.ush" 1647
"../../../Engine/Shaders/Private/RectLight.ush" 1648
"../../../Engine/Shaders/Private/TransmissionCommon.ush" 1649
"../../../Engine/Shaders/Private/SubsurfaceProfileCommon.ush" 1650
"../../../Engine/Shaders/Private/BurleyNormalizedSSSCommon.ush" 1651
"../../../Engine/Shaders/Private/HairBsdf.ush" 1652
"../../../Engine/Shaders/Private/CapsuleLightSampling.ush" 1653
"../../../Engine/Shaders/Private/RectLightIntegrate.ush" 1654
"../../../Engine/Shaders/Private/LightGridCommon.ush" 1655
"../../../Engine/Shaders/Private/HeightFogCommon.ush" 1656
"../../../Engine/Shaders/Private/DistanceFieldAOShared.ush" 1657
"../../../Engine/Shaders/Private/VolumeLightingCommon.ush" 1658
"../../../Engine/Shaders/Private/ShadowFilteringCommon.ush" 1659
"../../../Engine/Shaders/Private/PixelQuadMessagePassing.ush" 1660
"../../../Engine/Shaders/Private/VolumeLightingCommonSampling.ush" 1661
"../../../Engine/Shaders/Private/VolumetricLightmapShared.ush" 1662
"../../../Engine/Shaders/Private/ForwardShadowingCommon.ush" 1663
"../../../Engine/Shaders/Private/ParticipatingMediaCommon.ush" 1664
"../../../Engine/Shaders/Private/VolumetricCloudCommon.ush" 1665
"../../../Engine/Shaders/Private/VolumetricCloud.usf" 1666
"../../../Engine/Shaders/Private/ReflectionEnvironmentShared.ush" 1667
"../../../Engine/Shaders/Private/ShaderDrawDebug.ush" 1668
"../../../Engine/Shaders/Private/VisualizeVolumetricLightmap.usf" 1669
"../../../Engine/Shaders/Private/ViewMode/LODColorationPixelShader.usf" 1670
"../../../Engine/Shaders/Private/DebugViewModeCommon.ush" 1671
"../../../Engine/Shaders/Private/VelocityShader.usf" 1672
"../../../Engine/Shaders/Private/VelocityCommon.ush" 1673
"../../../Engine/Shaders/Private/Tessellation.ush" 1674
"../../../Engine/Shaders/Private/FlatTessellation.ush" 1675
"../../../Engine/Shaders/Private/PNTriangles.ush" 1676
"../../../Engine/Shaders/Private/VariableRateShading.usf" 1677
"../../../Engine/Shaders/Private/TranslucencyUpsampling.usf" 1678
"../../../Engine/Shaders/Private/SeparateTranslucency.ush" 1679
"../../../Engine/Shaders/Private/TranslucentLightInjectionShaders.usf" 1680
"../../../Engine/Shaders/Private/TranslucentShadowDepthShaders.usf" 1681
"../../../Engine/Shaders/Private/ShadowDepthCommon.ush" 1682
"../../../Engine/Shaders/Private/TiledDeferredLightShaders.usf" 1683
"../../../Engine/Shaders/Private/RayTracing/RayTracingTest.usf" 1684
"../../../Engine/Shaders/Private/SkyAtmosphere.usf" 1685
"../../../Engine/Shaders/Private/MiniFontCommon.ush" 1686
"../../../Engine/Shaders/Private/SingleLayerWaterComposite.usf" 1687
"../../../Engine/Shaders/Private/ReflectionEnvironmentComposite.ush" 1688
"../../../Engine/Shaders/Private/ShadowProjectionPixelShader.usf" 1689
"../../../Engine/Shaders/Private/ShadowPercentageCloserFiltering.ush" 1690
"../../../Engine/Shaders/Private/TransmissionThickness.ush" 1691
"../../../Engine/Shaders/Private/HairStrands/HairStrandsVisibilityCommon.ush" 1692
"../../../Engine/Shaders/Private/HairStrands/HairStrandsVisibilityCommonStruct.ush" 1693
"../../../Engine/Shaders/Private/ShadowProjectionVertexShader.usf" 1694
"../../../Engine/Shaders/Private/CopyShadowMaps.usf" 1695
"../../../Engine/Shaders/Private/ShadowDepthPixelShader.usf" 1696
"../../../Engine/Shaders/Private/LPVListEntry.ush" 1697
"../../../Engine/Shaders/Private/LPVWriteVplCommon.ush" 1698
"../../../Engine/Shaders/Private/LPVWriteCommon.ush" 1699
"../../../Engine/Shaders/Private/LPVCommon.ush" 1700
"../../../Engine/Shaders/Private/ShadowDepthVertexShader.usf" 1701
"../../../Engine/Shaders/Private/ShaderPrintDraw.usf" 1702
"../../../Engine/Shaders/Private/ShaderPrintCommon.ush" 1703
"../../../Engine/Shaders/Private/ShaderComplexityAccumulatePixelShader.usf" 1704
"../../../Engine/Shaders/Private/QuadOverdraw.ush" 1705
"../../../Engine/Shaders/Private/SSRT/SSRTDiffuseIndirect.usf" 1706
"../../../Engine/Shaders/Private/SSRT/SSRTRayCast.ush" 1707
"../../../Engine/Shaders/Private/SSRT/SSRTTileClassificationBuffer.ush" 1708
"../../../Engine/Shaders/Private/SSRT/SSRTReflections.usf" 1709
"../../../Engine/Shaders/Private/ScreenSpaceDenoise/SSDPublic.ush" 1710
"../../../Engine/Shaders/Private/SSRT/SSRTTileClassification.usf" 1711
"../../../Engine/Shaders/Private/SSRT/SSRTPrevFrameReduction.usf" 1712
"../../../Engine/Shaders/Private/ScreenSpaceDenoise/SSDComposeHarmonics.usf" 1713
"../../../Engine/Shaders/Private/ScreenSpaceDenoise/SSDDefinitions.ush" 1714
"../../../Engine/Shaders/Private/ScreenSpaceDenoise/SSDPublicHarmonics.ush" 1715
"../../../Engine/Shaders/Private/LightShaderParameters.ush" 1716
"../../../Engine/Shaders/Private/ScreenSpaceDenoise/SSDSignalFramework.ush" 1717
"../../../Engine/Shaders/Private/ScreenSpaceDenoise/SSDCommon.ush" 1718
"../../../Engine/Shaders/Private/SphericalGaussian.ush" 1719
"../../../Engine/Shaders/Public/WaveBroadcastIntrinsics.ush" 1720
"../../../Engine/Shaders/Private/ScreenSpaceDenoise/SSDMetadata.ush" 1721
"../../../Engine/Shaders/Private/ScreenSpaceDenoise/SSDSignalCore.ush" 1722
"../../../Engine/Shaders/Private/QuasiRandom.ush" 1723
"../../../Engine/Shaders/Private/BlueNoise.ush" 1724
"../../../Engine/Shaders/Private/Halton.ush" 1725
"../../../Engine/Shaders/Private/MortonCode.ush" 1726
"../../../Engine/Shaders/Private/ScreenSpaceDenoise/SSDSignalArray.ush" 1727
"../../../Engine/Shaders/Private/ScreenSpaceDenoise/SSDSignalBufferEncoding.ush" 1728
"../../../Engine/Shaders/Private/ScreenSpaceDenoise/SSDPublicBufferEncoding.ush" 1729
"../../../Engine/Shaders/Private/ScreenSpaceDenoise/SSDTemporalAccumulation.usf" 1730
"../../../Engine/Shaders/Private/ScreenSpaceDenoise/SSDSpatialKernel.ush" 1731
"../../../Engine/Shaders/Private/ScreenSpaceDenoise/SSDSignalAccumulatorArray.ush" 1732
"../../../Engine/Shaders/Private/ScreenSpaceDenoise/SSDSignalAccumulator.ush" 1733
"../../../Engine/Shaders/Private/ScreenSpaceDenoise/SSDSignalCompression.ush" 1734
"../../../Engine/Shaders/Private/TextureSampling.ush" 1735
"../../../Engine/Shaders/Private/ScreenSpaceDenoise/SSDSpatialAccumulation.usf" 1736
"../../../Engine/Shaders/Private/ScreenSpaceDenoise/SSDInjest.usf" 1737
"../../../Engine/Shaders/Private/ScreenSpaceDenoise/SSDCompressMetadata.usf" 1738
"../../../Engine/Shaders/Private/DownsampleDepthPixelShader.usf" 1739
"../../../Engine/Shaders/Private/ScreenPass.usf" 1740
"../../../Engine/Shaders/Private/HZB.usf" 1741
"../../../Engine/Shaders/Private/ReductionCommon.ush" 1742
"../../../Engine/Shaders/Private/HZBOcclusion.usf" 1743
"../../../Engine/Shaders/Private/OcclusionQueryPixelShader.usf" 1744
"../../../Engine/Shaders/Private/OcclusionQueryVertexShader.usf" 1745
"../../../Engine/Shaders/Private/HitProxyPixelShader.usf" 1746
"../../../Engine/Shaders/Private/HitProxyVertexShader.usf" 1747
"../../../Engine/Shaders/Private/ODSCapture.usf" 1748
"../../../Engine/Shaders/Private/SceneCapturePixelShader.usf" 1749
"../../../Engine/Shaders/Private/RequiredTextureResolutionPixelShader.usf" 1750
"../../../Engine/Shaders/Private/RTWriteMaskDecode.usf" 1751
"../../../Engine/Shaders/Private/ReflectionEnvironmentShaders.usf" 1752
"../../../Engine/Shaders/Private/SkyLightingShared.ush" 1753
"../../../Engine/Shaders/Private/RayTracing/VisualizeSkyLightMipTreePS.usf" 1754
"../../../Engine/Shaders/Private/RayTracing/MipTreeCommon.ush" 1755
"../../../Engine/Shaders/Private/RayTracing/CompositeSkyLightPS.usf" 1756
"../../../Engine/Shaders/Private/RayTracing/GenerateSkyLightVisibilityRaysCS.usf" 1757
"../../../Engine/Shaders/Private/RayTracing/RayTracingSkyLightCommon.ush" 1758
"../../../Engine/Shaders/Private/RayTracing/SkyLightVisibilityRaysData.ush" 1759
"../../../Engine/Shaders/Private/PathTracing/Utilities/PathTracingRandomSequence.ush" 1760
"../../../Engine/Shaders/Private/Raytracing/RaytracingSkylightRGS.usf" 1761
"../../../Engine/Shaders/Private/HairStrands/HairStrandsVoxelPageCommonStruct.ush" 1762
"../../../Engine/Shaders/Private/HairStrands/HairStrandsRaytracing.ush" 1763
"../../../Engine/Shaders/Private/HairStrands/HairStrandsVoxelPageCommon.ush" 1764
"../../../Engine/Shaders/Private/HairStrands/HairStrandsVoxelPageTraversal.ush" 1765
"../../../Engine/Shaders/Private/Raytracing/RayTracingSkyLightEvaluation.ush" 1766
"../../../Engine/Shaders/Private/Raytracing/RayTracingDeferredShadingCommon.ush" 1767
"../../../Engine/Shaders/Private/RayTracing/RayTracingOcclusionRGS.usf" 1768
"../../../Engine/Shaders/Private/RayTracing/RayTracingDirectionalLight.ush" 1769
"../../../Engine/Shaders/Private/RayTracing/RayTracingRectLight.ush" 1770
"../../../Engine/Shaders/Private/RayTracing/RayTracingSphereLight.ush" 1771
"../../../Engine/Shaders/Private/RayTracing/RayTracingSpotLight.ush" 1772
"../../../Engine/Shaders/Private/RayTracing/RayTracingDiskLight.ush" 1773
"../../../Engine/Shaders/Private/RayTracing/RayTracingPointLight.ush" 1774
"../../../Engine/Shaders/Private/RayTracing/SplitImaginaryReflectionGBufferCS.usf" 1775
"../../../Engine/Shaders/Private/RayTracing/RayTracingReflectionsCommon.ush" 1776
"../../../Engine/Shaders/Private/RayTracing/RayTracingReflections.usf" 1777
"../../../Engine/Shaders/Private/RayTracing/RayTracingLightingCommon.ush" 1778
"../../../Engine/Shaders/Private/RayTracing/RayTracingLightCullingCommon.ush" 1779
"../../../Engine/Shaders/Private/RayTracing/RayTracingReflectionEnvironment.ush" 1780
"../../../Engine/Shaders/Private/RayTracing/RayTracingPrimaryRays.usf" 1781
"../../../Engine/Shaders/Private/RayTracing/RayTracingMaterialDefaultHitShaders.usf" 1782
"../../../Engine/Shaders/Private/RayTracing/RayTracingMaterialHitShaders.usf" 1783
"../../../Engine/Shaders/Private/LightmapCommon.ush" 1784
"../../../Engine/Shaders/Private/PathTracing/Material/PathTracingFresnel.ush" 1785
"../../../Engine/Shaders/Private/PathTracing/Material/PathTracingThinGlass.ush" 1786
"../../../Engine/Shaders/Private/PathTracing/Material/PathTracingMaterialCommon.ush" 1787
"../../../Engine/Shaders/Private/PathTracing/PathTracingCommon.ush" 1788
"../../../Engine/Shaders/Private/PathTracing/PathTracingDefinitions.ush" 1789
"../../../Engine/Shaders/Private/PathTracing/Material/PathTracingGlossy.ush" 1790
"../../../Engine/Shaders/Private/RayTracing/RayTracingLightingMS.usf" 1791
"../../../Engine/Shaders/Private/RayTracing/GenerateCulledLightListCS.usf" 1792
"../../../Engine/Shaders/Private/RayTracing/RayTracingFinalGatherRGS.usf" 1793
"../../../Engine/Shaders/Private/RayTracing/RayTracingGatherPoints.ush" 1794
"../../../Engine/Shaders/Private/PathTracing/Light/PathTracingLightSampling.ush" 1795
"../../../Engine/Shaders/Private/PathTracing/Light/PathTracingLightCommon.ush" 1796
"../../../Engine/Shaders/Shared/RayTracingTypes.h" 1797
"../../../Engine/Shaders/Shared/PathTracingDefinitions.h" 1798
"../../../Engine/Shaders/Private/PathTracing/Light/PathTracingDirectionalLight.ush" 1799
"../../../Engine/Shaders/Private/PathTracing/Light/PathTracingPointLight.ush" 1800
"../../../Engine/Shaders/Private/PathTracing/Light/PathTracingCapsuleLight.ush" 1801
"../../../Engine/Shaders/Private/PathTracing/Light/PathTracingRectLight.ush" 1802
"../../../Engine/Shaders/Private/PathTracing/Light/PathTracingSkyLight.ush" 1803
"../../../Engine/Shaders/Private/PathTracing/Light/PathTracingSpotLight.ush" 1804
"../../../Engine/Shaders/Private/PathTracing/Material/PathTracingMaterialSampling.ush" 1805
"../../../Engine/Shaders/Private/PathTracing/Material/PathTracingLambert.ush" 1806
"../../../Engine/Shaders/Private/PathTracing/Material/PathTracingRadianceProbe.ush" 1807
"../../../Engine/Shaders/Private/PathTracing/Material/FirstBounceRayGuidingCommon.ush" 1808
"../../../Engine/Shaders/Private/PathTracing/Material/PathTracingSpecularReflection.ush" 1809
"../../../Engine/Shaders/Private/PathTracing/Material/PathTracingSpecularTransmission.ush" 1810
"../../../Engine/Shaders/Private/PathTracing/Material/PathTracingSolidGlass.ush" 1811
"../../../Engine/Shaders/Private/PathTracing/Material/PathTracingDefaultLit.ush" 1812
"../../../Engine/Shaders/Private/PathTracing/Material/PathTracingClearCoat.ush" 1813
"../../../Engine/Shaders/Private/PathTracing/Material/PathTracingTwoSidedFoliage.ush" 1814
"../../../Engine/Shaders/Private/PathTracing/Material/PathTracingCloth.ush" 1815
"../../../Engine/Shaders/Private/PathTracing/Material/PathTracingSubsurfaceProfile.ush" 1816
"../../../Engine/Shaders/Private/RayTracing/RayTracingCreateGatherPointsRGS.usf" 1817
"../../../Engine/Shaders/Private/RayTracing/RayTracingGlobalIlluminationRGS.usf" 1818
"../../../Engine/Shaders/Private/RayTracing/RayTracingDynamicMesh.usf" 1819
"../../../Engine/Shaders/Private/RayTracing/RayTracingDeferredReflections.usf" 1820
"../../../Engine/Shaders/Private/RayTracing/RayTracingDeferredMaterials.ush" 1821
"../../../Engine/Shaders/Shared/ThirdParty/AMD/ags_shader_intrinsics_dx12.h" 1822
"../../../Engine/Shaders/Private/RayTracing/RayTracingDeferredReflections.ush" 1823
"../../../Engine/Shaders/Private/RayTracing/RayTracingReflectionResolve.usf" 1824
"../../../Engine/Shaders/Private/RayTracing/RayTracingReflectionsGenerateRaysCS.usf" 1825
"../../../Engine/Shaders/Private/RayTracing/MaterialSort.usf" 1826
"../../../Engine/Shaders/Private/RayTracing/RayTracingDeferredMaterials.usf" 1827
"../../../Engine/Shaders/Private/RayTracing/RayTracingDebug.usf" 1828
"../../../Engine/Shaders/Shared/RayTracingDebugDefinitions.h" 1829
"../../../Engine/Shaders/Private/RayTracing/RayTracingBarycentrics.usf" 1830
"../../../Engine/Shaders/Private/RayTracing/RayTracingAmbientOcclusionRGS.usf" 1831
"../../../Engine/Shaders/Private/PrimitiveDistanceAccuracyPixelShader.usf" 1832
"../../../Engine/Shaders/Private/VisualizeShadingModels.usf" 1833
"../../../Engine/Shaders/Private/PostProcessCommon.ush" 1834
"../../../Engine/Shaders/Private/TemporalAA/TAAUpdateHistory.usf" 1835
"../../../Engine/Shaders/Private/TemporalAA/TAACommon.ush" 1836
"../../../Engine/Shaders/Private/TemporalAA/TAADilateRejection.usf" 1837
"../../../Engine/Shaders/Private/TemporalAA/TAACompareHistory.usf" 1838
"../../../Engine/Shaders/Private/TemporalAA/TAAFilterFrequencies.usf" 1839
"../../../Engine/Shaders/Private/TemporalAA/TAADecimateHistory.usf" 1840
"../../../Engine/Shaders/Private/TemporalAA/TAADilateVelocity.usf" 1841
"../../../Engine/Shaders/Private/TemporalAA/TAAClearPrevTextures.usf" 1842
"../../../Engine/Shaders/Private/TemporalAA/TAAStandalone.usf" 1843
"../../../Engine/Shaders/Private/FilterPixelShader.usf" 1844
"../../../Engine/Shaders/Private/ScreenPass.ush" 1845
"../../../Engine/Shaders/Private/FilterVertexShader.usf" 1846
"../../../Engine/Shaders/Private/PostProcessVisualizeHDR.usf" 1847
"../../../Engine/Shaders/Private/PostProcessHistogramCommon.ush" 1848
"../../../Engine/Shaders/Private/ShaderComplexityApplyPixelShader.usf" 1849
"../../../Engine/Shaders/Private/PostProcessVisualizeBuffer.usf" 1850
"../../../Engine/Shaders/Private/PostProcessUpscale.usf" 1851
"../../../Engine/Shaders/Private/PostProcessTonemap.usf" 1852
"../../../Engine/Shaders/Private/PostProcessTestImage.usf" 1853
"../../../Engine/Shaders/Private/PostProcessSubsurface.usf" 1854
"../../../Engine/Shaders/Private/SeparableSSS.ush" 1855
"../../../Engine/Shaders/Private/SubsurfaceBurleyNormalized.ush" 1856
"../../../Engine/Shaders/Private/PostProcessSelectionOutline.usf" 1857
"../../../Engine/Shaders/Private/PostProcessPixelProjectedReflectionMobile.usf" 1858
"../../../Engine/Shaders/Private/PostProcessNoiseBlur.usf" 1859
"../../../Engine/Shaders/Private/PostProcessMotionBlur.usf" 1860
"../../../Engine/Shaders/Private/PostProcessVelocityFlatten.usf" 1861
"../../../Engine/Shaders/Private/PostProcessMobile.usf" 1862
"../../../Engine/Shaders/Private/PostProcessMitchellNetravali.usf" 1863
"../../../Engine/Shaders/Private/PostProcessMaterialShaders.usf" 1864
"../../../Engine/Shaders/Private/PostProcessLensFlares.usf" 1865
"../../../Engine/Shaders/Private/ComposeSeparateTranslucency.usf" 1866
"../../../Engine/Shaders/Private/PostProcessHMD.usf" 1867
"../../../Engine/Shaders/Private/PostProcessHistogramReduce.usf" 1868
"../../../Engine/Shaders/Private/PostProcessHistogram.usf" 1869
"../../../Engine/Shaders/Private/PostProcessGBufferHints.usf" 1870
"../../../Engine/Shaders/Private/PostProcessFFTBloom.usf" 1871
"../../../Engine/Shaders/Private/PostProcessEyeAdaptation.usf" 1872
"../../../Engine/Shaders/Private/PostProcessDownsample.usf" 1873
"../../../Engine/Shaders/Private/PostProcessDOF.usf" 1874
"../../../Engine/Shaders/Private/PostProcessDeviceEncodingOnly.usf" 1875
"../../../Engine/Shaders/Private/PostProcessCompositeEditorPrimitives.usf" 1876
"../../../Engine/Shaders/Private/PostProcessCombineLUTs.usf" 1877
"../../../Engine/Shaders/Private/PostProcessVisualizeDOF.usf" 1878
"../../../Engine/Shaders/Private/PostProcessBloom.usf" 1879
"../../../Engine/Shaders/Private/PostProcessAmbientOcclusionMobile.usf" 1880
"../../../Engine/Shaders/Private/PostProcessAmbientOcclusionCommon.ush" 1881
"../../../Engine/Shaders/Private/FXAAShader.usf" 1882
"../../../Engine/Shaders/Private/Fxaa3_11.ush" 1883
"../../../Engine/Shaders/Private/DiaphragmDOF/DOFRecombine.usf" 1884
"../../../Engine/Shaders/Private/DiaphragmDOF/DOFCommon.ush" 1885
"../../../Engine/Shaders/Private/DiaphragmDOF/DOFHybridScatterPixelShader.usf" 1886
"../../../Engine/Shaders/Private/DiaphragmDOF/DOFHybridScatterCommon.ush" 1887
"../../../Engine/Shaders/Private/DiaphragmDOF/DOFHybridScatterVertexShader.usf" 1888
"../../../Engine/Shaders/Private/DiaphragmDOF/DOFPostfiltering.usf" 1889
"../../../Engine/Shaders/Private/DiaphragmDOF/DOFGatherTileSuggest.ush" 1890
"../../../Engine/Shaders/Private/DiaphragmDOF/DOFCocTileCommon.ush" 1891
"../../../Engine/Shaders/Private/DiaphragmDOF/DOFGatherPass.usf" 1892
"../../../Engine/Shaders/Private/DiaphragmDOF/DOFGatherCommon.ush" 1893
"../../../Engine/Shaders/Private/DiaphragmDOF/DOFGatherAccumulator.ush" 1894
"../../../Engine/Shaders/Private/DiaphragmDOF/DOFGatherKernel.ush" 1895
"../../../Engine/Shaders/Private/DiaphragmDOF/DOFBokehLUT.usf" 1896
"../../../Engine/Shaders/Private/DiaphragmDOF/DOFHybridScatterCompilation.usf" 1897
"../../../Engine/Shaders/Private/DiaphragmDOF/DOFReduce.usf" 1898
"../../../Engine/Shaders/Private/DiaphragmDOF/DOFDownsample.ush" 1899
"../../../Engine/Shaders/Private/DiaphragmDOF/DOFHybridScatterCompilation.ush" 1900
"../../../Engine/Shaders/Private/DiaphragmDOF/DOFDownsample.usf" 1901
"../../../Engine/Shaders/Private/DiaphragmDOF/DOFCocTileDilate.usf" 1902
"../../../Engine/Shaders/Private/DiaphragmDOF/DOFCocTileFlatten.usf" 1903
"../../../Engine/Shaders/Private/DiaphragmDOF/DOFSetup.usf" 1904
"../../../Engine/Shaders/Private/PlanarReflectionShaders.usf" 1905
"../../../Engine/Shaders/Private/PlanarReflectionShared.ush" 1906
"../../../Engine/Shaders/Private/PathTracing/PathTracingCompositingPixelShader.usf" 1907
"../../../Engine/Shaders/Private/PathTracing/PathTracingIESAtlas.usf" 1908
"../../../Engine/Shaders/Private/PathTracing/PathTracing.usf" 1909
"../../../Engine/Shaders/Private/PathTracing/Light/PathTracingLightGrid.ush" 1910
"../../../Engine/Shaders/Private/PathTracing/PathTracingCamera.ush" 1911
"../../../Engine/Shaders/Private/PathTracing/Sensor/PathTracingPinholeCamera.ush" 1912
"../../../Engine/Shaders/Private/PathTracing/PathTracingBuildLightGrid.usf" 1913
"../../../Engine/Shaders/Private/PathTracing/PathTracingSkylightMISCompensation.usf" 1914
"../../../Engine/Shaders/Private/PathTracing/PathTracingSkylightPrepare.usf" 1915
"../../../Engine/Shaders/Private/MobileSceneCapture.usf" 1916
"../../../Engine/Shaders/Private/DistortApplyScreenPS.usf" 1917
"../../../Engine/Shaders/Private/MobileDeferredShading.usf" 1918
"../../../Engine/Shaders/Private/MobileShadingModels.ush" 1919
"../../../Engine/Shaders/Private/MobileGGX.ush" 1920
"../../../Engine/Shaders/Private/MobileBasePassPixelShader.usf" 1921
"../../../Engine/Shaders/Private/MobileBasePassCommon.ush" 1922
"../../../Engine/Shaders/Private/SingleLayerWaterShading.ush" 1923
"../../../Engine/Shaders/Private/DistortionCommon.ush" 1924
"../../../Engine/Shaders/Private/MobileBasePassVertexShader.usf" 1925
"../../../Engine/Shaders/Private/MeshTexCoordSizeAccuracyPixelShader.usf" 1926
"../../../Engine/Shaders/Private/MaterialTexCoordScalesPixelShader.usf" 1927
"../../../Engine/Shaders/Private/LightShaftShader.usf" 1928
"../../../Engine/Shaders/Private/StationaryLightOverlapShaders.usf" 1929
"../../../Engine/Shaders/Private/DeferredLightPixelShaders.usf" 1930
"../../../Engine/Shaders/Private/HairStrands/HairStrandsCommon.ush" 1931
"../../../Engine/Shaders/Private/HairStrands/HairStrandsDeepTransmittanceCommon.ush" 1932
"../../../Engine/Shaders/Private/HairStrands/HairStrandsDeepTransmittanceDualScattering.ush" 1933
"../../../Engine/Shaders/Private/DeferredLightVertexShaders.usf" 1934
"../../../Engine/Shaders/Private/LPVVisualise.usf" 1935
"../../../Engine/Shaders/Private/LPVGeometryVolumeCommon.ush" 1936
"../../../Engine/Shaders/Private/LPVDirectLightInject.usf" 1937
"../../../Engine/Shaders/Private/LPVPropagate.usf" 1938
"../../../Engine/Shaders/Private/LPVPacking.ush" 1939
"../../../Engine/Shaders/Private/LPVBuildGeometryVolume.usf" 1940
"../../../Engine/Shaders/Private/LPVDirectionalOcclusion.usf" 1941
"../../../Engine/Shaders/Private/LPVInject_AccumulateVplLists.usf" 1942
"../../../Engine/Shaders/Private/LPVInject_GenerateVplLists.usf" 1943
"../../../Engine/Shaders/Private/LPVClearLists.usf" 1944
"../../../Engine/Shaders/Private/LPVClear.usf" 1945
"../../../Engine/Shaders/Private/LightMapDensityShader.usf" 1946
"../../../Engine/Shaders/Private/LightGridInjection.usf" 1947
"../../../Engine/Shaders/Private/LightFunctionPixelShader.usf" 1948
"../../../Engine/Shaders/Private/LightFunctionVertexShader.usf" 1949
"../../../Engine/Shaders/Private/ReflectionEnvironmentPixelShader.usf" 1950
"../../../Engine/Shaders/Private/AmbientCubemapComposite.usf" 1951
"../../../Engine/Shaders/Private/DiffuseIndirectComposite.usf" 1952
"../../../Engine/Shaders/Private/HeightfieldLighting.usf" 1953
"../../../Engine/Shaders/Private/DistanceFieldLightingShared.ush" 1954
"../../../Engine/Shaders/Private/DistanceFieldShadowingShared.ush" 1955
"../../../Engine/Shaders/Private/HeightfieldLightingShared.ush" 1956
"../../../Engine/Shaders/Private/HdrCustomResolveShaders.usf" 1957
"../../../Engine/Shaders/Private/HairStrands/HairStrandsVoxelMip.usf" 1958
"../../../Engine/Shaders/Private/HairStrands/HairStrandsVoxelRasterCompute.usf" 1959
"../../../Engine/Shaders/Private/HairStrands/HairStrandsVoxelPageAllocation.usf" 1960
"../../../Engine/Shaders/Private/Matrices.ush" 1961
"../../../Engine/Shaders/Private/HairStrands/HairStrandsAABBCommon.ush" 1962
"../../../Engine/Shaders/Private/HairStrands/HairStrandsVoxelOpaque.usf" 1963
"../../../Engine/Shaders/Private/HairStrands/HairStrandsVisibilityRasterCompute.usf" 1964
"../../../Engine/Shaders/Shared/ThirdParty/NVIDIA/nvHLSLExtns.h" 1965
"../../../Engine/Shaders/Shared/ThirdParty/NVIDIA/nvHLSLExtnsInternal.h" 1966
"../../../Engine/Shaders/Shared/ThirdParty/NVIDIA/nvShaderExtnEnums.h" 1967
"../../../Engine/Shaders/Shared/ThirdParty/AMD/ags_shader_intrinsics_dx11.h" 1968
"../../../Engine/Shaders/Private/HairStrands/HairStrandsCoverage.usf" 1969
"../../../Engine/Shaders/Private/HairStrands/HairStrandsVisibilityDepthPS.usf" 1970
"../../../Engine/Shaders/Private/HairStrands/HairStrandsVisibilityTransmittanceDepthPS.usf" 1971
"../../../Engine/Shaders/Private/HairStrands/HairStrandsVisibilityFillOpaqueDepthPS.usf" 1972
"../../../Engine/Shaders/Private/HairStrands/HairStrandsVisibilityTile.usf" 1973
"../../../Engine/Shaders/Private/HairStrands/HairStrandsVisibilityCompactionComputeRaster.usf" 1974
"../../../Engine/Shaders/Private/HairStrands/HairStrandsVisibilityCompaction.usf" 1975
"../../../Engine/Shaders/Private/HairStrands/HairStrandsVisibilityCopyIndirectArg.usf" 1976
"../../../Engine/Shaders/Private/HairStrands/HairStrandsVisibilityClearPS.usf" 1977
"../../../Engine/Shaders/Private/HairStrands/HairStrandsVisibilityPS.usf" 1978
"../../../Engine/Shaders/Private/HairStrands/HairStrandsVisibilityVS.usf" 1979
"../../../Engine/Shaders/Private/HairStrands/HairStrandsLightChannelMask.usf" 1980
"../../../Engine/Shaders/Private/HairStrands/HairStrandsVelocity.usf" 1981
"../../../Engine/Shaders/Private/HairStrands/HairStrandsVisibilityComputeSampleCoverage.usf" 1982
"../../../Engine/Shaders/Private/HairStrands/HairStrandsMaterialPS.usf" 1983
"../../../Engine/Shaders/Private/HairStrands/HairStrandsMaterialCommon.ush" 1984
"../../../Engine/Shaders/Private/HairStrands/HairStrandsMaterialVS.usf" 1985
"../../../Engine/Shaders/Private/HairStrands/HairStrandsMaterialGBufferPS.usf" 1986
"../../../Engine/Shaders/Private/HairStrands/HairStrandsGBufferCommon.ush" 1987
"../../../Engine/Shaders/Private/HairStrands/HairStrandsMaterialGBufferVS.usf" 1988
"../../../Engine/Shaders/Private/HairStrands/HairStrandsLightSample.usf" 1989
"../../../Engine/Shaders/Private/HairStrands/HairStrandsDeepShadowMask.usf" 1990
"../../../Engine/Shaders/Private/HairStrands/HairStrandsDeepShadowCommonStruct.ush" 1991
"../../../Engine/Shaders/Private/HairStrands/HairStrandsDebugCommon.ush" 1992
"../../../Engine/Shaders/Private/HairStrands/HairStrandsDeepShadowCommon.ush" 1993
"../../../Engine/Shaders/Private/HairStrands/HairStrandsDeepTransmittanceMask.usf" 1994
"../../../Engine/Shaders/Private/HairStrands/HairScatter.usf" 1995
"../../../Engine/Shaders/Private/HairStrands/HairScatterCompose.usf" 1996
"../../../Engine/Shaders/Private/HairStrands/HairStrandsDeepShadowPS.usf" 1997
"../../../Engine/Shaders/Private/HairStrands/HairStrandsDeepShadowVS.usf" 1998
"../../../Engine/Shaders/Private/HairStrands/HairStrandsLUT.usf" 1999
"../../../Engine/Shaders/Private/HairStrands/HairStrandsEnvironmentLighting.usf" 2000
"../../../Engine/Shaders/Private/HairStrands/HairStrandsEnvironmentLightingCommon.ush" 2001
"../../../Engine/Shaders/Private/HairStrands/HairStrandsDebugCommonStruct.ush" 2002
"../../../Engine/Shaders/Private/HairStrands/HairStrandsEnvironmentAO.usf" 2003
"../../../Engine/Shaders/Private/HairStrands/HairStrandsDeepShadowAllocation.usf" 2004
"../../../Engine/Shaders/Private/HairStrands/HairStrandsVoxelDepthInjection.usf" 2005
"../../../Engine/Shaders/Private/HairStrands/HairStrandsClusterCulling.usf" 2006
"../../../Engine/Shaders/Private/HairStrands/HairStrandsClusterCommon.ush" 2007
"../../../Engine/Shaders/Private/HairStrands/HairStrandsVisibilityPPLLDebug.usf" 2008
"../../../Engine/Shaders/Private/HairStrands/HairStrandsBsdfPlot.usf" 2009
"../../../Engine/Shaders/Private/HairStrands/HairStrandsVoxelPageRayMarching.usf" 2010
"../../../Engine/Shaders/Private/HairStrands/HairStrandsDeepShadowDebug.usf" 2011
"../../../Engine/Shaders/Private/HairStrands/HairStrandsDebug.usf" 2012
"../../../Engine/Shaders/Private/HairStrands/HairStrandsDebugPrint.usf" 2013
"../../../Engine/Shaders/Private/HairStrands/HairStrandsGBufferWrite.usf" 2014
"../../../Engine/Shaders/Private/HairStrands/HairStrandsVisibilityComposeSubPixelPS.usf" 2015
"../../../Engine/Shaders/Private/HairStrands/HairStrandsAABB.usf" 2016
"../../../Engine/Shaders/Private/GPUFastFourierTransform.usf" 2017
"../../../Engine/Shaders/Private/GPUFastFourierTransform2DCore.ush" 2018
"../../../Engine/Shaders/Private/GPUFastFourierTransformCore.ush" 2019
"../../../Engine/Shaders/Private/ShaderDrawDebug.usf" 2020
"../../../Engine/Shaders/Private/GPUBenchmark.usf" 2021
"../../../Engine/Shaders/Private/GlobalDistanceField.usf" 2022
"../../../Engine/Shaders/Private/GammaCorrection.usf" 2023
"../../../Engine/Shaders/Private/HeightFogPixelShader.usf" 2024
"../../../Engine/Shaders/Private/HeightFogVertexShader.usf" 2025
"../../../Engine/Shaders/Private/DistortAccumulatePS.usf" 2026
"../../../Engine/Shaders/Private/DistortAccumulateVS.usf" 2027
"../../../Engine/Shaders/Private/DistanceFieldVisualization.usf" 2028
"../../../Engine/Shaders/Private/DistanceFieldShadowing.usf" 2029
"../../../Engine/Shaders/Private/DistanceFieldScreenGridLighting.usf" 2030
"../../../Engine/Shaders/Private/DistanceFieldObjectCulling.usf" 2031
"../../../Engine/Shaders/Private/DistanceFieldLightingPost.usf" 2032
"../../../Engine/Shaders/Private/DitheredTransitionStencil.usf" 2033
"../../../Engine/Shaders/Private/DepthOnlyPixelShader.usf" 2034
"../../../Engine/Shaders/Private/DepthOnlyVertexShader.usf" 2035
"../../../Engine/Shaders/Private/PositionOnlyDepthVertexShader.usf" 2036
"../../../Engine/Shaders/Private/DeferredDecal.usf" 2037
"../../../Engine/Shaders/Private/DecalCommon.ush" 2038
"../../../Engine/Shaders/Private/DBufferDecalShared.ush" 2039
"../../../Engine/Shaders/Private/DebugViewModeVertexShader.usf" 2040
"../../../Engine/Shaders/Private/PostProcessPassThrough.usf" 2041
"../../../Engine/Shaders/Private/MeshDecals.usf" 2042
"../../../Engine/Shaders/Private/PostProcessLpvIndirect.usf" 2043
"../../../Engine/Shaders/Private/LPVFinalPass.ush" 2044
"../../../Engine/Shaders/Private/PostProcessAmbientOcclusion.usf" 2045
"../../../Engine/Shaders/Private/ClusteredDeferredShadingPixelShader.usf" 2046
"../../../Engine/Shaders/Private/CapsuleShadowShaders.usf" 2047
"../../../Engine/Shaders/Private/BasePassPixelShader.usf" 2048
"../../../Engine/Shaders/Private/BasePassCommon.ush" 2049
"../../../Engine/Shaders/Private/ShadingModelsMaterial.ush" 2050
"../../../Engine/Shaders/Private/ThinTranslucentCommon.ush" 2051
"../../../Engine/Shaders/Private/ForwardLightingCommon.ush" 2052
"../../../Engine/Shaders/Private/BasePassTessellationShaders.usf" 2053
"../../../Engine/Shaders/Private/BasePassVertexCommon.ush" 2054
"../../../Engine/Shaders/Private/BasePassVertexShader.usf" 2055
"../../../Engine/Shaders/Private/AtmospherePrecomputeInscatter.usf" 2056
"../../../Engine/Shaders/Private/AtmospherePrecomputeCommon.ush" 2057
"../../../Engine/Shaders/Private/AtmospherePrecompute.usf" 2058
"../../../Engine/Shaders/Private/AtmosphericFogShader.usf" 2059
"../../../Engine/Shaders/Private/AnisotropyPassShader.usf" 2060
"../../../Engine/Shaders/Private/SimpleElementVolumeTexturePreviewPixelShader.usf" 2061
"../../../Engine/Shaders/Private/SimpleElementTexture2DPreviewPixelShader.usf" 2062
"../../../Engine/Shaders/Private/SimpleElementNormalMapPixelShader.usf" 2063
"../../../Engine/Shaders/Private/meshpaintdilatepixelshader.usf" 2064
"../../../Engine/Shaders/Private/meshpaintdilatevertexshader.usf" 2065
"../../../Engine/Shaders/Private/MeshPaintPixelShader.usf" 2066
"../../../Engine/Shaders/Private/MeshPaintVertexShader.usf" 2067
"../../../Engine/Shaders/Private/Tools/VisualizeTexture.usf" 2068
"../../../Engine/Shaders/Private/ByteBuffer.usf" 2069
"../../../Engine/Shaders/Private/ResolveVertexShader.usf" 2070
"../../../Engine/Shaders/Private/ResolvePixelShader.usf" 2071
"../../../Engine/Shaders/Private/Tools/ClearUAV.usf" 2072
"../../../Engine/Shaders/Private/ClearReplacementShaders.usf" 2073
"../../../Engine/Shaders/Private/Raytracing/RayTracingInstanceCopy.usf" 2074
"../../../Engine/Shaders/Private/RenderGraphUtilities.usf" 2075
"../../../Engine/Shaders/Private/OneColorShader.usf" 2076
"../../../Engine/Shaders/Private/OculusShaders.usf" 2077
"../../../Engine/Shaders/Private/MediaShaders.usf" 2078
"../../../Engine/Shaders/Private/NullPixelShader.usf" 2079
"../../../Engine/Shaders/Private/ComputeGenerateMips.usf" 2080
"../../../Engine/Shaders/Private/CopyTextureShaders.usf" 2081
"../../../Engine/Shaders/Private/Tools/FullscreenVertexShader.usf" 2082
"../../../Engine/Shaders/Private/RayTracing/RayTracingBuiltInShaders.usf" 2083
"C:/Users/Brayan/AppData/Local/UnrealEngine/4.27/DerivedDataCache/Boot.ddc" 2084
"../../../Engine/DerivedDataCache/Compressed.ddp" 2085
"C:/Users/Brayan/AppData/Local/UnrealEngine/Common/DerivedDataCache/TestData/0/TestData_4kb.dat" 2086
"C:/Users/Brayan/AppData/Local/UnrealEngine/Common/DerivedDataCache/TestData/1/TestData_4kb.dat" 2087
"C:/Users/Brayan/AppData/Local/UnrealEngine/Common/DerivedDataCache/TestData/0/TestData_8kb.dat" 2088
"C:/Users/Brayan/AppData/Local/UnrealEngine/Common/DerivedDataCache/TestData/1/TestData_8kb.dat" 2089
"C:/Users/Brayan/AppData/Local/UnrealEngine/Common/DerivedDataCache/TestData/0/TestData_16kb.dat" 2090
"C:/Users/Brayan/AppData/Local/UnrealEngine/Common/DerivedDataCache/TestData/1/TestData_16kb.dat" 2091
"C:/Users/Brayan/AppData/Local/UnrealEngine/Common/DerivedDataCache/TestData/0/TestData_64kb.dat" 2092
"C:/Users/Brayan/AppData/Local/UnrealEngine/Common/DerivedDataCache/TestData/1/TestData_64kb.dat" 2093
"C:/Users/Brayan/AppData/Local/UnrealEngine/Common/DerivedDataCache/TestData/0/TestData_128kb.dat" 2094
"C:/Users/Brayan/AppData/Local/UnrealEngine/Common/DerivedDataCache/TestData/1/TestData_128kb.dat" 2095
"C:/Users/Brayan/AppData/Local/UnrealEngine/Common/DerivedDataCache/TestData/0/TestData_256kb.dat" 2096
"C:/Users/Brayan/AppData/Local/UnrealEngine/Common/DerivedDataCache/TestData/1/TestData_256kb.dat" 2097
"../../../Engine/Content/EditorResources/S_Actor.uasset" 2098
"../../../Engine/Content/EngineResources/WhiteSquareTexture.uasset" 2099
"../../../Engine/Content/EngineResources/GradientTexture0.uasset" 2100
"../../../Engine/Content/EngineResources/Black.uasset" 2101
"../../../Engine/Content/EngineMeshes/Sphere.uasset" 2102
"../../../Engine/Content/EditorMaterials/MatineeGroups/MAT_Groups_Float.uasset" 2103
"../../../Engine/Content/EditorMaterials/MatineeGroups/MAT_Groups_Anim.uasset" 2104
"../../../Engine/Content/EditorMaterials/MatineeGroups/MAT_Groups_AudioMaster.uasset" 2105
"../../../Engine/Content/EditorMaterials/MatineeGroups/MAT_ColorTrack.uasset" 2106
"../../../Engine/Content/EditorMaterials/MatineeGroups/MAT_Groups_Fade.uasset" 2107
"../../../Engine/Content/EditorMaterials/MatineeGroups/MAT_Groups_Director.uasset" 2108
"../../../Engine/Content/EditorMaterials/MatineeGroups/MAT_Groups_Event.uasset" 2109
"../../../Engine/Content/EditorMaterials/MatineeGroups/MAT_Groups_Move.uasset" 2110
"../../../Engine/Content/EditorMaterials/MatineeGroups/MAT_Groups_Slomo.uasset" 2111
"../../../Engine/Content/EditorMaterials/MatineeGroups/MAT_Groups_Sound.uasset" 2112
"../../../Engine/Content/EditorMaterials/MAT_Groups_Toggle.uasset" 2113
"../../../Engine/Content/EditorMaterials/MatineeGroups/MAT_Groups_Vector.uasset" 2114
"../../../Engine/Content/EditorMaterials/MAT_Groups_Visibility.uasset" 2115
"../../../Engine/Content/EngineResources/DefaultTexture.uasset" 2116
"../../../Engine/Content/EngineResources/DefaultTextureCube.uasset" 2117
"../../../Engine/Content/EngineResources/DefaultVolumeTexture.uasset" 2118
"../../../Engine/Content/EngineResources/DefaultVolumeTexture2D.uasset" 2119
"../../../Engine/Content/EngineFonts/RobotoDistanceField.uasset" 2120
"../../../Engine/Content/EngineMaterials/DefaultTextMaterialOpaque.uasset" 2121
"../../../Engine/Content/Functions/Engine_MaterialFunctions01/Shading/PowerToRoughness.uasset" 2122
"../../../Engine/Content/Functions/Engine_MaterialFunctions01/Shading/ConvertFromDiffSpec.uasset" 2123
"../../../Engine/Content/EngineMaterials/WorldGridMaterial.uasset" 2124
"../../../../../../Users/Brayan/Desktop/banana odyssey/banana_odyssey/Content/niveles/tutorial/texturas_tutorial/mostrador/T_Kitchen_CoffeeCounter_01_D.uasset" 2125
"../../../../../../Users/Brayan/Desktop/banana odyssey/banana_odyssey/Content/niveles/tutorial/texturas_tutorial/mostrador/T_Kitchen_CoffeeCounter_01_N.uasset" 2126
"../../../../../../Users/Brayan/Desktop/banana odyssey/banana_odyssey/Content/niveles/tutorial/texturas_tutorial/mostrador/T_Kitchen_CoffeeCounter_01_S.uasset" 2127
"../../../Engine/Content/EngineMaterials/DefaultDeferredDecalMaterial.uasset" 2128
"../../../Engine/Content/EngineMaterials/DefaultDiffuse.uasset" 2129
"../../../Engine/Content/EngineMaterials/DefaultLightFunctionMaterial.uasset" 2130
"../../../Engine/Content/EngineMaterials/DefaultPostProcessMaterial.uasset" 2131
"../../../Engine/Content/Functions/Engine_MaterialFunctions02/Utility/BreakOutFloat2Components.uasset" 2132
"../../../Engine/Content/EditorResources/S_Trigger.uasset" 2133
"../../../Engine/Content/EngineSky/VolumetricClouds/m_SimpleVolumetricCloud_Inst.uasset" 2134
"../../../Engine/Content/EngineSky/VolumetricClouds/m_SimpleVolumetricCloud.uasset" 2135
"../../../Engine/Content/Functions/Engine_MaterialFunctions02/Utility/MakeFloat2.uasset" 2136
"../../../Engine/Content/EngineSky/VolumetricClouds/CloudGradientTexture.uasset" 2137
"../../../Engine/Content/EngineSky/VolumetricClouds/CloudWeatherTexture.uasset" 2138
"../../../Engine/Content/EngineSky/VolumetricClouds/T_VolumeNoiseErosion32.uasset" 2139
"../../../Engine/Content/EngineSky/VolumetricClouds/T_NoiseErosion.uasset" 2140
"../../../Engine/Content/EngineSky/VolumetricClouds/T_VolumeNoiseShape64.uasset" 2141
"../../../Engine/Content/EngineSky/VolumetricClouds/T_NoiseShape64.uasset" 2142
"../../../Engine/Content/EngineMaterials/BaseFlattenMaterial.uasset" 2143
"../../../Engine/Content/EngineMaterials/BaseFlattenDiffuseMap.uasset" 2144
"../../../Engine/Content/EngineMaterials/BaseFlattenEmissiveMap.uasset" 2145
"../../../Engine/Content/EngineMaterials/BaseFlattenGrayscaleMap.uasset" 2146
"../../../Engine/Content/EngineMaterials/BaseFlattenNormalMap.uasset" 2147
"../../../Engine/Content/EngineDamageTypes/DmgTypeBP_Environmental.uasset" 2148
"../../../Engine/Content/VREditor/TransformGizmo/SM_Sequencer_Key.uasset" 2149
"../../../Engine/Content/VREditor/TransformGizmo/Main.uasset" 2150
"../../../Engine/Content/VREditor/TransformGizmo/Xray.uasset" 2151
"../../../Engine/Content/EngineMaterials/Widget3DPassThrough_Translucent.uasset" 2152
"../../../Engine/Content/EngineMaterials/Widget3DPassThrough.uasset" 2153
"../../../Engine/Config/TVOS/TVOSEngine.ini" 2154
"../../../Engine/Content/EngineMaterials/Widget3DPassThrough_Translucent_OneSided.uasset" 2155
"../../../Engine/Content/EngineMaterials/Widget3DPassThrough_Opaque.uasset" 2156
"../../../Engine/Content/EngineMaterials/Widget3DPassThrough_Opaque_OneSided.uasset" 2157
"../../../Engine/Content/EngineMaterials/Widget3DPassThrough_Masked.uasset" 2158
"../../../Engine/Content/EngineMaterials/Widget3DPassThrough_Masked_OneSided.uasset" 2159
"../../../Engine/Content/VREditor/TransformGizmo/PlaneTranslationHandle.uasset" 2160
"../../../Engine/Content/VREditor/TransformGizmo/TransformGizmoMaterial.uasset" 2161
"../../../Engine/Content/VREditor/LaserPointer/VR_LaserPower_01.uasset" 2162
"../../../Engine/Content/VREditor/TransformGizmo/TranslucentTransformGizmoMaterial.uasset" 2163
"../../../Engine/Content/VREditor/TransformGizmo/BoundingBoxCorner.uasset" 2164
"../../../Engine/Content/VREditor/TransformGizmo/BoundingBoxEdge.uasset" 2165
"../../../Engine/Content/EditorMeshes/Camera/SM_CraneRig_Base.uasset" 2166
"../../../Engine/Content/EditorMaterials/Camera/MI_CineMat_Rig.uasset" 2167
"../../../Engine/Content/EditorMaterials/Camera/CineMat.uasset" 2168
"../../../Engine/Content/EditorMeshes/Camera/SM_CraneRig_Arm.uasset" 2169
"../../../Engine/Content/EditorMeshes/Camera/SM_CraneRig_Mount.uasset" 2170
"../../../Engine/Content/EditorMeshes/Camera/SM_CraneRig_Body.uasset" 2171
"../../../Engine/Content/EditorMeshes/Camera/SM_RailRig_Track.uasset" 2172
"../../../Engine/Content/EditorMeshes/Camera/SM_RailRig_Mount.uasset" 2173
"../../../Engine/Content/ArtTools/RenderToTexture/Meshes/S_1_Unit_Plane.uasset" 2174
"../../../Engine/Content/EngineDebugMaterials/M_SimpleUnlitTranslucent.uasset" 2175
"../../../Engine/Content/EngineFonts/Roboto.uasset" 2176
"../../../Engine/Content/EngineFonts/Faces/DroidSansFallback.uasset" 2177
"../../../Engine/Content/EngineFonts/Faces/RobotoBold.uasset" 2178
"../../../Engine/Content/EngineFonts/Faces/RobotoBoldItalic.uasset" 2179
"../../../Engine/Content/EngineFonts/Faces/RobotoItalic.uasset" 2180
"../../../Engine/Content/EngineFonts/Faces/RobotoLight.uasset" 2181
"../../../Engine/Content/EngineFonts/Faces/RobotoRegular.uasset" 2182
"../../../Engine/Content/EditorMaterials/ParticleSystems/PSysThumbnail_NoImage.uasset" 2183
"../../../Engine/Content/EditorMaterials/ParticleSystems/PSysThumbnail_OOD.uasset" 2184
"../../../Engine/Content/Maps/Templates/Thumbnails/Default.uasset" 2185
"../../../Engine/Content/Maps/Templates/Thumbnails/TimeOfDay.uasset" 2186
"../../../Engine/Content/Maps/Templates/Thumbnails/VR-Basic.uasset" 2187
"../../../Engine/Content/EditorLandscapeResources/DataLayer.uasset" 2188
"../../Plugins/Runtime/Oculus/OculusVR/Content/Materials/PokeAHoleMaterial.uasset" 2189
"../../../Engine/Content/VREditor/TransformGizmo/SM_Sequencer_Node.uasset" 2190
"../../../Engine/Content/Internationalization/icudt64l/coll/ucadata.icu" 2191
"../../../Engine/Content/Internationalization/icudt64l/coll/es.res" 2192
"../../../Engine/Content/Internationalization/icudt64l/coll/root.res" 2193
"../../../Engine/Content/Tutorial/Basics/LevelEditorAttract.uasset" 2194
"../../../Engine/Content/Tutorial/Basics/LevelEditorOverview.uasset" 2195
"../../../Engine/Content/Tutorial/Basics/TutorialAssets/icon_tab_Levels_40x.uasset" 2196
"../../../../../../Users/Brayan/Desktop/banana odyssey/banana_odyssey/Content/2DSideScrollerBP/2DSideScrollerOverview.uasset" 2197
"../../../Engine/Content/Tutorial/Installation/InstallingVisualStudioTutorial.uasset" 2198
"../../../Engine/Content/Tutorial/ContentIntroCurve.uasset" 2199
"../../Plugins/2D/Paper2D/Content/MaskedUnlitSpriteMaterial.uasset" 2200
"../../Plugins/2D/Paper2D/Content/DefaultSpriteMaterial.uasset" 2201
"../../Plugins/2D/Paper2D/Content/PlaceholderTextures/DummySpriteTexture.uasset" 2202
"../../Plugins/2D/Paper2D/Content/OpaqueUnlitSpriteMaterial.uasset" 2203
"../../Plugins/2D/Paper2D/Content/DefaultPaperTerrainMaterial.uasset" 2204
"../../Plugins/2D/Paper2D/Content/DummySprite.uasset" 2205
"../../Plugins/Lumin/MagicLeapPassableWorld/Content/MagicLeapARPinInfoActor.uasset" 2206
"../../../Engine/Content/ArtTools/RenderToTexture/Materials/Debug/M_Emissive_Color.uasset" 2207
"../../../Engine/Content/BasicShapes/Cylinder.uasset" 2208
"../../../Engine/Content/EngineMaterials/DefaultMaterial.uasset" 2209
"../../../Engine/Content/Functions/Engine_MaterialFunctions01/Opacity/CameraDepthFade.uasset" 2210
"../../../Engine/Content/EngineMaterials/T_Default_Material_Grid_M.uasset" 2211
"../../../Engine/Content/EngineMaterials/T_Default_Material_Grid_N.uasset" 2212
"../../../Engine/Content/EngineDebugMaterials/VertexColorMaterial.uasset" 2213
"../../../Engine/Content/EngineDebugMaterials/WireframeMaterial.uasset" 2214
"../../../Engine/Content/EngineMeshes/Cylinder.uasset" 2215
"../../../../../../Users/Brayan/Desktop/banana odyssey/banana_odyssey/Content/animaciones/banano_idle.uasset" 2216
"../../../Engine/Content/Animation/DefaultAnimBoneCompressionSettings.uasset" 2217
"../../../Engine/Content/Animation/DefaultAnimCurveCompressionSettings.uasset" 2218
"../../../../../../Users/Brayan/Desktop/banana odyssey/banana_odyssey/Content/2DSideScroller/Sprites/banano_Skeleton.uasset" 2219
"../../../../../../Users/Brayan/Desktop/banana odyssey/banana_odyssey/Content/animaciones/banano_caminar.uasset" 2220
"../../../../../../Users/Brayan/Desktop/banana odyssey/banana_odyssey/Content/animaciones/banano_salto.uasset" 2221
"../../../../../../Users/Brayan/Desktop/banana odyssey/banana_odyssey/Content/animaciones/banano_saltocaida.uasset" 2222
"../../../../../../Users/Brayan/Desktop/banana odyssey/banana_odyssey/Content/animaciones/banano_caida.uasset" 2223
"../../../../../../Users/Brayan/Desktop/banana odyssey/banana_odyssey/Content/animaciones/banano_ataque.uasset" 2224
"../../../../../../Users/Brayan/Desktop/banana odyssey/banana_odyssey/Content/animaciones/banano_resbaloso.uasset" 2225
"../../Plugins/Editor/SpeedTreeImporter/Content/SpeedTree9/SpeedTreeMaster.uasset" 2226
"../../../Engine/Content/Functions/Engine_MaterialFunctions02/ObjectLocalBounds.uasset" 2227
"../../../Engine/Content/Functions/Engine_MaterialFunctions02/SafeNormalize.uasset" 2228
"../../../Engine/Content/Functions/Engine_MaterialFunctions02/Utility/BreakOutFloat3Components.uasset" 2229
"../../../Engine/Content/Functions/Engine_MaterialFunctions02/Utility/VectorLength.uasset" 2230
"../../../Engine/Content/Functions/Engine_MaterialFunctions02/UVs/BoundingBoxBased_0-1_UVW.uasset" 2231
"../../../Engine/Content/Functions/Engine_MaterialFunctions02/WorldPositionOffset/ObjectScale.uasset" 2232
"../../Plugins/Editor/SpeedTreeImporter/Content/SpeedTree9/SpeedTreeBranchMotion.uasset" 2233
"../../Plugins/Editor/SpeedTreeImporter/Content/SpeedTree9/SpeedTreeWindMotion.uasset" 2234
"../../Plugins/Editor/SpeedTreeImporter/Content/SpeedTree9/game_wind_noise.uasset" 2235
"../../Plugins/Editor/SpeedTreeImporter/Content/SpeedTree9/UnpackDirection.uasset" 2236
"../../Plugins/Editor/SpeedTreeImporter/Content/SpeedTree9/UnpackInteger3.uasset" 2237
"../../Plugins/Editor/SpeedTreeImporter/Content/SpeedTree9/SpeedTreeCameraFacing.uasset" 2238
"../../Plugins/Editor/SpeedTreeImporter/Content/SpeedTree9/SpeedTreeWind.uasset" 2239
"../../Plugins/Editor/SpeedTreeImporter/Content/SpeedTree9/Empty.uasset" 2240
"../../Plugins/Editor/SpeedTreeImporter/Content/SpeedTree9/EmptyNormal.uasset" 2241
"../../Plugins/Editor/SpeedTreeImporter/Content/SpeedTree9/SpeedTreeBillboardMaster.uasset" 2242
"../../Plugins/Editor/SpeedTreeImporter/Content/SpeedTree9/SpeedTreeBillboard.uasset" 2243
"../../../Engine/Content/EditorResources/S_Solver.uasset" 2244
"../../../Engine/Content/EditorResources/S_Note.uasset" 2245
"../../../Engine/Content/EngineDebugMaterials/VolumeToRender.uasset" 2246
"../../../Engine/Content/EngineDebugMaterials/M_VolumeRenderSphereTracePP.uasset" 2247
"../../../Engine/Content/Functions/Engine_MaterialFunctions02/Utility/CameraDirectionVector.uasset" 2248
"../../Plugins/Runtime/OpenXR/Content/Devices/GoogleDaydream/GoogleDaydreamController.uasset" 2249
"../../Plugins/Runtime/OpenXR/Content/Devices/GoogleDaydream/MI_GoogleDaydream.uasset" 2250
"../../Plugins/Runtime/OpenXR/Content/Devices/M_XRController.uasset" 2251
"../../Plugins/Runtime/OpenXR/Content/Devices/GoogleDaydream/BaseTexture.uasset" 2252
"../../Plugins/Runtime/OpenXR/Content/Devices/GoogleDaydream/MRTexture.uasset" 2253
"../../Plugins/Runtime/OpenXR/Content/Devices/HTCVive/HTCViveController.uasset" 2254
"../../Plugins/Runtime/OpenXR/Content/Devices/HTCVive/MI_HTCVive.uasset" 2255
"../../Plugins/Runtime/OpenXR/Content/Devices/HTCVive/BaseTexture.uasset" 2256
"../../Plugins/Runtime/OpenXR/Content/Devices/MicrosoftMixedReality/Left/left_MicrosoftMixedRealityController.uasset" 2257
"../../Plugins/Runtime/OpenXR/Content/Devices/MicrosoftMixedReality/MI_MicrosoftMixedReality.uasset" 2258
"../../Plugins/Runtime/OpenXR/Content/Devices/MicrosoftMixedReality/BaseTexture.uasset" 2259
"../../Plugins/Runtime/OpenXR/Content/Devices/MicrosoftMixedReality/EmissiveTexture.uasset" 2260
"../../Plugins/Runtime/OpenXR/Content/Devices/MicrosoftMixedReality/MRTexture.uasset" 2261
"../../Plugins/Runtime/OpenXR/Content/Devices/MicrosoftMixedReality/NormalTexture.uasset" 2262
"../../Plugins/Runtime/OpenXR/Content/Devices/MicrosoftMixedReality/Right/right_MicrosoftMixedRealityController.uasset" 2263
"../../Plugins/Runtime/OpenXR/Content/Devices/OculusGo/OculusGoController.uasset" 2264
"../../Plugins/Runtime/OpenXR/Content/Devices/OculusGo/MI_OculusGo.uasset" 2265
"../../Plugins/Runtime/OpenXR/Content/Devices/OculusGo/BaseTexture.uasset" 2266
"../../Plugins/Runtime/OpenXR/Content/Devices/OculusTouch/Left/left_OculusTouchController.uasset" 2267
"../../Plugins/Runtime/OpenXR/Content/Devices/OculusTouch/MI_OculusTouch.uasset" 2268
"../../Plugins/Runtime/OpenXR/Content/Devices/OculusTouch/BaseTexture.uasset" 2269
"../../Plugins/Runtime/OpenXR/Content/Devices/OculusTouch/MRTexture.uasset" 2270
"../../Plugins/Runtime/OpenXR/Content/Devices/OculusTouch/Right/right_OculusTouchController.uasset" 2271
"../../Plugins/Runtime/OpenXR/Content/Devices/ValveIndex/Left/left_ValveIndexController.uasset" 2272
"../../Plugins/Runtime/OpenXR/Content/Devices/ValveIndex/Left/MI_left_ValveIndex.uasset" 2273
"../../Plugins/Runtime/OpenXR/Content/Devices/ValveIndex/BaseTexture.uasset" 2274
"../../Plugins/Runtime/OpenXR/Content/Devices/ValveIndex/MRTexture.uasset" 2275
"../../Plugins/Runtime/OpenXR/Content/Devices/ValveIndex/Right/right_ValveIndexController.uasset" 2276
"../../Plugins/Runtime/OpenXR/Content/Devices/ValveIndex/Right/MI_right_ValveIndex.uasset" 2277
"../../Plugins/Runtime/OpenXR/Content/Devices/OculusTouch_v2/Left/left_OculusTouch_v2Controller.uasset" 2278
"../../Plugins/Runtime/OpenXR/Content/Devices/OculusTouch_v2/MI_OculusTouch_v2.uasset" 2279
"../../Plugins/Runtime/OpenXR/Content/Devices/OculusTouch_v2/BaseTexture.uasset" 2280
"../../Plugins/Runtime/OpenXR/Content/Devices/OculusTouch_v2/MRTexture.uasset" 2281
"../../Plugins/Runtime/OpenXR/Content/Devices/OculusTouch_v2/Right/right_OculusTouch_v2Controller.uasset" 2282
"../../Plugins/Runtime/OpenXR/Content/Devices/OculusTouch_v3/Left/left_OculusTouch_v3Controller.uasset" 2283
"../../Plugins/Runtime/OpenXR/Content/Devices/OculusTouch_v3/MI_OculusTouch_v3.uasset" 2284
"../../Plugins/Runtime/OpenXR/Content/Devices/OculusTouch_v3/BaseTexture.uasset" 2285
"../../Plugins/Runtime/OpenXR/Content/Devices/OculusTouch_v3/MRTexture.uasset" 2286
"../../Plugins/Runtime/OpenXR/Content/Devices/OculusTouch_v3/Right/right_OculusTouch_v3Controller.uasset" 2287
"../../Plugins/Runtime/Oculus/OculusVR/Content/Materials/OculusMR_ChromaKey.uasset" 2288
"../../../Engine/Content/Functions/Engine_MaterialFunctions02/Utility/BreakOutFloat4Components.uasset" 2289
"../../../Engine/Content/Functions/Engine_MaterialFunctions02/Utility/MakeFloat3.uasset" 2290
"../../Plugins/Runtime/Oculus/OculusVR/Content/Materials/OculusMR_OpaqueColoredMaterial.uasset" 2291
"../../Plugins/Runtime/Oculus/OculusVR/Content/Meshes/RiftHMD.uasset" 2292
"../../Plugins/Runtime/Oculus/OculusVR/Content/Meshes/LeftTouchController.uasset" 2293
"../../Plugins/Runtime/Oculus/OculusVR/Content/Materials/touchController_mat.uasset" 2294
"../../Plugins/Runtime/Oculus/OculusVR/Content/Textures/touchController_albedo.uasset" 2295
"../../Plugins/Runtime/Oculus/OculusVR/Content/Textures/touchController_controlmap.uasset" 2296
"../../Plugins/Runtime/Oculus/OculusVR/Content/Meshes/RightTouchController.uasset" 2297
"../../Plugins/Runtime/Oculus/OculusVR/Content/Meshes/LeftTouchForQuestRiftSController.uasset" 2298
"../../Plugins/Runtime/Oculus/OculusVR/Content/Materials/TouchForQuestRiftSControllerMaterial.uasset" 2299
"../../Plugins/Runtime/Oculus/OculusVR/Content/Textures/TouchForQuestRiftSController_albedo.uasset" 2300
"../../Plugins/Runtime/Oculus/OculusVR/Content/Meshes/RightTouchForQuestRiftSController.uasset" 2301
"../../../Engine/Content/EngineMaterials/RemoveSurfaceMaterial.uasset" 2302
"../../../Engine/Content/EngineDebugMaterials/DebugMeshMaterial.uasset" 2303
"../../../Engine/Content/EngineMaterials/EmissiveMeshMaterial.uasset" 2304
"../../../Engine/Content/EngineMaterials/DefaultWhiteGrid_Low.uasset" 2305
"../../../Engine/Content/EngineMaterials/M_InvalidLightmapSettings.uasset" 2306
"../../../Engine/Content/EngineMaterials/InvalidLightmapSettings.uasset" 2307
"../../../Engine/Content/EngineMaterials/GizmoMaterial.uasset" 2308
"../../../Engine/Content/EngineMaterials/PhAT_JointLimitMaterial.uasset" 2309
"../../../Engine/Content/Functions/Engine_MaterialFunctions02/WorldPositionOffset/CameraOffset.uasset" 2310
"../../../Engine/Content/EngineMaterials/Good64x64TilingNoiseHighFreq.uasset" 2311
"../../../Engine/Content/EngineMaterials/DefaultBokeh.uasset" 2312
"../../../Engine/Content/EngineMaterials/DefaultBloomKernel.uasset" 2313
"../../../Engine/Content/EngineMaterials/PreintegratedSkinBRDF.uasset" 2314
"../../../Engine/Content/EngineMaterials/MiniFont.uasset" 2315
"../../../Engine/Content/EngineMaterials/WeightMapPlaceholderTexture.uasset" 2316
"../../../Engine/Content/EngineMaterials/DefaultWhiteGrid.uasset" 2317
"../../../Engine/Content/EngineMaterials/BlueNoise.uasset" 2318
"../../../Engine/Content/EngineMaterials/DefaultPhysicalMaterial.uasset" 2319
"../../../../../../Users/Brayan/Desktop/banana odyssey/banana_odyssey/Intermediate/AssetRegistryCache/311563bb.bin" 2320
"../../../../../../Users/Brayan/Desktop/banana odyssey/banana_odyssey/Intermediate/AssetRegistryCache/c90e3f55.bin" 2321
"../../../../../../Users/Brayan/Desktop/banana odyssey/banana_odyssey/Content/2DSideScrollerBP/Maps/nivel1.umap" 2322
"../../../../../../Users/Brayan/Desktop/banana odyssey/banana_odyssey/Content/2DSideScrollerBP/Maps/nivel2.umap" 2323
"../../../../../../Users/Brayan/Desktop/banana odyssey/banana_odyssey/Content/2DSideScrollerBP/Maps/nivel1_BuiltData.uasset" 2324
"../../../../../../Users/Brayan/Desktop/banana odyssey/banana_odyssey/Content/niveles/obstaculos/MI_DM_RLPigeon_694da1de.uasset" 2325
"../../../../../../Users/Brayan/Desktop/banana odyssey/banana_odyssey/Content/niveles/obstaculos/M_toilet_paper_roll_contrail_253c929c.uasset" 2326
"../../../../../../Users/Brayan/Desktop/banana odyssey/banana_odyssey/Content/niveles/obstaculos/MI_Prop_TableClothDinner_01_7b63b127.uasset" 2327
"../../../../../../Users/Brayan/Desktop/banana odyssey/banana_odyssey/Content/niveles/obstaculos/M_RubberDuckStatic_62e6dfdc.uasset" 2328
"../../../../../../Users/Brayan/Desktop/banana odyssey/banana_odyssey/Content/niveles/obstaculos/M_DM_InnerTube_A_64c695d4.uasset" 2329
"../../../Engine/Content/BasicShapes/Cube.uasset" 2330
"../../../Engine/Content/BasicShapes/Sphere.uasset" 2331
"../../../Engine/Content/BasicShapes/Cone.uasset" 2332
"../../../Engine/Content/BasicShapes/Plane.uasset" 2333
"C:/Users/Brayan/AppData/Local/UnrealEngine/Common/DerivedDataCache/8/4/8/STATICMESH_9CE2B6FB46754B699726C4AA1515F12E_228332BAE0224DD294E232B87D83948FQU__A15E5745445C2F855BA5C0C5F7AF2EC2EE615E69.udd" 2334
"C:/Users/Brayan/AppData/Local/UnrealEngine/Common/DerivedDataCache/1/4/5/PHYSX_A08609EF508D460CBB6710540B03AACF_PHYSXPC_B2CA80DD4CB346F2CBF957A07A6C60C__1DC6E75602D1FED4809B60E4131BD5D5EC149739.udd" 2335
"C:/Users/Brayan/AppData/Local/UnrealEngine/Common/DerivedDataCache/3/0/8/NAVCOLLISION_2983273BE5D6425391E8C0B3D1C0A55D_NAVCOLLISION_X_B2CA80DD4CB346F2C__99F6651B9B3820CA842F4AD77453795807222E2E.udd" 2336
"../../../Engine/Content/EditorLandscapeResources/DefaultAlphaTexture.uasset" 2337
"../../../Engine/Content/EditorResources/S_Terrain.uasset" 2338
"../../../Engine/Content/EditorResources/SequenceRecorder/Countdown.uasset" 2339
"../../../Engine/Content/EditorResources/SequenceRecorder/RecordingIndicator.uasset" 2340
"../../../../../../Users/Brayan/Desktop/banana odyssey/banana_odyssey/Intermediate/AssetRegistryCache/4c37e0bb.bin" 2341
"C:/Users/Brayan/Desktop/banana odyssey/banana_odyssey/Saved/Cooked/WindowsNoEditor/banana_odyssey/Metadata/CookedIniVersion.txt" 2342
"C:/Users/Brayan/AppData/Local/UnrealEngine/Common/DerivedDataCache/5/9/0/ANIMSEQ_D0E639028BB74237AD0F9775C097BB85_0_4B5A63714ABB715CE39C429995F561575FB__CDA4560D918EA7010F16879CD0B90E3218018078.udd" 2343
"C:/Users/Brayan/AppData/Local/UnrealEngine/Common/DerivedDataCache/0/8/3/ANIMSEQ_D0E639028BB74237AD0F9775C097BB85_0_573BC5B54C4DAB70D8FF8281EAB9D55C5FB__5594047799A52293CB29B9A12AA80708CF20C31C.udd" 2344
"C:/Users/Brayan/AppData/Local/UnrealEngine/Common/DerivedDataCache/1/8/1/ANIMSEQ_D0E639028BB74237AD0F9775C097BB85_0_5101C18A4F2F84750881B8AF4D4F93935FB__DC619C23F1058D243FB3B4108CEE26ED556F601F.udd" 2345
"C:/Users/Brayan/AppData/Local/UnrealEngine/Common/DerivedDataCache/1/3/2/ANIMSEQ_D0E639028BB74237AD0F9775C097BB85_0_7593F4C441E936FEA74D49B900D839945FB__4DCBDAAEF525AD57415CBF522649BDA66AC07950.udd" 2346
"C:/Users/Brayan/AppData/Local/UnrealEngine/Common/DerivedDataCache/0/6/3/ANIMSEQ_D0E639028BB74237AD0F9775C097BB85_0_754131B744F708B6275621FB680AFF425FB__749E83404A2D3FC96565D1EBDB1B69B67568B2D5.udd" 2347
"C:/Users/Brayan/AppData/Local/UnrealEngine/Common/DerivedDataCache/8/9/7/ANIMSEQ_D0E639028BB74237AD0F9775C097BB85_0_654B48424B8DA7A5C0AEF7BFC6767B885FB__648003C27C5FD830DE52DC105CE5C1738AC18CC0.udd" 2348
"C:/Users/Brayan/AppData/Local/UnrealEngine/Common/DerivedDataCache/8/2/7/ANIMSEQ_D0E639028BB74237AD0F9775C097BB85_0_7C3B3D9B4E2D3BD4D254DCBFF0B0D7455FB__2C611EB64DFB95F359FCE2743DEA2134CED3F445.udd" 2349
"C:/Users/Brayan/AppData/Local/UnrealEngine/Common/DerivedDataCache/4/4/0/TEXTURE_E01F4250BECD420DA9CE63B5EECEC2C2_OODLE_AUTODXT_11_0DAA61C54E49632D9805__06D422FA2EB79EBC5955A2D33D1FAA183BFBE005.udd" 2350
"C:/Users/Brayan/AppData/Local/UnrealEngine/Common/DerivedDataCache/0/7/6/TEXTURE_E01F4250BECD420DA9CE63B5EECEC2C2_OODLE_AUTODXT_11_0DAA61C54E49632D9805__96A65A19FAC5F5591FE5DA31F34544D2C9B3FC17.udd" 2351
"C:/Users/Brayan/AppData/Local/UnrealEngine/Common/DerivedDataCache/8/8/3/TEXTURE_E01F4250BECD420DA9CE63B5EECEC2C2_OODLE_AUTODXT_11_0DAA61C54E49632D9805__98F29C424C1025D26492C1A7FAAD5899445009B0.udd" 2352
"C:/Users/Brayan/AppData/Local/UnrealEngine/Common/DerivedDataCache/5/2/6/TEXTURE_E01F4250BECD420DA9CE63B5EECEC2C2_OODLE_AUTODXT_11_0DAA61C54E49632D9805__40E06548A117E8A48BCBD45428A9C16A45B0DD94.udd" 2353
"C:/Users/Brayan/AppData/Local/UnrealEngine/Common/DerivedDataCache/6/4/5/TEXTURE_E01F4250BECD420DA9CE63B5EECEC2C2_OODLE_AUTODXT_11_0DAA61C54E49632D9805__EF5ED3B253096C62375087B5F9B91369CB3C663F.udd" 2354
"C:/Users/Brayan/AppData/Local/UnrealEngine/Common/DerivedDataCache/8/6/8/TEXTURE_E01F4250BECD420DA9CE63B5EECEC2C2_OODLE_BC5_11_3CC2B0374E72E8BB49372C97__8792C97977EA53DCEBEB66203F0593A4E79CE78E.udd" 2355
"C:/Users/Brayan/AppData/Local/UnrealEngine/Common/DerivedDataCache/8/7/8/TEXTURE_E01F4250BECD420DA9CE63B5EECEC2C2_OODLE_BC5_11_3CC2B0374E72E8BB49372C97__6188CB43FB5B37981C2C36D2BDD7E9E221B1A0D0.udd" 2356
"C:/Users/Brayan/AppData/Local/UnrealEngine/Common/DerivedDataCache/8/5/8/TEXTURE_E01F4250BECD420DA9CE63B5EECEC2C2_OODLE_BC5_11_3CC2B0374E72E8BB49372C97__FE541A4CBFFCEDF3B198BD37F6B7B4D6C3CD402E.udd" 2357
"C:/Users/Brayan/AppData/Local/UnrealEngine/Common/DerivedDataCache/5/7/4/TEXTURE_E01F4250BECD420DA9CE63B5EECEC2C2_OODLE_BC5_11_3CC2B0374E72E8BB49372C97__8C3C904D0C0F841680E5260313C2C34D8858CF21.udd" 2358
"C:/Users/Brayan/AppData/Local/UnrealEngine/Common/DerivedDataCache/1/4/6/TEXTURE_E01F4250BECD420DA9CE63B5EECEC2C2_OODLE_BC5_11_3CC2B0374E72E8BB49372C97__135D1662794451351A17B975F051F888E8FBB4FD.udd" 2359
"C:/Users/Brayan/AppData/Local/UnrealEngine/Common/DerivedDataCache/8/8/6/TEXTURE_E01F4250BECD420DA9CE63B5EECEC2C2_OODLE_AUTODXT_11_5092F42E4E00C3403055__87598F1DFD330892E8B46C8B43D583F0C3DCAB1C.udd" 2360
"C:/Users/Brayan/AppData/Local/UnrealEngine/Common/DerivedDataCache/8/9/2/TEXTURE_E01F4250BECD420DA9CE63B5EECEC2C2_OODLE_AUTODXT_11_5092F42E4E00C3403055__8D67EA33607B071C9F991AA3278764AD678563B0.udd" 2361
"C:/Users/Brayan/AppData/Local/UnrealEngine/Common/DerivedDataCache/3/1/3/TEXTURE_E01F4250BECD420DA9CE63B5EECEC2C2_OODLE_AUTODXT_11_5092F42E4E00C3403055__8F33FF6AF6B1707C53E2EBD0C05D774BB155D5BF.udd" 2362
"C:/Users/Brayan/AppData/Local/UnrealEngine/Common/DerivedDataCache/4/9/1/TEXTURE_E01F4250BECD420DA9CE63B5EECEC2C2_OODLE_AUTODXT_11_5092F42E4E00C3403055__D9FCBCBB9FFB3CD78DDF54B60BD1A89308227EE6.udd" 2363
"C:/Users/Brayan/AppData/Local/UnrealEngine/Common/DerivedDataCache/6/3/5/TEXTURE_E01F4250BECD420DA9CE63B5EECEC2C2_OODLE_AUTODXT_11_5092F42E4E00C3403055__5AA3E90524A8241B3E1E8E8731E114625A22FEE2.udd" 2364
"C:/Users/Brayan/AppData/Local/UnrealEngine/Common/DerivedDataCache/3/0/1/MATSM_0BA69734E4FD45E082FA4560DBE25454_PCD3D_SM5_8__BC5N_NOCCBN_NOIRIS_DEV_SL___C47ED407D37D801CCDEE411EC1550134DCE94FA4.udd" 2365
"../../../Engine/Content/EngineMaterials/DefaultCalibrationGrayscale.uasset" 2366
"../../../Engine/Content/EngineMaterials/PPM_DefaultCalibrationGrayscale.uasset" 2367
"../../../Engine/Content/EngineMaterials/DefaultCalibrationColor.uasset" 2368
"../../../Engine/Content/EngineMaterials/PPM_DefaultCalibrationColor.uasset" 2369
"../../../Engine/Content/MobileResources/HUD/VirtualJoystick_Thumb.uasset" 2370
"../../../Engine/Content/MobileResources/HUD/VirtualJoystick_Background.uasset" 2371
"../../../Engine/Content/MobileResources/HUD/LeftVirtualJoystickOnly.uasset" 2372
"C:/Users/Brayan/Desktop/banana odyssey/banana_odyssey/Content/2DSideScroller/Sprites/nose.uasset" 2373
"C:/Users/Brayan/Desktop/banana odyssey/banana_odyssey/Content/2DSideScroller/Sprites/banano_PhysicsAsset.uasset" 2374
"C:/Users/Brayan/Desktop/banana odyssey/banana_odyssey/Content/2DSideScroller/Sprites/NewAnimBlueprint.uasset" 2375
"C:/Users/Brayan/Desktop/banana odyssey/banana_odyssey/Content/animaciones/banano_da?o.uasset" 2376
"C:/Users/Brayan/Desktop/banana odyssey/banana_odyssey/Content/2DSideScroller/Sprites/T_M_MED_Peely_Toon_Body_SSC.uasset" 2377
"C:/Users/Brayan/Desktop/banana odyssey/banana_odyssey/Content/2DSideScroller/Sprites/T_M_MED_Peely_Toon_Body_N.uasset" 2378
"C:/Users/Brayan/Desktop/banana odyssey/banana_odyssey/Content/2DSideScroller/Sprites/banano_Anim.uasset" 2379
"C:/Users/Brayan/Desktop/banana odyssey/banana_odyssey/Content/2DSideScroller/Sprites/T_M_MED_Peely_Toon_Body_D.uasset" 2380
"C:/Users/Brayan/Desktop/banana odyssey/banana_odyssey/Content/2DSideScroller/Sprites/T_M_MED_Peely_Toon_Body_DF.uasset" 2381
"C:/Users/Brayan/Desktop/banana odyssey/banana_odyssey/Content/2DSideScroller/Sprites/M_MED_Peely_Toon_Body_232989f2.uasset" 2382
"C:/Users/Brayan/Desktop/banana odyssey/banana_odyssey/Content/2DSideScroller/Sprites/banano.uasset" 2383
"C:/Users/Brayan/Desktop/banana odyssey/banana_odyssey/Content/2DSideScroller/Sprites/BP_BananoCharacter.uasset" 2384
"C:/Users/Brayan/Desktop/banana odyssey/banana_odyssey/Content/2DSideScrollerBP/Blueprints/2DSideScrollerGameMode.uasset" 2385
"C:/Users/Brayan/AppData/Local/UnrealEngine/Common/DerivedDataCache/5/5/2/ANIMSEQ_D0E639028BB74237AD0F9775C097BB85_0_5E879F2E486C6FD83E9DD5A49C395F025FB__41BEB748C311D4B5566F7773A9E821A3E2FEDC21.udd" 2386
"C:/Users/Brayan/AppData/Local/UnrealEngine/Common/DerivedDataCache/9/1/8/SKELETALMESH_91550326BADA436B92C8BF16C910465C_7B82695444086495C0DB1EA33A35736E__5A912CB38D07FB43F6FEA9B5B2947D2D2DA57C77.udd" 2387
"C:/Users/Brayan/AppData/Local/UnrealEngine/Common/DerivedDataCache/4/1/3/ANIMSEQ_D0E639028BB74237AD0F9775C097BB85_0_E6135F5942893325BF3E2DB043B4D9695FB__3B9EFF3FA7C0280D70C40AD72CA773B6E137CD84.udd" 2388
"C:/Users/Brayan/Desktop/banana odyssey/banana_odyssey/Content/2DSideScroller/menuprincipal_Mat.uasset" 2389
"C:/Users/Brayan/Desktop/banana odyssey/banana_odyssey/Content/StarterContent/Materials/M_Basic_Floor.uasset" 2390
"C:/Users/Brayan/Desktop/banana odyssey/banana_odyssey/Content/2DSideScroller/Sprites/PlayerStart_Blueprint.uasset" 2391
"C:/Users/Brayan/Desktop/banana odyssey/banana_odyssey/Content/2DSideScroller/2_1__Mat.uasset" 2392
"C:/Users/Brayan/Desktop/banana odyssey/banana_odyssey/Content/2DSideScrollerBP/Maps/menu.umap" 2393
"C:/Users/Brayan/Desktop/banana odyssey/banana_odyssey/Content/sonidos/menuuu.uasset" 2394
"C:/Users/Brayan/Desktop/banana odyssey/banana_odyssey/Content/2DSideScrollerBP/Maps/menu_BuiltData.uasset" 2395
"C:/Users/Brayan/Desktop/banana odyssey/banana_odyssey/Content/2DSideScroller/menuprincipal.uasset" 2396
"C:/Users/Brayan/Desktop/banana odyssey/banana_odyssey/Content/2DSideScroller/2_1_.uasset" 2397
"C:/Users/Brayan/Desktop/banana odyssey/banana_odyssey/Content/2DSideScroller/1_1_.uasset" 2398
"C:/Users/Brayan/Desktop/banana odyssey/banana_odyssey/Content/2DSideScroller/1_1__Mat.uasset" 2399
"C:/Users/Brayan/AppData/Local/UnrealEngine/Common/DerivedDataCache/1/2/0/AUDIO_0005_0000_OGG10000$2D1$2D1$2D1$2D1$2D1_0004_B43BFF7A45BEE62E90861CB9A44FC126.udd" 2400
"C:/Users/Brayan/AppData/Local/UnrealEngine/Common/DerivedDataCache/8/2/4/TEXTURE_E01F4250BECD420DA9CE63B5EECEC2C2_OODLE_AUTODXT_11_4A09EF5245C849B80684__58C7F4569A4B322F9E42060BDFC612C7130310BB.udd" 2401
"C:/Users/Brayan/AppData/Local/UnrealEngine/Common/DerivedDataCache/0/9/6/TEXTURE_E01F4250BECD420DA9CE63B5EECEC2C2_OODLE_AUTODXT_11_4A09EF5245C849B80684__6A28B75A644E2A6EC9451946FF4549E624716424.udd" 2402
"C:/Users/Brayan/AppData/Local/UnrealEngine/Common/DerivedDataCache/3/9/8/TEXTURE_E01F4250BECD420DA9CE63B5EECEC2C2_OODLE_AUTODXT_11_4A09EF5245C849B80684__8FD57CD73FD6EE62FD77223E55982FD721D1DBB1.udd" 2403
"C:/Users/Brayan/AppData/Local/UnrealEngine/Common/DerivedDataCache/7/0/2/TEXTURE_E01F4250BECD420DA9CE63B5EECEC2C2_OODLE_AUTODXT_11_4A09EF5245C849B80684__9AF6D27AADFD6EAEED83554DC8A630DD41E8D468.udd" 2404
"C:/Users/Brayan/AppData/Local/UnrealEngine/Common/DerivedDataCache/1/4/8/TEXTURE_E01F4250BECD420DA9CE63B5EECEC2C2_OODLE_AUTODXT_11_4A09EF5245C849B80684__5CA1B76A94FA9EFD6759C20F18FBC0A08D43484B.udd" 2405
"C:/Users/Brayan/AppData/Local/UnrealEngine/Common/DerivedDataCache/6/4/0/TEXTURE_E01F4250BECD420DA9CE63B5EECEC2C2_OODLE_AUTODXT_11_4A09EF5245C849B80684__F4762C77465AD0938E4F881D221AF1E7E7037BAC.udd" 2406
"C:/Users/Brayan/AppData/Local/UnrealEngine/Common/DerivedDataCache/4/8/1/TEXTURE_E01F4250BECD420DA9CE63B5EECEC2C2_OODLE_BC5_11_C33B63794349557AF823BFA4__BECA5F4B8105536E9B7EBE02313337E004AEE968.udd" 2407
"C:/Users/Brayan/AppData/Local/UnrealEngine/Common/DerivedDataCache/9/3/3/TEXTURE_E01F4250BECD420DA9CE63B5EECEC2C2_OODLE_BC5_11_C33B63794349557AF823BFA4__3DFF080D84D251E5237A5AF7CBFAACEC924E88BC.udd" 2408
"C:/Users/Brayan/AppData/Local/UnrealEngine/Common/DerivedDataCache/0/8/2/TEXTURE_E01F4250BECD420DA9CE63B5EECEC2C2_OODLE_BC5_11_C33B63794349557AF823BFA4__54F22B65C1FEE366556E26669CA408C0001757CB.udd" 2409
"C:/Users/Brayan/AppData/Local/UnrealEngine/Common/DerivedDataCache/1/0/2/TEXTURE_E01F4250BECD420DA9CE63B5EECEC2C2_OODLE_BC5_11_C33B63794349557AF823BFA4__E133E52BAC2FA18EF1F4E0F1B22ED73CD90C8CA3.udd" 2410
"C:/Users/Brayan/AppData/Local/UnrealEngine/Common/DerivedDataCache/5/2/4/TEXTURE_E01F4250BECD420DA9CE63B5EECEC2C2_OODLE_BC5_11_C33B63794349557AF823BFA4__AAD6F2496CFBEFA89C6329A9F50C749FD5EDFE4D.udd" 2411
"C:/Users/Brayan/AppData/Local/UnrealEngine/Common/DerivedDataCache/6/4/1/TEXTURE_E01F4250BECD420DA9CE63B5EECEC2C2_OODLE_BC5_11_C33B63794349557AF823BFA4__43E584CF5307B9879D2955C089D71DC18EBC1EC2.udd" 2412
"C:/Users/Brayan/AppData/Local/UnrealEngine/Common/DerivedDataCache/3/4/3/TEXTURE_E01F4250BECD420DA9CE63B5EECEC2C2_OODLE_AUTODXT_11_9AC2A5C242F8E69065CA__30642DABDEC8746D396A3DD7D1346F63AE623EE7.udd" 2413
"C:/Users/Brayan/AppData/Local/UnrealEngine/Common/DerivedDataCache/0/3/7/TEXTURE_E01F4250BECD420DA9CE63B5EECEC2C2_OODLE_AUTODXT_11_9AC2A5C242F8E69065CA__B4FC8A5354BBAC940E87CBAEFBE280A1BAAB1F19.udd" 2414
"C:/Users/Brayan/AppData/Local/UnrealEngine/Common/DerivedDataCache/1/9/7/TEXTURE_E01F4250BECD420DA9CE63B5EECEC2C2_OODLE_AUTODXT_11_9AC2A5C242F8E69065CA__39CEA1D5FDC1A0F0732D1B99665679D380679AC4.udd" 2415
"C:/Users/Brayan/AppData/Local/UnrealEngine/Common/DerivedDataCache/0/9/6/TEXTURE_E01F4250BECD420DA9CE63B5EECEC2C2_OODLE_AUTODXT_11_9AC2A5C242F8E69065CA__A4EE2AFB4AC9B8F9B24F4E3C63A663211961F815.udd" 2416
"C:/Users/Brayan/AppData/Local/UnrealEngine/Common/DerivedDataCache/1/1/2/TEXTURE_E01F4250BECD420DA9CE63B5EECEC2C2_OODLE_AUTODXT_11_4304187A4F504502DB28__BC8454C3E54FAE1F00B89BA3A6573C8F61D826F6.udd" 2417
"C:/Users/Brayan/AppData/Local/UnrealEngine/Common/DerivedDataCache/5/2/8/TEXTURE_E01F4250BECD420DA9CE63B5EECEC2C2_OODLE_AUTODXT_11_4304187A4F504502DB28__975AD0F0E67BF8AEB3AC4716A479DF19262A8928.udd" 2418
"C:/Users/Brayan/AppData/Local/UnrealEngine/Common/DerivedDataCache/7/6/0/TEXTURE_E01F4250BECD420DA9CE63B5EECEC2C2_OODLE_AUTODXT_11_4304187A4F504502DB28__FE74B22A2027F1177755E6ABCAF84A3F7A54D29F.udd" 2419
"C:/Users/Brayan/AppData/Local/UnrealEngine/Common/DerivedDataCache/6/5/1/TEXTURE_E01F4250BECD420DA9CE63B5EECEC2C2_OODLE_AUTODXT_11_4304187A4F504502DB28__C2647DA8F7D8EC6AF2902C42FF355DEFC10538E7.udd" 2420
"C:/Users/Brayan/AppData/Local/UnrealEngine/Common/DerivedDataCache/6/8/2/TEXTURE_E01F4250BECD420DA9CE63B5EECEC2C2_OODLE_AUTODXT_11_4304187A4F504502DB28__70B7920EEC6BAAF923303E56F487BA6752E1D2AC.udd" 2421
"C:/Users/Brayan/AppData/Local/UnrealEngine/Common/DerivedDataCache/4/8/3/TEXTURE_E01F4250BECD420DA9CE63B5EECEC2C2_OODLE_AUTODXT_11_4304187A4F504502DB28__204EA62D43FAF070CBFD438E5C001AF1867B483D.udd" 2422
"C:/Users/Brayan/AppData/Local/UnrealEngine/Common/DerivedDataCache/2/2/3/MATSM_0BA69734E4FD45E082FA4560DBE25454_PCD3D_SM5_8__BC5N_NOCCBN_NOIRIS_DEV_SL___F231CA5720E820A5F815B79F86BB1B153A131575.udd" 2423
"../../../Engine/Content/EditorMaterials/PreviewShadowIndicator.uasset" 2424
"../../../Engine/Content/EditorMaterials/PreviewShadowIndicatorMaterial.uasset" 2425
"../../../Engine/Content/EngineDebugMaterials/DebugEditorMaterial.uasset" 2426
"../../../Engine/Content/EditorResources/BSPVertex.uasset" 2427
"../../../Engine/Content/EngineSounds/Submixes/MasterSubmixDefault.uasset" 2428
"../../../Engine/Content/EngineSounds/Submixes/MasterEQSubmixDefault.uasset" 2429
"../../../Engine/Content/EngineSounds/Submixes/MasterEQEffectPreset.uasset" 2430
"../../../Engine/Content/EngineSounds/Submixes/MasterReverbSubmixDefault.uasset" 2431
"../../../Engine/Content/EngineSounds/Submixes/MasterReverbEffectPreset.uasset" 2432
"../../../../../../Users/Brayan/Desktop/banana odyssey/banana_odyssey/Content/2DSideScrollerBP/Maps/menu.umap" 2433
"C:/Users/Brayan/AppData/Local/UnrealEngine/Common/DerivedDataCache/5/9/1/STREAMEDAUDIO_BC6E92FBBD314E3B9B9EC6778749EB5E_OGG10000$2D1$2D1$2D1$2D1$2D1_4_B43BFF7A45BEE62E90861CB9A44FC126.udd" 2434
"C:/Users/Brayan/AppData/Local/UnrealEngine/Common/DerivedDataCache/2/0/6/TEXTURE_E01F4250BECD420DA9CE63B5EECEC2C2_OODLE_AUTODXT_11_A71A0C4C452CCDF2CEB7__F375B4248D60A4FBED5CB3F6A9866CC909905901.udd" 2435
"C:/Users/Brayan/AppData/Local/UnrealEngine/Common/DerivedDataCache/6/2/1/MATSM_0BA69734E4FD45E082FA4560DBE25454_PCD3D_SM5_8__BC5N_NOCCBN_NOIRIS_DEV_SL___0ABE8D82BB4C628008E0D50428D2E9F22342102E.udd" 2436
"../../../Engine/Content/EngineSounds/Master.uasset" 2437
"C:/Users/Brayan/AppData/Local/UnrealEngine/Common/DerivedDataCache/1/7/0/TEXTURE_E01F4250BECD420DA9CE63B5EECEC2C2_OODLE_AUTODXT_11_E43855704866B4DABD35__1EF5EEAD0BCA06D6623A528EF0CAFCB915688254.udd" 2438
"../../../Engine/Content/MobileResources/HUD/T_Castle_ThumbstickOutter.uasset" 2439
"C:/Users/Brayan/AppData/Local/UnrealEngine/Common/DerivedDataCache/1/5/8/MATSM_0BA69734E4FD45E082FA4560DBE25454_PCD3D_SM5_8__BC5N_NOCCBN_NOIRIS_DEV_SL___9ACEB86A196676B1B5A37C0BCC3A2D54DB6B2D55.udd" 2440
"../../../Engine/Content/MobileResources/HUD/T_Castle_ThumbstickInner.uasset" 2441
"C:/Users/Brayan/AppData/Local/UnrealEngine/Common/DerivedDataCache/5/1/7/TEXTURE_E01F4250BECD420DA9CE63B5EECEC2C2_BGRA8_42F2F4F2413C9337352EA19084524C4__B698E5684B281ACBACDC20EF05FE1BE230122684.udd" 2442
"../../../Engine/Content/MobileResources/HUD/MobileHUDDirectionStick.uasset" 2443
"C:/Users/Brayan/AppData/Local/UnrealEngine/Common/DerivedDataCache/1/0/3/MATSM_0BA69734E4FD45E082FA4560DBE25454_PCD3D_SM5_8__BC5N_NOCCBN_NOIRIS_DEV_SL___79EEC4CEAF0513AE9E17528F2EAC7A24502CD7AE.udd" 2444
"../../../Engine/Content/MobileResources/HUD/MobileHUDDirectionPad3.uasset" 2445
"../../../Engine/Content/MobileResources/HUD/MobileHUDDirectionPad2.uasset" 2446
"../../../Engine/Content/MobileResources/HUD/MobileHUDDirectionPad.uasset" 2447
"../../../Engine/Content/EditorResources/EmptyActor.uasset" 2448
"../../../Engine/Content/EditorResources/AudioIcons/S_AudioComponent_AutoActivate.uasset" 2449
"../../../Engine/Content/MobileResources/HUD/MobileHUDButtonFire.uasset" 2450
"../../../Engine/Content/MobileResources/HUD/MobileHUDButton3.uasset" 2451
"../../../Engine/Content/MobileResources/HUD/MobileHUDButton2_on.uasset" 2452
"../../../Engine/Content/MobileResources/HUD/MobileHUDButton2_off.uasset" 2453
"../../../Engine/Content/MobileResources/HUD/MobileHUDButton1_on.uasset" 2454
"../../../Engine/Content/MobileResources/HUD/MobileHUDButton1_off.uasset" 2455
"../../../Engine/Content/MobileResources/HUD/DefaultVirtualJoysticks.uasset" 2456
"../../../Engine/Content/MobileResources/HUD/AnalogHat.uasset" 2457
"../../../Engine/Content/MobileResources/T_MobileMenu2.uasset" 2458
"../../../Engine/Content/MobileResources/T_MobileControls_texture.uasset" 2459
"../../../Engine/Content/Maps/Entry_BuiltData.uasset" 2460
"../../../Engine/Content/Maps/Entry.umap" 2461
"C:/Users/Brayan/Desktop/banana odyssey/banana_odyssey/Content/StarterContent/Shapes/Shape_QuadPyramid.uasset" 2462
"C:/Users/Brayan/Desktop/banana odyssey/banana_odyssey/Content/StarterContent/Shapes/Shape_Sphere.uasset" 2463
"C:/Users/Brayan/Desktop/banana odyssey/banana_odyssey/Content/StarterContent/Materials/M_Basic_Wall.uasset" 2464
"C:/Users/Brayan/Desktop/banana odyssey/banana_odyssey/Content/StarterContent/Textures/T_Frame_M.uasset" 2465
"C:/Users/Brayan/Desktop/banana odyssey/banana_odyssey/Content/StarterContent/Shapes/Shape_Cube.uasset" 2466
"C:/Users/Brayan/Desktop/banana odyssey/banana_odyssey/Content/StarterContent/Props/Materials/M_Frame.uasset" 2467
"C:/Users/Brayan/Desktop/banana odyssey/banana_odyssey/Content/StarterContent/Props/SM_WindowFrame.uasset" 2468
"C:/Users/Brayan/Desktop/banana odyssey/banana_odyssey/Content/StarterContent/Textures/T_Frame_N.uasset" 2469
"C:/Users/Brayan/Desktop/banana odyssey/banana_odyssey/Content/StarterContent/Props/SM_PillarFrame300.uasset" 2470
"C:/Users/Brayan/Desktop/banana odyssey/banana_odyssey/Content/StarterContent/Props/SM_PillarFrame.uasset" 2471
"C:/Users/Brayan/Desktop/banana odyssey/banana_odyssey/Content/niveles/texturas_nivel_1/skibidys/T_Water2_N.uasset" 2472
"C:/Users/Brayan/Desktop/banana odyssey/banana_odyssey/Content/niveles/texturas_nivel_1/skibidys/T_TilingClouds_D.uasset" 2473
"C:/Users/Brayan/Desktop/banana odyssey/banana_odyssey/Content/StarterContent/Materials/M_Glass.uasset" 2474
"C:/Users/Brayan/Desktop/banana odyssey/banana_odyssey/Content/StarterContent/Props/SM_GlassWindow.uasset" 2475
"C:/Users/Brayan/Desktop/banana odyssey/banana_odyssey/Content/StarterContent/Props/SM_DoorFrame.uasset" 2476
"C:/Users/Brayan/Desktop/banana odyssey/banana_odyssey/Content/StarterContent/Props/SM_CornerFrame.uasset" 2477
"C:/Users/Brayan/Desktop/banana odyssey/banana_odyssey/Content/StarterContent/Props/MaterialSphere.uasset" 2478
"C:/Users/Brayan/Desktop/banana odyssey/banana_odyssey/Content/StarterContent/Textures/T_Dust_Particle_D.uasset" 2479
"C:/Users/Brayan/Desktop/banana odyssey/banana_odyssey/Content/StarterContent/Particles/Materials/M_Dust_Particle.uasset" 2480
"C:/Users/Brayan/Desktop/banana odyssey/banana_odyssey/Content/StarterContent/Particles/P_Ambient_Dust.uasset" 2481
"C:/Users/Brayan/Desktop/banana odyssey/banana_odyssey/Content/StarterContent/Textures/T_MacroVariation.uasset" 2482
"C:/Users/Brayan/Desktop/banana odyssey/banana_odyssey/Content/StarterContent/Textures/T_Wood_Walnut_N.uasset" 2483
"C:/Users/Brayan/Desktop/banana odyssey/banana_odyssey/Content/StarterContent/Textures/T_Wood_Walnut_D.uasset" 2484
"C:/Users/Brayan/Desktop/banana odyssey/banana_odyssey/Content/StarterContent/Materials/M_Wood_Walnut.uasset" 2485
"C:/Users/Brayan/Desktop/banana odyssey/banana_odyssey/Content/StarterContent/Textures/T_Perlin_Noise_M.uasset" 2486
"C:/Users/Brayan/Desktop/banana odyssey/banana_odyssey/Content/StarterContent/Textures/T_Wood_Pine_N.uasset" 2487
"C:/Users/Brayan/Desktop/banana odyssey/banana_odyssey/Content/StarterContent/Textures/T_Wood_Pine_D.uasset" 2488
"C:/Users/Brayan/Desktop/banana odyssey/banana_odyssey/Content/StarterContent/Materials/M_Wood_Pine.uasset" 2489
"C:/Users/Brayan/Desktop/banana odyssey/banana_odyssey/Content/StarterContent/Textures/T_Wood_Oak_N.uasset" 2490
"C:/Users/Brayan/Desktop/banana odyssey/banana_odyssey/Content/StarterContent/Textures/T_Wood_Oak_D.uasset" 2491
"C:/Users/Brayan/Desktop/banana odyssey/banana_odyssey/Content/StarterContent/Materials/M_Wood_Oak.uasset" 2492
"C:/Users/Brayan/Desktop/banana odyssey/banana_odyssey/Content/StarterContent/Textures/T_Wood_Floor_Walnut_M.uasset" 2493
"C:/Users/Brayan/Desktop/banana odyssey/banana_odyssey/Content/StarterContent/Textures/T_Wood_Floor_Walnut_D.uasset" 2494
"../../../Engine/Content/Functions/Engine_MaterialFunctions01/Opacity/AlphaOffset.uasset" 2495
"C:/Users/Brayan/Desktop/banana odyssey/banana_odyssey/Content/StarterContent/Textures/T_Wood_Floor_Walnut_N.uasset" 2496
"C:/Users/Brayan/Desktop/banana odyssey/banana_odyssey/Content/StarterContent/Materials/M_Wood_Floor_Walnut_Worn.uasset" 2497
"C:/Users/Brayan/Desktop/banana odyssey/banana_odyssey/Content/StarterContent/Materials/M_Wood_Floor_Walnut_Polished.uasset" 2498
"C:/Users/Brayan/Desktop/banana odyssey/banana_odyssey/Content/StarterContent/Textures/T_Water_M.uasset" 2499
"C:/Users/Brayan/Desktop/banana odyssey/banana_odyssey/Content/StarterContent/Textures/T_Water_N.uasset" 2500
"../../../Engine/Content/Functions/Engine_MaterialFunctions02/Utility/BlendAngleCorrectedNormals.uasset" 2501
"C:/Users/Brayan/Desktop/banana odyssey/banana_odyssey/Content/StarterContent/Materials/M_Water_Ocean.uasset" 2502
"C:/Users/Brayan/Desktop/banana odyssey/banana_odyssey/Content/StarterContent/Materials/M_Water_Lake.uasset" 2503
"C:/Users/Brayan/Desktop/banana odyssey/banana_odyssey/Content/StarterContent/Textures/T_Tech_Panel_N.uasset" 2504
"C:/Users/Brayan/Desktop/banana odyssey/banana_odyssey/Content/StarterContent/Textures/T_Tech_Panel_M.uasset" 2505
"C:/Users/Brayan/Desktop/banana odyssey/banana_odyssey/Content/StarterContent/Textures/T_Metal_Steel_D.uasset" 2506
"C:/Users/Brayan/Desktop/banana odyssey/banana_odyssey/Content/StarterContent/Materials/M_Tech_Panel.uasset" 2507
"C:/Users/Brayan/Desktop/banana odyssey/banana_odyssey/Content/StarterContent/Textures/T_Tech_Hex_Tile_N.uasset" 2508
"C:/Users/Brayan/Desktop/banana odyssey/banana_odyssey/Content/StarterContent/Textures/T_Tech_Hex_Tile_M.uasset" 2509
"C:/Users/Brayan/Desktop/banana odyssey/banana_odyssey/Content/StarterContent/Materials/M_Tech_Hex_Tile_Pulse.uasset" 2510
"C:/Users/Brayan/Desktop/banana odyssey/banana_odyssey/Content/StarterContent/Materials/M_Tech_Hex_Tile.uasset" 2511
"C:/Users/Brayan/Desktop/banana odyssey/banana_odyssey/Content/StarterContent/Textures/T_Tech_Dot_N.uasset" 2512
"C:/Users/Brayan/Desktop/banana odyssey/banana_odyssey/Content/StarterContent/Textures/T_Tech_Dot_M.uasset" 2513
"C:/Users/Brayan/Desktop/banana odyssey/banana_odyssey/Content/StarterContent/Textures/T_Single_Tile_N.uasset" 2514
"C:/Users/Brayan/Desktop/banana odyssey/banana_odyssey/Content/StarterContent/Textures/T_Checker_Noise_M.uasset" 2515
"C:/Users/Brayan/Desktop/banana odyssey/banana_odyssey/Content/StarterContent/Materials/M_Tech_Checker_Dot.uasset" 2516
"C:/Users/Brayan/Desktop/banana odyssey/banana_odyssey/Content/StarterContent/Textures/T_Rock_Slate_N.uasset" 2517
"C:/Users/Brayan/Desktop/banana odyssey/banana_odyssey/Content/StarterContent/Textures/T_Rock_Slate_D.uasset" 2518
"C:/Users/Brayan/Desktop/banana odyssey/banana_odyssey/Content/StarterContent/Materials/M_Rock_Slate.uasset" 2519
"C:/Users/Brayan/Desktop/banana odyssey/banana_odyssey/Content/StarterContent/Textures/T_Rock_Sandstone_N.uasset" 2520
"C:/Users/Brayan/Desktop/banana odyssey/banana_odyssey/Content/StarterContent/Textures/T_Rock_Sandstone_D.uasset" 2521
"C:/Users/Brayan/Desktop/banana odyssey/banana_odyssey/Content/StarterContent/Materials/M_Rock_Sandstone.uasset" 2522
"C:/Users/Brayan/Desktop/banana odyssey/banana_odyssey/Content/StarterContent/Textures/T_Metal_Gold_N.uasset" 2523
"C:/Users/Brayan/Desktop/banana odyssey/banana_odyssey/Content/StarterContent/Textures/T_Rock_Marble_Polished_D.uasset" 2524
"C:/Users/Brayan/Desktop/banana odyssey/banana_odyssey/Content/StarterContent/Materials/M_Rock_Marble_Polished.uasset" 2525
"C:/Users/Brayan/Desktop/banana odyssey/banana_odyssey/Content/StarterContent/Textures/T_Rock_Basalt_N.uasset" 2526
"C:/Users/Brayan/Desktop/banana odyssey/banana_odyssey/Content/StarterContent/Textures/T_Rock_Basalt_D.uasset" 2527
"C:/Users/Brayan/Desktop/banana odyssey/banana_odyssey/Content/StarterContent/Materials/M_Rock_Basalt.uasset" 2528
"C:/Users/Brayan/Desktop/banana odyssey/banana_odyssey/Content/StarterContent/Textures/T_Metal_Steel_N.uasset" 2529
"C:/Users/Brayan/Desktop/banana odyssey/banana_odyssey/Content/StarterContent/Materials/M_Metal_Steel.uasset" 2530
"C:/Users/Brayan/Desktop/banana odyssey/banana_odyssey/Content/StarterContent/Textures/T_Metal_Rust_D.uasset" 2531
"C:/Users/Brayan/Desktop/banana odyssey/banana_odyssey/Content/StarterContent/Textures/T_Metal_Rust_N.uasset" 2532
"C:/Users/Brayan/Desktop/banana odyssey/banana_odyssey/Content/StarterContent/Materials/M_Metal_Rust.uasset" 2533
"C:/Users/Brayan/Desktop/banana odyssey/banana_odyssey/Content/StarterContent/Textures/T_Metal_Gold_D.uasset" 2534
"C:/Users/Brayan/Desktop/banana odyssey/banana_odyssey/Content/StarterContent/Materials/M_Metal_Gold.uasset" 2535
"C:/Users/Brayan/Desktop/banana odyssey/banana_odyssey/Content/StarterContent/Materials/M_Metal_Chrome.uasset" 2536
"C:/Users/Brayan/Desktop/banana odyssey/banana_odyssey/Content/StarterContent/Textures/T_Ground_Moss_N.uasset" 2537
"C:/Users/Brayan/Desktop/banana odyssey/banana_odyssey/Content/StarterContent/Textures/T_ground_Moss_D.uasset" 2538
"C:/Users/Brayan/Desktop/banana odyssey/banana_odyssey/Content/StarterContent/Materials/M_Ground_Moss.uasset" 2539
"C:/Users/Brayan/Desktop/banana odyssey/banana_odyssey/Content/StarterContent/Textures/T_Ground_Gravel_N.uasset" 2540
"C:/Users/Brayan/Desktop/banana odyssey/banana_odyssey/Content/StarterContent/Textures/T_Ground_Gravel_D.uasset" 2541
"C:/Users/Brayan/Desktop/banana odyssey/banana_odyssey/Content/StarterContent/Materials/M_Ground_Gravel.uasset" 2542
"C:/Users/Brayan/Desktop/banana odyssey/banana_odyssey/Content/StarterContent/Textures/T_Ground_Grass_N.uasset" 2543
"C:/Users/Brayan/Desktop/banana odyssey/banana_odyssey/Content/StarterContent/Textures/T_Ground_Grass_D.uasset" 2544
"C:/Users/Brayan/Desktop/banana odyssey/banana_odyssey/Content/StarterContent/Materials/M_Ground_Grass.uasset" 2545
"C:/Users/Brayan/Desktop/banana odyssey/banana_odyssey/Content/StarterContent/Textures/T_Concrete_Tiles_Variation_M.uasset" 2546
"C:/Users/Brayan/Desktop/banana odyssey/banana_odyssey/Content/StarterContent/Textures/T_Concrete_Tiles_N.uasset" 2547
"C:/Users/Brayan/Desktop/banana odyssey/banana_odyssey/Content/StarterContent/Textures/T_Concrete_Tiles_M.uasset" 2548
"C:/Users/Brayan/Desktop/banana odyssey/banana_odyssey/Content/StarterContent/Textures/T_Concrete_Tiles_D.uasset" 2549
"C:/Users/Brayan/Desktop/banana odyssey/banana_odyssey/Content/StarterContent/Materials/M_Concrete_Tiles.uasset" 2550
"C:/Users/Brayan/Desktop/banana odyssey/banana_odyssey/Content/StarterContent/Textures/T_Concrete_Panels_N.uasset" 2551
"C:/Users/Brayan/Desktop/banana odyssey/banana_odyssey/Content/StarterContent/Textures/T_Concrete_Panels_D.uasset" 2552
"C:/Users/Brayan/Desktop/banana odyssey/banana_odyssey/Content/StarterContent/Materials/M_Concrete_Panels.uasset" 2553
"C:/Users/Brayan/Desktop/banana odyssey/banana_odyssey/Content/StarterContent/Textures/T_Concrete_Grime_D.uasset" 2554
"C:/Users/Brayan/Desktop/banana odyssey/banana_odyssey/Content/StarterContent/Materials/M_Concrete_Grime.uasset" 2555
"C:/Users/Brayan/Desktop/banana odyssey/banana_odyssey/Content/StarterContent/Textures/T_CobbleStone_Smooth_N.uasset" 2556
"C:/Users/Brayan/Desktop/banana odyssey/banana_odyssey/Content/StarterContent/Textures/T_CobbleStone_Smooth_M.uasset" 2557
"C:/Users/Brayan/Desktop/banana odyssey/banana_odyssey/Content/StarterContent/Textures/T_CobbleStone_Smooth_D.uasset" 2558
"C:/Users/Brayan/Desktop/banana odyssey/banana_odyssey/Content/StarterContent/Textures/T_Rock_Smooth_Granite_D.uasset" 2559
"C:/Users/Brayan/Desktop/banana odyssey/banana_odyssey/Content/StarterContent/Textures/T_Gradinet_01.uasset" 2560
"C:/Users/Brayan/Desktop/banana odyssey/banana_odyssey/Content/StarterContent/Materials/M_CobbleStone_Smooth.uasset" 2561
"C:/Users/Brayan/Desktop/banana odyssey/banana_odyssey/Content/StarterContent/Textures/T_CobbleStone_Rough_N.uasset" 2562
"C:/Users/Brayan/Desktop/banana odyssey/banana_odyssey/Content/StarterContent/Textures/T_CobbleStone_Rough_D.uasset" 2563
"C:/Users/Brayan/Desktop/banana odyssey/banana_odyssey/Content/StarterContent/Materials/M_CobbleStone_Rough.uasset" 2564
"C:/Users/Brayan/Desktop/banana odyssey/banana_odyssey/Content/StarterContent/Textures/T_CobbleStone_Pebble_N.uasset" 2565
"C:/Users/Brayan/Desktop/banana odyssey/banana_odyssey/Content/StarterContent/Textures/T_CobbleStone_Pebble_M.uasset" 2566
"C:/Users/Brayan/Desktop/banana odyssey/banana_odyssey/Content/StarterContent/Textures/T_CobbleStone_Pebble_D.uasset" 2567
"C:/Users/Brayan/Desktop/banana odyssey/banana_odyssey/Content/StarterContent/Materials/M_CobbleStone_Pebble.uasset" 2568
"C:/Users/Brayan/Desktop/banana odyssey/banana_odyssey/Content/StarterContent/Textures/T_Ceramic_Tile_N.uasset" 2569
"C:/Users/Brayan/Desktop/banana odyssey/banana_odyssey/Content/StarterContent/Textures/T_Ceramic_Tile_M.uasset" 2570
"C:/Users/Brayan/Desktop/banana odyssey/banana_odyssey/Content/StarterContent/Materials/M_Ceramic_Tile_Checker.uasset" 2571
"C:/Users/Brayan/Desktop/banana odyssey/banana_odyssey/Content/StarterContent/Textures/T_Brick_Hewn_Stone_N.uasset" 2572
"C:/Users/Brayan/Desktop/banana odyssey/banana_odyssey/Content/StarterContent/Textures/T_Brick_Hewn_Stone_M.uasset" 2573
"C:/Users/Brayan/Desktop/banana odyssey/banana_odyssey/Content/StarterContent/Textures/T_Brick_Hewn_Stone_D.uasset" 2574
"C:/Users/Brayan/Desktop/banana odyssey/banana_odyssey/Content/StarterContent/Textures/T_Detail_Rocky_N.uasset" 2575
"C:/Users/Brayan/Desktop/banana odyssey/banana_odyssey/Content/StarterContent/Materials/M_Brick_Hewn_Stone.uasset" 2576
"C:/Users/Brayan/Desktop/banana odyssey/banana_odyssey/Content/StarterContent/Textures/T_Brick_Cut_Stone_N.uasset" 2577
"C:/Users/Brayan/Desktop/banana odyssey/banana_odyssey/Content/StarterContent/Textures/T_Brick_Cut_Stone_D.uasset" 2578
"C:/Users/Brayan/Desktop/banana odyssey/banana_odyssey/Content/StarterContent/Materials/M_Brick_Cut_Stone.uasset" 2579
"C:/Users/Brayan/Desktop/banana odyssey/banana_odyssey/Content/StarterContent/Textures/T_Brick_Clay_Old_N.uasset" 2580
"C:/Users/Brayan/Desktop/banana odyssey/banana_odyssey/Content/StarterContent/Textures/T_Brick_Clay_Old_D.uasset" 2581
"C:/Users/Brayan/Desktop/banana odyssey/banana_odyssey/Content/StarterContent/Materials/M_Brick_Clay_Old.uasset" 2582
"C:/Users/Brayan/Desktop/banana odyssey/banana_odyssey/Content/StarterContent/Textures/T_Brick_Clay_New_N.uasset" 2583
"C:/Users/Brayan/Desktop/banana odyssey/banana_odyssey/Content/StarterContent/Textures/T_Brick_Clay_New_M.uasset" 2584
"C:/Users/Brayan/Desktop/banana odyssey/banana_odyssey/Content/StarterContent/Textures/T_Brick_Clay_New_D.uasset" 2585
"C:/Users/Brayan/Desktop/banana odyssey/banana_odyssey/Content/StarterContent/Materials/M_Brick_Clay_New.uasset" 2586
"C:/Users/Brayan/Desktop/banana odyssey/banana_odyssey/Content/StarterContent/Textures/T_Brick_Clay_Beveled_N.uasset" 2587
"C:/Users/Brayan/Desktop/banana odyssey/banana_odyssey/Content/StarterContent/Textures/T_Brick_Clay_Beveled_M.uasset" 2588
"C:/Users/Brayan/Desktop/banana odyssey/banana_odyssey/Content/StarterContent/Textures/T_Brick_Clay_Beveled_D.uasset" 2589
"C:/Users/Brayan/Desktop/banana odyssey/banana_odyssey/Content/StarterContent/Materials/M_Brick_Clay_Beveled.uasset" 2590
"../../../Engine/Content/Functions/Engine_MaterialFunctions03/Procedurals/ComputeFilterWidth.uasset" 2591
"../../../Engine/Content/EngineMaterials/AntiAliasedTextMaterialTranslucent.uasset" 2592
"C:/Users/Brayan/Desktop/banana odyssey/banana_odyssey/Content/StarterContent/Maps/StarterMap_BuiltData.uasset" 2593
"C:/Users/Brayan/Desktop/banana odyssey/banana_odyssey/Content/StarterContent/Textures/T_Concrete_Poured_N.uasset" 2594
"C:/Users/Brayan/Desktop/banana odyssey/banana_odyssey/Content/StarterContent/Textures/T_Concrete_Poured_D.uasset" 2595
"C:/Users/Brayan/Desktop/banana odyssey/banana_odyssey/Content/StarterContent/Materials/M_Concrete_Poured.uasset" 2596
"C:/Users/Brayan/Desktop/banana odyssey/banana_odyssey/Content/StarterContent/Textures/T_TableRound_N.uasset" 2597
"C:/Users/Brayan/Desktop/banana odyssey/banana_odyssey/Content/StarterContent/Textures/T_TableRound_M.uasset" 2598
"C:/Users/Brayan/Desktop/banana odyssey/banana_odyssey/Content/StarterContent/Props/Materials/M_TableRound.uasset" 2599
"C:/Users/Brayan/Desktop/banana odyssey/banana_odyssey/Content/StarterContent/Props/SM_TableRound.uasset" 2600
"C:/Users/Brayan/Desktop/banana odyssey/banana_odyssey/Content/StarterContent/Textures/T_Statue_N.uasset" 2601
"C:/Users/Brayan/Desktop/banana odyssey/banana_odyssey/Content/StarterContent/Textures/T_Statue_M.uasset" 2602
"C:/Users/Brayan/Desktop/banana odyssey/banana_odyssey/Content/StarterContent/Props/Materials/M_Statue.uasset" 2603
"C:/Users/Brayan/Desktop/banana odyssey/banana_odyssey/Content/StarterContent/Props/Materials/M_StatueGlass.uasset" 2604
"C:/Users/Brayan/Desktop/banana odyssey/banana_odyssey/Content/StarterContent/Props/SM_Statue.uasset" 2605
"C:/Users/Brayan/Desktop/banana odyssey/banana_odyssey/Content/StarterContent/Textures/T_Chair_N.uasset" 2606
"C:/Users/Brayan/Desktop/banana odyssey/banana_odyssey/Content/StarterContent/Textures/T_Chair_M.uasset" 2607
"C:/Users/Brayan/Desktop/banana odyssey/banana_odyssey/Content/StarterContent/Props/Materials/M_Chair.uasset" 2608
"C:/Users/Brayan/Desktop/banana odyssey/banana_odyssey/Content/StarterContent/Props/SM_Chair.uasset" 2609
"C:/Users/Brayan/Desktop/banana odyssey/banana_odyssey/Content/StarterContent/Textures/T_Metal_Copper_D.uasset" 2610
"C:/Users/Brayan/Desktop/banana odyssey/banana_odyssey/Content/StarterContent/Materials/M_Metal_Copper.uasset" 2611
"C:/Users/Brayan/Desktop/banana odyssey/banana_odyssey/Content/StarterContent/Textures/T_Metal_Aluminum_D.uasset" 2612
"C:/Users/Brayan/Desktop/banana odyssey/banana_odyssey/Content/StarterContent/Materials/M_Metal_Burnished_Steel.uasset" 2613
"C:/Users/Brayan/Desktop/banana odyssey/banana_odyssey/Content/StarterContent/Materials/M_Metal_Brushed_Nickel.uasset" 2614
"../../../Engine/Content/EngineSky/T_Sky_Stars.uasset" 2615
"../../../Engine/Content/EngineSky/T_Sky_Clouds_M.uasset" 2616
"../../../Engine/Content/EngineSky/T_Sky_Blue.uasset" 2617
"../../../Engine/Content/EngineSky/M_Sky_Panning_Clouds2.uasset" 2618
"../../../Engine/Content/EngineSky/SM_SkySphere.uasset" 2619
"../../../Engine/Content/EngineSky/C_Sky_Zenith_Color.uasset" 2620
"../../../Engine/Content/EngineSky/C_Sky_Horizon_Color.uasset" 2621
"../../../Engine/Content/EngineSky/C_Sky_Cloud_Color.uasset" 2622
"../../../Engine/Content/EditorBlueprintResources/StandardMacros.uasset" 2623
"../../../Engine/Content/EngineSky/BP_Sky_Sphere.uasset" 2624
"C:/Users/Brayan/Desktop/banana odyssey/banana_odyssey/Content/StarterContent/Textures/T_Lamp_N.uasset" 2625
"C:/Users/Brayan/Desktop/banana odyssey/banana_odyssey/Content/StarterContent/Textures/T_Lamp_M.uasset" 2626
"C:/Users/Brayan/Desktop/banana odyssey/banana_odyssey/Content/StarterContent/Props/Materials/M_Lamp.uasset" 2627
"C:/Users/Brayan/Desktop/banana odyssey/banana_odyssey/Content/StarterContent/Props/SM_Lamp_Wall.uasset" 2628
"C:/Users/Brayan/Desktop/banana odyssey/banana_odyssey/Content/StarterContent/Blueprints/Blueprint_WallSconce.uasset" 2629
"C:/Users/Brayan/Desktop/banana odyssey/banana_odyssey/Content/StarterContent/Textures/T_Smoke_Tiled_D.uasset" 2630
"C:/Users/Brayan/Desktop/banana odyssey/banana_odyssey/Content/StarterContent/Textures/T_Smoke_SubUV.uasset" 2631
"C:/Users/Brayan/Desktop/banana odyssey/banana_odyssey/Content/StarterContent/Particles/Materials/M_smoke_subUV.uasset" 2632
"C:/Users/Brayan/Desktop/banana odyssey/banana_odyssey/Content/StarterContent/Particles/P_Steam_Lit.uasset" 2633
"C:/Users/Brayan/Desktop/banana odyssey/banana_odyssey/Content/StarterContent/Audio/Steam01_Cue.uasset" 2634
"C:/Users/Brayan/Desktop/banana odyssey/banana_odyssey/Content/StarterContent/Blueprints/Blueprint_Effect_Steam.uasset" 2635
"C:/Users/Brayan/Desktop/banana odyssey/banana_odyssey/Content/StarterContent/Textures/T_Spark_Core.uasset" 2636
"C:/Users/Brayan/Desktop/banana odyssey/banana_odyssey/Content/StarterContent/Particles/Materials/M_Spark.uasset" 2637
"../../../Engine/Content/Functions/Engine_MaterialFunctions01/Gradient/RadialGradient.uasset" 2638
"C:/Users/Brayan/Desktop/banana odyssey/banana_odyssey/Content/StarterContent/Particles/Materials/M_Radial_Gradient.uasset" 2639
"C:/Users/Brayan/Desktop/banana odyssey/banana_odyssey/Content/StarterContent/Particles/P_Sparks.uasset" 2640
"C:/Users/Brayan/Desktop/banana odyssey/banana_odyssey/Content/StarterContent/Audio/Fire_Sparks01_Cue.uasset" 2641
"C:/Users/Brayan/Desktop/banana odyssey/banana_odyssey/Content/StarterContent/Blueprints/Blueprint_Effect_Sparks.uasset" 2642
"C:/Users/Brayan/Desktop/banana odyssey/banana_odyssey/Content/StarterContent/Particles/P_Smoke.uasset" 2643
"C:/Users/Brayan/Desktop/banana odyssey/banana_odyssey/Content/StarterContent/Audio/Smoke01_Cue.uasset" 2644
"C:/Users/Brayan/Desktop/banana odyssey/banana_odyssey/Content/StarterContent/Blueprints/Blueprint_Effect_Smoke.uasset" 2645
"C:/Users/Brayan/Desktop/banana odyssey/banana_odyssey/Content/StarterContent/Particles/Materials/M_Heat_Distortion.uasset" 2646
"C:/Users/Brayan/Desktop/banana odyssey/banana_odyssey/Content/StarterContent/Textures/T_Fire_Tiled_D.uasset" 2647
"C:/Users/Brayan/Desktop/banana odyssey/banana_odyssey/Content/StarterContent/Textures/T_Fire_SubUV.uasset" 2648
"C:/Users/Brayan/Desktop/banana odyssey/banana_odyssey/Content/StarterContent/Particles/Materials/M_Fire_SubUV.uasset" 2649
"../../../../../../Users/Brayan/Desktop/banana odyssey/banana_odyssey/Content/StarterContent/Audio/Steam01.uasset" 2650
"C:/Users/Brayan/Desktop/banana odyssey/banana_odyssey/Content/StarterContent/Particles/P_Fire.uasset" 2651
"C:/Users/Brayan/Desktop/banana odyssey/banana_odyssey/Content/StarterContent/Audio/Fire01_Cue.uasset" 2652
"C:/Users/Brayan/Desktop/banana odyssey/banana_odyssey/Content/StarterContent/Blueprints/Blueprint_Effect_Fire.uasset" 2653
"C:/Users/Brayan/Desktop/banana odyssey/banana_odyssey/Content/StarterContent/Props/SM_Lamp_Ceiling.uasset" 2654
"C:/Users/Brayan/Desktop/banana odyssey/banana_odyssey/Content/StarterContent/Blueprints/Blueprint_CeilingLight.uasset" 2655
"C:/Users/Brayan/Desktop/banana odyssey/banana_odyssey/Content/StarterContent/Audio/Starter_Music_Cue.uasset" 2656
"C:/Users/Brayan/Desktop/banana odyssey/banana_odyssey/Content/StarterContent/Audio/Starter_Background_Cue.uasset" 2657
"../../../../../../Users/Brayan/Desktop/banana odyssey/banana_odyssey/Content/StarterContent/Audio/Fire_Sparks01.uasset" 2658
"C:/Users/Brayan/Desktop/banana odyssey/banana_odyssey/Content/StarterContent/Audio/Collapse_Cue.uasset" 2659
"C:/Users/Brayan/Desktop/banana odyssey/banana_odyssey/Content/StarterContent/Architecture/Wall_Window_400x300.uasset" 2660
"C:/Users/Brayan/Desktop/banana odyssey/banana_odyssey/Content/StarterContent/Architecture/Wall_Door_400x300.uasset" 2661
"../../../../../../Users/Brayan/Desktop/banana odyssey/banana_odyssey/Content/StarterContent/Audio/Smoke01.uasset" 2662
"C:/Users/Brayan/Desktop/banana odyssey/banana_odyssey/Content/StarterContent/Architecture/Wall_400x200.uasset" 2663
"C:/Users/Brayan/Desktop/banana odyssey/banana_odyssey/Content/StarterContent/Architecture/Floor_400x400.uasset" 2664
"C:/Users/Brayan/Desktop/banana odyssey/banana_odyssey/Content/StarterContent/Maps/StarterMap.umap" 2665
"../../../../../../Users/Brayan/Desktop/banana odyssey/banana_odyssey/Content/StarterContent/Audio/Fire01.uasset" 2666
"C:/Users/Brayan/AppData/Local/UnrealEngine/Common/DerivedDataCache/8/6/3/TEXTURE_E01F4250BECD420DA9CE63B5EECEC2C2_OODLE_BC5_11_7EBD6FBF457A36AC8BAE5DA3__8F3BF7D173135E970A07422D8442F01A00538D2C.udd" 2667
"C:/Users/Brayan/AppData/Local/UnrealEngine/Common/DerivedDataCache/7/0/4/TEXTURE_E01F4250BECD420DA9CE63B5EECEC2C2_OODLE_BC5_11_7EBD6FBF457A36AC8BAE5DA3__8A4C0E787090CDB435E84FE0D403539338CEE558.udd" 2668
"C:/Users/Brayan/AppData/Local/UnrealEngine/Common/DerivedDataCache/8/8/2/TEXTURE_E01F4250BECD420DA9CE63B5EECEC2C2_OODLE_BC5_11_7EBD6FBF457A36AC8BAE5DA3__4B50530D256D28780A3B17AB46872676D63709B7.udd" 2669
"C:/Users/Brayan/AppData/Local/UnrealEngine/Common/DerivedDataCache/0/2/4/TEXTURE_E01F4250BECD420DA9CE63B5EECEC2C2_OODLE_BC5_11_7EBD6FBF457A36AC8BAE5DA3__9209BDBB17AC2A59BE6EBE74F6E4C561BB797404.udd" 2670
"C:/Users/Brayan/AppData/Local/UnrealEngine/Common/DerivedDataCache/7/2/1/TEXTURE_E01F4250BECD420DA9CE63B5EECEC2C2_OODLE_BC5_11_7EBD6FBF457A36AC8BAE5DA3__22EDDD8B194E3D7F854A7CF1B37D1F7422AC2DEE.udd" 2671
"C:/Users/Brayan/AppData/Local/UnrealEngine/Common/DerivedDataCache/6/0/8/TEXTURE_E01F4250BECD420DA9CE63B5EECEC2C2_OODLE_BC5_11_7EBD6FBF457A36AC8BAE5DA3__3A4AC105E67A20E9536F4D11E3E5B3B8362854E4.udd" 2672
"C:/Users/Brayan/AppData/Local/UnrealEngine/Common/DerivedDataCache/5/0/8/TEXTURE_E01F4250BECD420DA9CE63B5EECEC2C2_OODLE_AUTODXT_11_70D487004DF3AA1208D6__0FC02643CB82FA5C1FF16D93D1B726D5B4E3F69E.udd" 2673
"C:/Users/Brayan/AppData/Local/UnrealEngine/Common/DerivedDataCache/2/1/0/TEXTURE_E01F4250BECD420DA9CE63B5EECEC2C2_OODLE_AUTODXT_11_70D487004DF3AA1208D6__3673A80A61935A75AB33AFF36BF3A83AE2576B82.udd" 2674
"C:/Users/Brayan/AppData/Local/UnrealEngine/Common/DerivedDataCache/1/0/4/TEXTURE_E01F4250BECD420DA9CE63B5EECEC2C2_OODLE_AUTODXT_11_70D487004DF3AA1208D6__599400800CA7694AF3FC823C8C2A45EEF8A95BC8.udd" 2675
"C:/Users/Brayan/AppData/Local/UnrealEngine/Common/DerivedDataCache/6/9/1/TEXTURE_E01F4250BECD420DA9CE63B5EECEC2C2_OODLE_AUTODXT_11_70D487004DF3AA1208D6__333C22B10C69B2854BB895E1760C1E4FBC1D524C.udd" 2676
"C:/Users/Brayan/AppData/Local/UnrealEngine/Common/DerivedDataCache/1/7/0/TEXTURE_E01F4250BECD420DA9CE63B5EECEC2C2_OODLE_AUTODXT_11_70D487004DF3AA1208D6__4D9055F2E25B9278D8D73D2C813FF2396CDD7D6F.udd" 2677
"C:/Users/Brayan/AppData/Local/UnrealEngine/Common/DerivedDataCache/4/0/0/MATSM_0BA69734E4FD45E082FA4560DBE25454_PCD3D_SM5_8__BC5N_NOCCBN_NOIRIS_DEV_SL___A521EE118F01890D8DBA630973C68536948B5B34.udd" 2678
"../../../../../../Users/Brayan/Desktop/banana odyssey/banana_odyssey/Content/StarterContent/Audio/Starter_Music01.uasset" 2679
"../../../../../../Users/Brayan/Desktop/banana odyssey/banana_odyssey/Content/StarterContent/Audio/Starter_Wind05.uasset" 2680
"../../../../../../Users/Brayan/Desktop/banana odyssey/banana_odyssey/Content/StarterContent/Audio/Starter_Birds01.uasset" 2681
"../../../../../../Users/Brayan/Desktop/banana odyssey/banana_odyssey/Content/StarterContent/Audio/Starter_Wind06.uasset" 2682
"C:/Users/Brayan/Desktop/banana odyssey/banana_odyssey/Content/StarterContent/Maps/Minimal_Default_BuiltData.uasset" 2683
"../../../../../../Users/Brayan/Desktop/banana odyssey/banana_odyssey/Content/StarterContent/Audio/Collapse01.uasset" 2684
"C:/Users/Brayan/Desktop/banana odyssey/banana_odyssey/Content/StarterContent/Maps/Minimal_Default.umap" 2685
"../../../../../../Users/Brayan/Desktop/banana odyssey/banana_odyssey/Content/StarterContent/Audio/Collapse02.uasset" 2686
"../../../Engine/Content/EditorMeshes/ColorCalibrator/M_GreyBall.uasset" 2687
"../../../Engine/Content/EditorMeshes/ColorCalibrator/M_ColorGrid.uasset" 2688
"../../../Engine/Content/EditorMeshes/ColorCalibrator/Color_checker.uasset" 2689
"../../../Engine/Content/EditorMeshes/ColorCalibrator/M_ClearCoatBlack.uasset" 2690
"../../../Engine/Content/EditorMeshes/ColorCalibrator/M_ClearCoat.uasset" 2691
"../../../Engine/Content/EditorMeshes/ColorCalibrator/M_ChromeBall.uasset" 2692
"../../../Engine/Content/EditorMeshes/ColorCalibrator/SM_ColorCalibrator.uasset" 2693
"C:/Users/Brayan/Desktop/banana odyssey/banana_odyssey/Content/StarterContent/HDRI/HDRI_Epic_Courtyard_Daylight.uasset" 2694
"C:/Users/Brayan/Desktop/banana odyssey/banana_odyssey/Content/StarterContent/Maps/Advanced_Lighting_BuiltData.uasset" 2695
"../../../Engine/Content/MapTemplates/Sky/DaylightAmbientCubemap.uasset" 2696
"C:/Users/Brayan/Desktop/banana odyssey/banana_odyssey/Content/StarterContent/Blueprints/Assets/M_LightStage_Skybox_Master.uasset" 2697
"C:/Users/Brayan/Desktop/banana odyssey/banana_odyssey/Content/StarterContent/Blueprints/Assets/M_LightStage_Skybox_HDRI.uasset" 2698
"C:/Users/Brayan/AppData/Local/UnrealEngine/Common/DerivedDataCache/8/5/4/STATICMESH_9CE2B6FB46754B699726C4AA1515F12E_228332BAE0224DD294E232B87D83948FQU__149FB89A05428FABF9D74AC1F2F7571FDA9FF00F.udd" 2699
"C:/Users/Brayan/AppData/Local/UnrealEngine/Common/DerivedDataCache/5/7/8/PHYSX_A08609EF508D460CBB6710540B03AACF_PHYSXPC_8CCC99DD499427AA9763348C6FF7C6B__EFA451ED6F0CDB9427AF595AA6D0D02C3203BD02.udd" 2700
"C:/Users/Brayan/AppData/Local/UnrealEngine/Common/DerivedDataCache/5/9/1/NAVCOLLISION_2983273BE5D6425391E8C0B3D1C0A55D_NAVCOLLISION_X_8CCC99DD499427AA9__238625D6CFD613C59139D591265BC7B969C801AF.udd" 2701
"C:/Users/Brayan/Desktop/banana odyssey/banana_odyssey/Content/StarterContent/Blueprints/Assets/M_LightStage_Arrows.uasset" 2702
"../../../../../../Users/Brayan/Desktop/banana odyssey/banana_odyssey/Content/StarterContent/Maps/StarterMap.umap" 2703
"C:/Users/Brayan/Desktop/banana odyssey/banana_odyssey/Content/StarterContent/Blueprints/Assets/SM_Arrows.uasset" 2704
"../../../Engine/Content/EditorMaterials/Thumbnails/SkySphereMaterial.uasset" 2705
"../../../../../../Users/Brayan/Desktop/banana odyssey/banana_odyssey/Content/StarterContent/Maps/Minimal_Default.umap" 2706
"C:/Users/Brayan/Desktop/banana odyssey/banana_odyssey/Content/StarterContent/Blueprints/Assets/Skybox.uasset" 2707
"C:/Users/Brayan/Desktop/banana odyssey/banana_odyssey/Content/StarterContent/Blueprints/Assets/M_LightStage_Skybox_Black.uasset" 2708
"C:/Users/Brayan/Desktop/banana odyssey/banana_odyssey/Content/StarterContent/Blueprints/Assets/SunlightColorLUT.uasset" 2709
"C:/Users/Brayan/Desktop/banana odyssey/banana_odyssey/Content/StarterContent/Blueprints/Assets/FogBrightnessLUT.uasset" 2710
"C:/Users/Brayan/Desktop/banana odyssey/banana_odyssey/Content/StarterContent/Blueprints/BP_LightStudio.uasset" 2711
"C:/Users/Brayan/Desktop/banana odyssey/banana_odyssey/Content/StarterContent/Materials/M_AssetPlatform.uasset" 2712
"C:/Users/Brayan/Desktop/banana odyssey/banana_odyssey/Content/StarterContent/Architecture/SM_AssetPlatform.uasset" 2713
"C:/Users/Brayan/Desktop/banana odyssey/banana_odyssey/Content/StarterContent/Maps/Advanced_Lighting.umap" 2714
"../../../Engine/Content/EditorResources/LightIcons/S_LightError.uasset" 2715
"../../../Engine/Content/EditorResources/AudioIcons/S_AudioComponent.uasset" 2716
"C:/Users/Brayan/Desktop/banana odyssey/banana_odyssey/Content/niveles/nivel_2/nivel_2_SM_LightSource_RecessedLightCan_A.uasset" 2717
"C:/Users/Brayan/Desktop/banana odyssey/banana_odyssey/Content/niveles/texturas_nivel_2/pardes_y_piso/T_WoodHouseSet_Trims01_S.uasset" 2718
"C:/Users/Brayan/Desktop/banana odyssey/banana_odyssey/Content/niveles/texturas_nivel_2/pardes_y_piso/T_WoodHouseSet_Trims01_D.uasset" 2719
"C:/Users/Brayan/Desktop/banana odyssey/banana_odyssey/Content/niveles/nivel_2/MI_LightSource_RecessedLight_B_86ed6c80.uasset" 2720
"C:/Users/Brayan/Desktop/banana odyssey/banana_odyssey/Content/niveles/texturas_nivel_2/pardes_y_piso/FlatNormal.uasset" 2721
"C:/Users/Brayan/Desktop/banana odyssey/banana_odyssey/Content/niveles/nivel_2/MI_WoodHouseSet_01_InteriorOnBothSides_9a4c556.uasset" 2722
"C:/Users/Brayan/Desktop/banana odyssey/banana_odyssey/Content/sonidos/nivel_2.uasset" 2723
"C:/Users/Brayan/Desktop/banana odyssey/banana_odyssey/Content/niveles/nivel_2/nivel_2_Default__WoodHouse_Railing_Half_C.uasset" 2724
"C:/Users/Brayan/Desktop/banana odyssey/banana_odyssey/Content/niveles/nivel_2/nivel_2_Default__SM_Wood01_WoodStairs_Straight_NoTrim_C_001.uasset" 2725
"C:/Users/Brayan/Desktop/banana odyssey/banana_odyssey/Content/niveles/texturas_nivel_2/pardes_y_piso/pisoescalera.uasset" 2726
"C:/Users/Brayan/Desktop/banana odyssey/banana_odyssey/Content/niveles/texturas_nivel_2/pardes_y_piso/T_Parallel_Office_Wood_01_S.uasset" 2727
"C:/Users/Brayan/Desktop/banana odyssey/banana_odyssey/Content/niveles/texturas_nivel_2/pardes_y_piso/T_Parallel_Office_Wood_01_N.uasset" 2728
"C:/Users/Brayan/Desktop/banana odyssey/banana_odyssey/Content/niveles/nivel_2/MI_WoodHouseSettFloorsStairs_01_75b9b526.uasset" 2729
"C:/Users/Brayan/Desktop/banana odyssey/banana_odyssey/Content/niveles/nivel_2/nivel_2_Default__SM_Wood01_WoodStairs_Straight_NoTrim_C.uasset" 2730
"C:/Users/Brayan/Desktop/banana odyssey/banana_odyssey/Content/niveles/texturas_nivel_2/cocina/T_TRV_CAS_WoodenBarrels_S.uasset" 2731
"../../../../../../Users/Brayan/Desktop/banana odyssey/banana_odyssey/Content/StarterContent/Maps/Advanced_Lighting.umap" 2732
"C:/Users/Brayan/Desktop/banana odyssey/banana_odyssey/Content/niveles/texturas_nivel_2/cocina/T_TRV_CAS_WoodenBarrels_N.uasset" 2733
"C:/Users/Brayan/AppData/Local/UnrealEngine/Common/DerivedDataCache/7/2/9/AUDIO_0005_0000_OGG10000$2D1$2D1$2D1$2D1$2D1_0004_475EC1A84C60895CBBE9428616D49076.udd" 2734
"C:/Users/Brayan/Desktop/banana odyssey/banana_odyssey/Content/niveles/texturas_nivel_2/cocina/T_TRV_CAS_WoodenBarrels_D.uasset" 2735
"C:/Users/Brayan/Desktop/banana odyssey/banana_odyssey/Content/niveles/nivel_2/M_TRV_CAS_WoodenBarrels_01_402e9cc5.uasset" 2736
"C:/Users/Brayan/AppData/Local/UnrealEngine/Common/DerivedDataCache/2/5/5/STATICMESH_9CE2B6FB46754B699726C4AA1515F12E_228332BAE0224DD294E232B87D83948FQU__373E91E59956FF23BF3817F645D421CC8D9037BD.udd" 2737
"C:/Users/Brayan/AppData/Local/UnrealEngine/Common/DerivedDataCache/5/7/3/PHYSX_A08609EF508D460CBB6710540B03AACF_PHYSXPC_127433F24F32284F9CF0C69FEA1C491__B607B0A32DD035FC743C9DB473AF947AD17AF22C.udd" 2738
"C:/Users/Brayan/AppData/Local/UnrealEngine/Common/DerivedDataCache/1/4/1/NAVCOLLISION_2983273BE5D6425391E8C0B3D1C0A55D_NAVCOLLISION_X_127433F24F32284F9__925D4D89BC5317FF7E84E412A2ED3DBBFD90CDFA.udd" 2739
"C:/Users/Brayan/Desktop/banana odyssey/banana_odyssey/Content/niveles/nivel_2/nivel_2_Default__Prop_Barrels_C.uasset" 2740
"C:/Users/Brayan/Desktop/banana odyssey/banana_odyssey/Content/niveles/texturas_nivel_2/cocina/T_NeoTilted__IND_Kitchen_DeepFryer_01_S.uasset" 2741
"C:/Users/Brayan/Desktop/banana odyssey/banana_odyssey/Content/niveles/texturas_nivel_2/cocina/T_NeoTilted__IND_Kitchen_DeepFryer_01_N.uasset" 2742
"C:/Users/Brayan/Desktop/banana odyssey/banana_odyssey/Content/niveles/texturas_nivel_2/cocina/T_NeoTilted__IND_Kitchen_DeepFryer_01_D.uasset" 2743
"C:/Users/Brayan/Desktop/banana odyssey/banana_odyssey/Content/niveles/nivel_2/MI_NeoTilted_KitchenFryer_6458c3a2.uasset" 2744
"C:/Users/Brayan/AppData/Local/UnrealEngine/Common/DerivedDataCache/5/9/2/STATICMESH_9CE2B6FB46754B699726C4AA1515F12E_228332BAE0224DD294E232B87D83948FQU__FA9DA896A2E56C125245DAA34325B80CB86CCAFA.udd" 2745
"C:/Users/Brayan/AppData/Local/UnrealEngine/Common/DerivedDataCache/5/1/8/PHYSX_A08609EF508D460CBB6710540B03AACF_PHYSXPC_9F791E0A4CC38E7BEB8463948E8A7A8__F23CB9DAE8BDF100B5DBC9BAFE4FB8DEA64C7677.udd" 2746
"C:/Users/Brayan/AppData/Local/UnrealEngine/Common/DerivedDataCache/0/7/6/NAVCOLLISION_2983273BE5D6425391E8C0B3D1C0A55D_NAVCOLLISION_X_9F791E0A4CC38E7BE__BA8B54CD311DCD7D79C36415D6206FF2BC01C271.udd" 2747
"C:/Users/Brayan/Desktop/banana odyssey/banana_odyssey/Content/niveles/nivel_2/nivel_2_Default__NeoTilted_KitchenFryer_C.uasset" 2748
"C:/Users/Brayan/AppData/Local/UnrealEngine/Common/DerivedDataCache/7/8/6/STATICMESH_9CE2B6FB46754B699726C4AA1515F12E_228332BAE0224DD294E232B87D83948FQU__352B0F6F7734A64A41A1BE30DE56FC6262D91855.udd" 2749
"C:/Users/Brayan/AppData/Local/UnrealEngine/Common/DerivedDataCache/6/4/3/PHYSX_A08609EF508D460CBB6710540B03AACF_PHYSXPC_6A29FE24456087400A318891A287B94__EE8CD60990D8455BEBF7760E2E804073A917526C.udd" 2750
"C:/Users/Brayan/AppData/Local/UnrealEngine/Common/DerivedDataCache/1/2/1/NAVCOLLISION_2983273BE5D6425391E8C0B3D1C0A55D_NAVCOLLISION_X_6A29FE24456087400__B70E2A4E09592A59D72ED635467454CD77229FAC.udd" 2751
"C:/Users/Brayan/Desktop/banana odyssey/banana_odyssey/Content/niveles/texturas_nivel_2/pardes_y_piso/T_MidgreysRGB.uasset" 2752
"C:/Users/Brayan/Desktop/banana odyssey/banana_odyssey/Content/niveles/nivel_2/MI_Mall_Floor_NoEmissive_22f60fff.uasset" 2753
"C:/Users/Brayan/Desktop/banana odyssey/banana_odyssey/Content/niveles/nivel_2/nivel_2_Default__Mall_Floor1_C_005.uasset" 2754
"C:/Users/Brayan/Desktop/banana odyssey/banana_odyssey/Content/niveles/nivel_2/nivel_2_Default__Mall_Floor1_C_004.uasset" 2755
"C:/Users/Brayan/Desktop/banana odyssey/banana_odyssey/Content/niveles/nivel_2/nivel_2_Default__Mall_Floor1_C_003.uasset" 2756
"C:/Users/Brayan/AppData/Local/UnrealEngine/Common/DerivedDataCache/9/4/0/STATICMESH_9CE2B6FB46754B699726C4AA1515F12E_228332BAE0224DD294E232B87D83948FQU__05C2D438BB0FA0E27AAECB28FFE21D0D3D8A84D8.udd" 2757
"C:/Users/Brayan/AppData/Local/UnrealEngine/Common/DerivedDataCache/5/7/3/PHYSX_A08609EF508D460CBB6710540B03AACF_PHYSXPC_1C49CDDB42B4136A4A2FE3A0656B161__B749C08DEA322574DC9857AE01ABA729F1644B05.udd" 2758
"C:/Users/Brayan/AppData/Local/UnrealEngine/Common/DerivedDataCache/4/2/7/NAVCOLLISION_2983273BE5D6425391E8C0B3D1C0A55D_NAVCOLLISION_X_1C49CDDB42B4136A4__AA1948DA0FAD0556B2E416157FE18D26E0924DEC.udd" 2759
"C:/Users/Brayan/Desktop/banana odyssey/banana_odyssey/Content/niveles/nivel_2/nivel_2_Default__Mall_Floor1_C_002.uasset" 2760
"C:/Users/Brayan/Desktop/banana odyssey/banana_odyssey/Content/niveles/nivel_2/nivel_2_Default__Mall_Floor1_C_001.uasset" 2761
"C:/Users/Brayan/Desktop/banana odyssey/banana_odyssey/Content/niveles/nivel_2/nivel_2_Default__Mall_Floor1_C.uasset" 2762
"C:/Users/Brayan/Desktop/banana odyssey/banana_odyssey/Content/niveles/texturas_nivel_2/sala_nivel/T_Quest_PizzaBoxStacks_A_A_S.uasset" 2763
"C:/Users/Brayan/Desktop/banana odyssey/banana_odyssey/Content/niveles/texturas_nivel_2/sala_nivel/T_Quest_PizzaBoxStacks_A_A_N.uasset" 2764
"C:/Users/Brayan/AppData/Local/UnrealEngine/Common/DerivedDataCache/9/1/8/STATICMESH_9CE2B6FB46754B699726C4AA1515F12E_228332BAE0224DD294E232B87D83948FQU__70E3FEDC515104188456906B7586A7870178D0FE.udd" 2765
"C:/Users/Brayan/AppData/Local/UnrealEngine/Common/DerivedDataCache/0/3/8/PHYSX_A08609EF508D460CBB6710540B03AACF_PHYSXPC_2E34198346419D3CDF2323A7AD1E3D0__35644DB4D0869A2A271D9653224336909D892FD4.udd" 2766
"C:/Users/Brayan/AppData/Local/UnrealEngine/Common/DerivedDataCache/4/8/8/NAVCOLLISION_2983273BE5D6425391E8C0B3D1C0A55D_NAVCOLLISION_X_2E34198346419D3CD__26FA49B383E488BC3C691211CCDDC9445DB8C1E7.udd" 2767
"C:/Users/Brayan/Desktop/banana odyssey/banana_odyssey/Content/niveles/texturas_nivel_2/sala_nivel/T_Quest_PizzaBoxStacks_A_A_D.uasset" 2768
"C:/Users/Brayan/Desktop/banana odyssey/banana_odyssey/Content/niveles/nivel_2/MI_Quest_PizzaBoxStacks_48294bb0.uasset" 2769
"C:/Users/Brayan/Desktop/banana odyssey/banana_odyssey/Content/niveles/nivel_2/nivel_2_Default__FNEC_LinedNotebook_PizzaBoxStack_Prop_B_C.uasset" 2770
"C:/Users/Brayan/Desktop/banana odyssey/banana_odyssey/Content/niveles/texturas_nivel_2/sala_nivel/Prop_Table_TableClothDining_01_S.uasset" 2771
"C:/Users/Brayan/Desktop/banana odyssey/banana_odyssey/Content/niveles/texturas_nivel_2/sala_nivel/Prop_Table_TableClothDining_01_N.uasset" 2772
"C:/Users/Brayan/AppData/Local/UnrealEngine/Common/DerivedDataCache/6/3/2/STATICMESH_9CE2B6FB46754B699726C4AA1515F12E_228332BAE0224DD294E232B87D83948FQU__555790CA02D4E741F67CA20E03F7A4484DB18547.udd" 2773
"C:/Users/Brayan/AppData/Local/UnrealEngine/Common/DerivedDataCache/0/9/7/PHYSX_A08609EF508D460CBB6710540B03AACF_PHYSXPC_289E7F6F4E0F90BD29D597BB2E8B175__CB389BF9E249EE1146389E58C79EC83815F02D09.udd" 2774
"C:/Users/Brayan/AppData/Local/UnrealEngine/Common/DerivedDataCache/1/9/9/NAVCOLLISION_2983273BE5D6425391E8C0B3D1C0A55D_NAVCOLLISION_X_289E7F6F4E0F90BD2__10D3D93F1B6E2E890303ECB51A8525F4BB5A9B12.udd" 2775
"C:/Users/Brayan/Desktop/banana odyssey/banana_odyssey/Content/niveles/texturas_nivel_2/sala_nivel/Prop_Table_TableClothDining_01_D.uasset" 2776
"C:/Users/Brayan/Desktop/banana odyssey/banana_odyssey/Content/niveles/nivel_2/MI_Prop_TableClothDinner_01_7b63b127.uasset" 2777
"C:/Users/Brayan/Desktop/banana odyssey/banana_odyssey/Content/niveles/nivel_2/nivel_2_Default__Creative_Prop_Table01_C_001.uasset" 2778
"C:/Users/Brayan/AppData/Local/UnrealEngine/Common/DerivedDataCache/5/3/5/STATICMESH_9CE2B6FB46754B699726C4AA1515F12E_228332BAE0224DD294E232B87D83948FQU__CE9C0B93097C46BA521164412CC984E6BBCC2D0C.udd" 2779
"C:/Users/Brayan/AppData/Local/UnrealEngine/Common/DerivedDataCache/3/0/3/PHYSX_A08609EF508D460CBB6710540B03AACF_PHYSXPC_0578F3714DDA4EB3754C688176F1E68__97AF152F0AD1B94F1915179D7C51EE86BF0F640B.udd" 2780
"C:/Users/Brayan/AppData/Local/UnrealEngine/Common/DerivedDataCache/7/7/2/NAVCOLLISION_2983273BE5D6425391E8C0B3D1C0A55D_NAVCOLLISION_X_0578F3714DDA4EB37__F58098DF452F4ED94EB4196BEED7E94CB0C8930C.udd" 2781
"C:/Users/Brayan/Desktop/banana odyssey/banana_odyssey/Content/niveles/nivel_2/nivel_2_Default__Creative_Prop_Table01_C.uasset" 2782
"C:/Users/Brayan/AppData/Local/UnrealEngine/Common/DerivedDataCache/4/3/6/STATICMESH_9CE2B6FB46754B699726C4AA1515F12E_228332BAE0224DD294E232B87D83948FQU__D5DF0969358521723D2CD2FE730FB19560E9CE6A.udd" 2783
"C:/Users/Brayan/AppData/Local/UnrealEngine/Common/DerivedDataCache/1/7/1/PHYSX_A08609EF508D460CBB6710540B03AACF_PHYSXPC_7AA4C3C6419F6E817A8FE5AE2F89E59__30B90E4D221F4DDF67911532D4E3DCAE8CC7260B.udd" 2784
"C:/Users/Brayan/AppData/Local/UnrealEngine/Common/DerivedDataCache/2/8/2/NAVCOLLISION_2983273BE5D6425391E8C0B3D1C0A55D_NAVCOLLISION_X_7AA4C3C6419F6E817__673221763BEB22F0234F6B6B181EF75FD5C570AD.udd" 2785
"C:/Users/Brayan/Desktop/banana odyssey/banana_odyssey/Content/niveles/texturas_nivel_2/sala_nivel/LivingRoom_Couch_01_S.uasset" 2786
"C:/Users/Brayan/AppData/Local/UnrealEngine/Common/DerivedDataCache/0/4/3/STATICMESH_9CE2B6FB46754B699726C4AA1515F12E_228332BAE0224DD294E232B87D83948FQU__9DBA2C0A0AB04AC985118B189DD69898A33373E2.udd" 2787
"C:/Users/Brayan/AppData/Local/UnrealEngine/Common/DerivedDataCache/1/5/9/PHYSX_A08609EF508D460CBB6710540B03AACF_PHYSXPC_27F9BBF140127E01F444C19A65450CA__4E082522184BD99377C09985E61168F53885CE66.udd" 2788
"C:/Users/Brayan/AppData/Local/UnrealEngine/Common/DerivedDataCache/9/4/6/NAVCOLLISION_2983273BE5D6425391E8C0B3D1C0A55D_NAVCOLLISION_X_27F9BBF140127E01F__5E93AB9925F891703C22E1A2A6DC4AD3579899CE.udd" 2789
"C:/Users/Brayan/Desktop/banana odyssey/banana_odyssey/Content/niveles/texturas_nivel_2/sala_nivel/LivingRoom_Couch_01_N.uasset" 2790
"C:/Users/Brayan/AppData/Local/UnrealEngine/Common/DerivedDataCache/0/4/0/STATICMESH_9CE2B6FB46754B699726C4AA1515F12E_228332BAE0224DD294E232B87D83948FQU__8645A69E9B4F9E85ECA6F1B74E76C9BB41028DDE.udd" 2791
"C:/Users/Brayan/AppData/Local/UnrealEngine/Common/DerivedDataCache/3/8/5/PHYSX_A08609EF508D460CBB6710540B03AACF_PHYSXPC_B2E8A155455ADE8346EA2DA03288876__0E532B20043CBCD9ED7BCF9558C9CE07BE98C383.udd" 2792
"C:/Users/Brayan/AppData/Local/UnrealEngine/Common/DerivedDataCache/8/0/7/NAVCOLLISION_2983273BE5D6425391E8C0B3D1C0A55D_NAVCOLLISION_X_B2E8A155455ADE834__E93E776CC2BF7F5CB56EB7E26F504E45AFE9985C.udd" 2793
"C:/Users/Brayan/Desktop/banana odyssey/banana_odyssey/Content/niveles/texturas_nivel_2/sala_nivel/LivingRoom_Couch_01_D.uasset" 2794
"C:/Users/Brayan/AppData/Local/UnrealEngine/Common/DerivedDataCache/9/8/4/STATICMESH_9CE2B6FB46754B699726C4AA1515F12E_228332BAE0224DD294E232B87D83948FQU__C54688285222D5582AA2946F28C8F58A04BA32EE.udd" 2795
"C:/Users/Brayan/AppData/Local/UnrealEngine/Common/DerivedDataCache/6/9/7/PHYSX_A08609EF508D460CBB6710540B03AACF_PHYSXPC_67588C72404F68C49055919A94EDC33__254A4A0EDC4F853436D4536B9A9A1CB6F661B70C.udd" 2796
"C:/Users/Brayan/AppData/Local/UnrealEngine/Common/DerivedDataCache/5/0/9/NAVCOLLISION_2983273BE5D6425391E8C0B3D1C0A55D_NAVCOLLISION_X_67588C72404F68C49__55B9D0D2D823D01A9F40819B2E43558566B1F6B0.udd" 2797
"C:/Users/Brayan/Desktop/banana odyssey/banana_odyssey/Content/niveles/nivel_2/MI_Couch01_4149952d.uasset" 2798
"C:/Users/Brayan/AppData/Local/UnrealEngine/Common/DerivedDataCache/2/2/6/STATICMESH_9CE2B6FB46754B699726C4AA1515F12E_228332BAE0224DD294E232B87D83948FQU__A2E58FD4D0E2A11565BFCE25216AD76A6AAA1647.udd" 2799
"C:/Users/Brayan/AppData/Local/UnrealEngine/Common/DerivedDataCache/9/8/9/PHYSX_A08609EF508D460CBB6710540B03AACF_PHYSXPC_43F6666849EB77F9ACEC6DB16B7C630__A8A1E357FFCBDABBD085FF97BCBF4A94A28ECBC1.udd" 2800
"C:/Users/Brayan/AppData/Local/UnrealEngine/Common/DerivedDataCache/8/4/5/NAVCOLLISION_2983273BE5D6425391E8C0B3D1C0A55D_NAVCOLLISION_X_43F6666849EB77F9A__6C3ABE686E4FB20F35B1BE6BF719A3FF5F18EBF4.udd" 2801
"C:/Users/Brayan/Desktop/banana odyssey/banana_odyssey/Content/niveles/nivel_2/nivel_2_Default__Creative_Prop_Pillow05_C.uasset" 2802
"C:/Users/Brayan/Desktop/banana odyssey/banana_odyssey/Content/niveles/nivel_2/nivel_2_Default__Creative_Prop_Jar02_C_001.uasset" 2803
"C:/Users/Brayan/Desktop/banana odyssey/banana_odyssey/Content/niveles/nivel_2/nivel_2_Default__Creative_Prop_Jar02_C.uasset" 2804
"C:/Users/Brayan/Desktop/banana odyssey/banana_odyssey/Content/niveles/texturas_nivel_2/sala_nivel/SM_TRV_CAS_Basket_S.uasset" 2805
"C:/Users/Brayan/Desktop/banana odyssey/banana_odyssey/Content/niveles/texturas_nivel_2/sala_nivel/SM_TRV_CAS_Basket_N.uasset" 2806
"C:/Users/Brayan/AppData/Local/UnrealEngine/Common/DerivedDataCache/7/5/9/STATICMESH_9CE2B6FB46754B699726C4AA1515F12E_228332BAE0224DD294E232B87D83948FQU__FACD87226D143AB1BA86D082DA3C5205760FB150.udd" 2807
"C:/Users/Brayan/AppData/Local/UnrealEngine/Common/DerivedDataCache/3/3/7/PHYSX_A08609EF508D460CBB6710540B03AACF_PHYSXPC_42A727AE461BE0EC063C7DBAAB33AD8__889FB05938E0523374FA5EFF1CFE06ED3FD76D31.udd" 2808
"C:/Users/Brayan/AppData/Local/UnrealEngine/Common/DerivedDataCache/5/7/9/NAVCOLLISION_2983273BE5D6425391E8C0B3D1C0A55D_NAVCOLLISION_X_42A727AE461BE0EC0__03884F6BA0159D1658E97F349256D43A46662A8F.udd" 2809
"C:/Users/Brayan/Desktop/banana odyssey/banana_odyssey/Content/niveles/texturas_nivel_2/sala_nivel/SM_TRV_CAS_Basket_D.uasset" 2810
"C:/Users/Brayan/Desktop/banana odyssey/banana_odyssey/Content/niveles/nivel_2/M_TRV_CAS_WineBottleBasket_34db736f.uasset" 2811
"C:/Users/Brayan/Desktop/banana odyssey/banana_odyssey/Content/niveles/nivel_2/nivel_2_Default__CP_Prop_BP_TRV_CAS_Basket_C.uasset" 2812
"C:/Users/Brayan/Desktop/banana odyssey/banana_odyssey/Content/niveles/texturas_nivel_2/sala_fondo/FirePlaces_01_S.uasset" 2813
"C:/Users/Brayan/Desktop/banana odyssey/banana_odyssey/Content/niveles/texturas_nivel_2/sala_fondo/FirePlaces_01_N.uasset" 2814
"C:/Users/Brayan/AppData/Local/UnrealEngine/Common/DerivedDataCache/6/9/6/STATICMESH_9CE2B6FB46754B699726C4AA1515F12E_228332BAE0224DD294E232B87D83948FQU__148C72310CD6254D3E1A612BDBF28328FA08D7B8.udd" 2815
"C:/Users/Brayan/AppData/Local/UnrealEngine/Common/DerivedDataCache/0/5/1/PHYSX_A08609EF508D460CBB6710540B03AACF_PHYSXPC_295CE8C74E7A15BBD5C49886A04B840__2B05E7A210E548C2CF96BA97ABD1A6BCBF675C55.udd" 2816
"C:/Users/Brayan/AppData/Local/UnrealEngine/Common/DerivedDataCache/0/0/4/NAVCOLLISION_2983273BE5D6425391E8C0B3D1C0A55D_NAVCOLLISION_X_295CE8C74E7A15BBD__637564A100CDEA512C36D5EE2B754B0DF67675B5.udd" 2817
"C:/Users/Brayan/Desktop/banana odyssey/banana_odyssey/Content/niveles/texturas_nivel_2/sala_fondo/FirePlaces_01_D.uasset" 2818
"C:/Users/Brayan/AppData/Local/UnrealEngine/Common/DerivedDataCache/9/4/2/STATICMESH_9CE2B6FB46754B699726C4AA1515F12E_228332BAE0224DD294E232B87D83948FQU__F7E8EE6038C5449BCDFFE274378138DEA3FF9351.udd" 2819
"C:/Users/Brayan/AppData/Local/UnrealEngine/Common/DerivedDataCache/1/7/6/PHYSX_A08609EF508D460CBB6710540B03AACF_PHYSXPC_F2C288F74BA8D3BB3C8E2F922D7856D__467BBFAFE9B7317D4AB1076AF08B90499DB99396.udd" 2820
"C:/Users/Brayan/AppData/Local/UnrealEngine/Common/DerivedDataCache/0/4/1/NAVCOLLISION_2983273BE5D6425391E8C0B3D1C0A55D_NAVCOLLISION_X_F2C288F74BA8D3BB3__928609D256977B550C9CF5D2EECE9E6EF136E749.udd" 2821
"C:/Users/Brayan/Desktop/banana odyssey/banana_odyssey/Content/niveles/nivel_2/MI_Fireplace01_4727fa2f.uasset" 2822
"C:/Users/Brayan/Desktop/banana odyssey/banana_odyssey/Content/niveles/nivel_2/nivel_2_Default__CP_Athena_Prop_Living_Fireplace_01_NoCollision_C.uasset" 2823
"C:/Users/Brayan/Desktop/banana odyssey/banana_odyssey/Content/niveles/texturas_nivel_2/pardes_y_piso/T_Suburban_Wallpaper_Red_S.uasset" 2824
"C:/Users/Brayan/Desktop/banana odyssey/banana_odyssey/Content/niveles/texturas_nivel_2/pardes_y_piso/T_Suburban_Wallpaper_Red_N.uasset" 2825
"C:/Users/Brayan/Desktop/banana odyssey/banana_odyssey/Content/niveles/texturas_nivel_2/pardes_y_piso/T_Suburban_Wallpaper_Red_D.uasset" 2826
"C:/Users/Brayan/AppData/Local/UnrealEngine/Common/DerivedDataCache/6/4/5/STATICMESH_9CE2B6FB46754B699726C4AA1515F12E_228332BAE0224DD294E232B87D83948FQU__285960FE6718A6294665AB9C6E2309A932D1F933.udd" 2827
"C:/Users/Brayan/AppData/Local/UnrealEngine/Common/DerivedDataCache/0/1/8/PHYSX_A08609EF508D460CBB6710540B03AACF_PHYSXPC_30B7987F441E31F1C09FA99C18AD2E5__402EB620D8C434D1073B06A1ED0DD58BEDDBFC5F.udd" 2828
"C:/Users/Brayan/AppData/Local/UnrealEngine/Common/DerivedDataCache/8/0/0/NAVCOLLISION_2983273BE5D6425391E8C0B3D1C0A55D_NAVCOLLISION_X_30B7987F441E31F1C__56F67271F643BF29094C63D304DDE783BD6EB049.udd" 2829
"C:/Users/Brayan/Desktop/banana odyssey/banana_odyssey/Content/niveles/nivel_2/MI_Artemis_Business_Master_3_45071d78.uasset" 2830
"C:/Users/Brayan/AppData/Local/UnrealEngine/Common/DerivedDataCache/8/7/9/STATICMESH_9CE2B6FB46754B699726C4AA1515F12E_228332BAE0224DD294E232B87D83948FQU__0DB6FEC67432D06A6B37779BA0885EC1D00764C7.udd" 2831
"C:/Users/Brayan/AppData/Local/UnrealEngine/Common/DerivedDataCache/3/1/8/PHYSX_A08609EF508D460CBB6710540B03AACF_PHYSXPC_04C1BAFE4CBB06FA39EDB9B69FE0AB8__DD3D3789CAB205069E6080C5DB771181FE991823.udd" 2832
"C:/Users/Brayan/AppData/Local/UnrealEngine/Common/DerivedDataCache/4/0/7/NAVCOLLISION_2983273BE5D6425391E8C0B3D1C0A55D_NAVCOLLISION_X_04C1BAFE4CBB06FA3__36459FCFC1A87E1EEA83607927D966914E8E4F40.udd" 2833
"C:/Users/Brayan/Desktop/banana odyssey/banana_odyssey/Content/niveles/nivel_2/nivel_2_Default__Business_Wall_A_Archway_A_C_003.uasset" 2834
"C:/Users/Brayan/AppData/Local/UnrealEngine/Common/DerivedDataCache/2/8/2/STATICMESH_9CE2B6FB46754B699726C4AA1515F12E_228332BAE0224DD294E232B87D83948FQU__97625F8A6BED15E30F3A3469C5A6E2C01124C7E7.udd" 2835
"C:/Users/Brayan/AppData/Local/UnrealEngine/Common/DerivedDataCache/3/3/8/PHYSX_A08609EF508D460CBB6710540B03AACF_PHYSXPC_6D16A5044653C812EDF6D2A5BEE87A2__E5D373487ED77DA02104260C892BA18903C6648F.udd" 2836
"C:/Users/Brayan/AppData/Local/UnrealEngine/Common/DerivedDataCache/7/0/0/NAVCOLLISION_2983273BE5D6425391E8C0B3D1C0A55D_NAVCOLLISION_X_6D16A5044653C812E__FB6BB7323F8BFD94A7DE26FC51E6ED8C3BFE87EC.udd" 2837
"C:/Users/Brayan/Desktop/banana odyssey/banana_odyssey/Content/niveles/nivel_2/nivel_2_Default__Business_Wall_A_Archway_A_C_002.uasset" 2838
"C:/Users/Brayan/Desktop/banana odyssey/banana_odyssey/Content/niveles/tutorial/texturas_tutorial/pared_y_piso/T_Artemis_Condo_Wallpaper_02_A_S.uasset" 2839
"C:/Users/Brayan/Desktop/banana odyssey/banana_odyssey/Content/niveles/tutorial/texturas_tutorial/pared_y_piso/T_Artemis_Condo_Wallpaper_02_A_N.uasset" 2840
"C:/Users/Brayan/Desktop/banana odyssey/banana_odyssey/Content/niveles/tutorial/texturas_tutorial/pared_y_piso/T_Artemis_Condo_Wallpaper_02_A_D.uasset" 2841
"C:/Users/Brayan/Desktop/banana odyssey/banana_odyssey/Content/niveles/nivel_2/MI_Artemis_Business_Master_3_f435cbd9.uasset" 2842
"C:/Users/Brayan/AppData/Local/UnrealEngine/Common/DerivedDataCache/3/4/3/STATICMESH_9CE2B6FB46754B699726C4AA1515F12E_228332BAE0224DD294E232B87D83948FQU__5B3E51540488FF8FF15C07543C104A2938FE35BA.udd" 2843
"C:/Users/Brayan/AppData/Local/UnrealEngine/Common/DerivedDataCache/0/7/4/PHYSX_A08609EF508D460CBB6710540B03AACF_PHYSXPC_EE878339472490B762276FBDB1AAD24__37FBD34D02169EB6FE634634B7E43B4D2C88B377.udd" 2844
"C:/Users/Brayan/AppData/Local/UnrealEngine/Common/DerivedDataCache/4/0/2/NAVCOLLISION_2983273BE5D6425391E8C0B3D1C0A55D_NAVCOLLISION_X_EE878339472490B76__28E89168D1A8094968811E3A00D8EB19A0E92EF0.udd" 2845
"C:/Users/Brayan/Desktop/banana odyssey/banana_odyssey/Content/niveles/nivel_2/nivel_2_Default__Business_Wall_A_Archway_A_C_001.uasset" 2846
"C:/Users/Brayan/Desktop/banana odyssey/banana_odyssey/Content/niveles/nivel_2/nivel_2_Default__Business_Wall_A_Archway_A_C.uasset" 2847
"C:/Users/Brayan/Desktop/banana odyssey/banana_odyssey/Content/niveles/nivel_2/MI_Artemis_Business_Master_3_e84752a3.uasset" 2848
"C:/Users/Brayan/Desktop/banana odyssey/banana_odyssey/Content/niveles/nivel_2/nivel_2_Default__Business_Wall_A_A_C_023.uasset" 2849
"C:/Users/Brayan/Desktop/banana odyssey/banana_odyssey/Content/niveles/nivel_2/nivel_2_Default__Business_Wall_A_A_C_022.uasset" 2850
"C:/Users/Brayan/AppData/Local/UnrealEngine/Common/DerivedDataCache/9/4/1/STATICMESH_9CE2B6FB46754B699726C4AA1515F12E_228332BAE0224DD294E232B87D83948FQU__3B83C6A3B0A9B18790B4F16043B6321E56245430.udd" 2851
"C:/Users/Brayan/AppData/Local/UnrealEngine/Common/DerivedDataCache/3/7/8/PHYSX_A08609EF508D460CBB6710540B03AACF_PHYSXPC_A242B04348C9EE2DA0A8E9A11B2CFD5__4ED22E375117A2F5B9DB05F2D053AA073C99D2BD.udd" 2852
"C:/Users/Brayan/AppData/Local/UnrealEngine/Common/DerivedDataCache/4/6/0/NAVCOLLISION_2983273BE5D6425391E8C0B3D1C0A55D_NAVCOLLISION_X_A242B04348C9EE2DA__BA09FECE91E009FB4991ED7B8BB08557704E0C53.udd" 2853
"C:/Users/Brayan/Desktop/banana odyssey/banana_odyssey/Content/niveles/nivel_2/nivel_2_Default__Business_Wall_A_A_C_021.uasset" 2854
"C:/Users/Brayan/Desktop/banana odyssey/banana_odyssey/Content/niveles/nivel_2/nivel_2_Default__Business_Wall_A_A_C_020.uasset" 2855
"C:/Users/Brayan/Desktop/banana odyssey/banana_odyssey/Content/niveles/nivel_2/nivel_2_Default__Business_Wall_A_A_C_019.uasset" 2856
"C:/Users/Brayan/Desktop/banana odyssey/banana_odyssey/Content/niveles/nivel_2/nivel_2_Default__Business_Wall_A_A_C_018.uasset" 2857
"C:/Users/Brayan/Desktop/banana odyssey/banana_odyssey/Content/niveles/nivel_2/nivel_2_Default__Business_Wall_A_A_C_017.uasset" 2858
"C:/Users/Brayan/AppData/Local/UnrealEngine/Common/DerivedDataCache/2/9/2/STATICMESH_9CE2B6FB46754B699726C4AA1515F12E_228332BAE0224DD294E232B87D83948FQU__B7C4975CCC3F9F8D88ED8BEB4A2B245E2002F825.udd" 2859
"C:/Users/Brayan/AppData/Local/UnrealEngine/Common/DerivedDataCache/9/5/3/PHYSX_A08609EF508D460CBB6710540B03AACF_PHYSXPC_884BEDB945773E13D98723A283B48B2__CF05E7D008D3C92AE31D446A59F22D8951A8B0A4.udd" 2860
"C:/Users/Brayan/AppData/Local/UnrealEngine/Common/DerivedDataCache/6/3/9/NAVCOLLISION_2983273BE5D6425391E8C0B3D1C0A55D_NAVCOLLISION_X_884BEDB945773E13D__69CA715094D5080568EAD0BACFC6F4672E7D7D1F.udd" 2861
"C:/Users/Brayan/Desktop/banana odyssey/banana_odyssey/Content/niveles/nivel_2/nivel_2_Default__Business_Wall_A_A_C_016.uasset" 2862
"C:/Users/Brayan/AppData/Local/UnrealEngine/Common/DerivedDataCache/5/2/2/STATICMESH_9CE2B6FB46754B699726C4AA1515F12E_228332BAE0224DD294E232B87D83948FQU__49A6AA0474F3B99CAC3E17687ADF9378BFD51266.udd" 2863
"C:/Users/Brayan/AppData/Local/UnrealEngine/Common/DerivedDataCache/5/3/3/PHYSX_A08609EF508D460CBB6710540B03AACF_PHYSXPC_0D08E5ED48C7384E74A504BAE3C6AC1__5FAB80A0C29C40DC695900BA42070F6E10ED0C93.udd" 2864
"C:/Users/Brayan/AppData/Local/UnrealEngine/Common/DerivedDataCache/1/4/9/NAVCOLLISION_2983273BE5D6425391E8C0B3D1C0A55D_NAVCOLLISION_X_0D08E5ED48C7384E7__A91D2E209109B1B669E79D74D79018A8C450D595.udd" 2865
"C:/Users/Brayan/Desktop/banana odyssey/banana_odyssey/Content/niveles/nivel_2/nivel_2_Default__Business_Wall_A_A_C_015.uasset" 2866
"C:/Users/Brayan/Desktop/banana odyssey/banana_odyssey/Content/niveles/nivel_2/nivel_2_Default__Business_Wall_A_A_C_014.uasset" 2867
"C:/Users/Brayan/Desktop/banana odyssey/banana_odyssey/Content/niveles/nivel_2/nivel_2_Default__Business_Wall_A_A_C_013.uasset" 2868
"C:/Users/Brayan/Desktop/banana odyssey/banana_odyssey/Content/niveles/nivel_2/nivel_2_Default__Business_Wall_A_A_C_012.uasset" 2869
"C:/Users/Brayan/Desktop/banana odyssey/banana_odyssey/Content/niveles/nivel_2/nivel_2_Default__Business_Wall_A_A_C_011.uasset" 2870
"C:/Users/Brayan/AppData/Local/UnrealEngine/Common/DerivedDataCache/6/8/2/STATICMESH_9CE2B6FB46754B699726C4AA1515F12E_228332BAE0224DD294E232B87D83948FQU__655A99FFEBA5DDE9445C2BE3E4832674A59D1C25.udd" 2871
"C:/Users/Brayan/AppData/Local/UnrealEngine/Common/DerivedDataCache/0/9/5/PHYSX_A08609EF508D460CBB6710540B03AACF_PHYSXPC_3EC97F32405CBC97FBFA7FA5D3DBD7E__158F94414766AE95D79EB10F445F851BCF69ABC7.udd" 2872
"C:/Users/Brayan/AppData/Local/UnrealEngine/Common/DerivedDataCache/6/0/3/NAVCOLLISION_2983273BE5D6425391E8C0B3D1C0A55D_NAVCOLLISION_X_3EC97F32405CBC97F__12F4A2C9B92C9BB9FB0184A09B5F95FB661A1047.udd" 2873
"C:/Users/Brayan/Desktop/banana odyssey/banana_odyssey/Content/niveles/nivel_2/nivel_2_Default__Business_Wall_A_A_C_010.uasset" 2874
"C:/Users/Brayan/AppData/Local/UnrealEngine/Common/DerivedDataCache/6/0/9/STATICMESH_9CE2B6FB46754B699726C4AA1515F12E_228332BAE0224DD294E232B87D83948FQU__1D12E9CE723E4DACB713FE5C747FED3645F97A5C.udd" 2875
"C:/Users/Brayan/AppData/Local/UnrealEngine/Common/DerivedDataCache/8/8/3/PHYSX_A08609EF508D460CBB6710540B03AACF_PHYSXPC_6A5831904F2991436AEF7C815D2BB84__E3172BE48657FA815B87B859BBDBFB53F1DF0627.udd" 2876
"C:/Users/Brayan/AppData/Local/UnrealEngine/Common/DerivedDataCache/4/7/6/NAVCOLLISION_2983273BE5D6425391E8C0B3D1C0A55D_NAVCOLLISION_X_6A5831904F2991436__79A08EC9252519168EA598E1BC6193FF4F100EA2.udd" 2877
"C:/Users/Brayan/Desktop/banana odyssey/banana_odyssey/Content/niveles/nivel_2/nivel_2_Default__Business_Wall_A_A_C_009.uasset" 2878
"C:/Users/Brayan/Desktop/banana odyssey/banana_odyssey/Content/niveles/texturas_nivel_2/sala_fondo/T_Utopia_OfficePlanter_A_A_S.uasset" 2879
"C:/Users/Brayan/AppData/Local/UnrealEngine/Common/DerivedDataCache/6/2/6/STATICMESH_9CE2B6FB46754B699726C4AA1515F12E_228332BAE0224DD294E232B87D83948FQU__50E0AFF49C502D2A199A3D6B358E4D7568C2F452.udd" 2880
"C:/Users/Brayan/AppData/Local/UnrealEngine/Common/DerivedDataCache/1/8/3/PHYSX_A08609EF508D460CBB6710540B03AACF_PHYSXPC_55953201467C3BAAA2C1DA988351EC8__367FC86DB054757E19CE3B4136C9E866195B386A.udd" 2881
"C:/Users/Brayan/AppData/Local/UnrealEngine/Common/DerivedDataCache/2/9/8/NAVCOLLISION_2983273BE5D6425391E8C0B3D1C0A55D_NAVCOLLISION_X_55953201467C3BAAA__185E584595EFDAB509EDDA0D79E012A77305FA3C.udd" 2882
"C:/Users/Brayan/Desktop/banana odyssey/banana_odyssey/Content/niveles/texturas_nivel_2/sala_fondo/T_Utopia_OfficePlanter_A_A_N.uasset" 2883
"C:/Users/Brayan/AppData/Local/UnrealEngine/Common/DerivedDataCache/6/3/8/STATICMESH_9CE2B6FB46754B699726C4AA1515F12E_228332BAE0224DD294E232B87D83948FQU__561574A9F52E8D9EB2F76D9A99BA84487CDCE477.udd" 2884
"C:/Users/Brayan/AppData/Local/UnrealEngine/Common/DerivedDataCache/3/2/8/PHYSX_A08609EF508D460CBB6710540B03AACF_PHYSXPC_BD680C6146D53E5C5047EF8C6B2FC74__A30C8FEEE0FB0BF9EE7508237592CE049D8C9E38.udd" 2885
"C:/Users/Brayan/AppData/Local/UnrealEngine/Common/DerivedDataCache/9/4/7/NAVCOLLISION_2983273BE5D6425391E8C0B3D1C0A55D_NAVCOLLISION_X_BD680C6146D53E5C5__5799932F9E230CCC892D16F9C0D4A65570996F71.udd" 2886
"C:/Users/Brayan/Desktop/banana odyssey/banana_odyssey/Content/niveles/texturas_nivel_2/sala_fondo/T_Utopia_OfficePlanter_A_A_D.uasset" 2887
"C:/Users/Brayan/AppData/Local/UnrealEngine/Common/DerivedDataCache/4/0/7/STATICMESH_9CE2B6FB46754B699726C4AA1515F12E_228332BAE0224DD294E232B87D83948FQU__F24FBD8287ADB0A7249643E70E9711A381219D8B.udd" 2888
"C:/Users/Brayan/AppData/Local/UnrealEngine/Common/DerivedDataCache/1/5/9/PHYSX_A08609EF508D460CBB6710540B03AACF_PHYSXPC_85B0BE3D4E20E725A234C999F5E6F13__9A403D472C7EC67E9472DC6F17230DC3B3AE84BB.udd" 2889
"C:/Users/Brayan/AppData/Local/UnrealEngine/Common/DerivedDataCache/8/5/2/NAVCOLLISION_2983273BE5D6425391E8C0B3D1C0A55D_NAVCOLLISION_X_85B0BE3D4E20E725A__4055AC52C5194F5B79752ABAD9CB5BF9263AE348.udd" 2890
"C:/Users/Brayan/Desktop/banana odyssey/banana_odyssey/Content/niveles/nivel_2/MI_Utopia_OfficePlanter_A_34e4d96f.uasset" 2891
"C:/Users/Brayan/AppData/Local/UnrealEngine/Common/DerivedDataCache/8/8/4/STATICMESH_9CE2B6FB46754B699726C4AA1515F12E_228332BAE0224DD294E232B87D83948FQU__0A1AD67376156E2143D7C0C08CD984641B4DA20E.udd" 2892
"C:/Users/Brayan/AppData/Local/UnrealEngine/Common/DerivedDataCache/1/9/8/PHYSX_A08609EF508D460CBB6710540B03AACF_PHYSXPC_38349B784AB8B93EFA79A1855B9334A__7165485C8B61BEB885CB96DDA54A04FE7B1C4664.udd" 2893
"C:/Users/Brayan/AppData/Local/UnrealEngine/Common/DerivedDataCache/1/7/7/NAVCOLLISION_2983273BE5D6425391E8C0B3D1C0A55D_NAVCOLLISION_X_38349B784AB8B93EF__9D136072DD415B98561A05D7E126ABA05E4EC421.udd" 2894
"C:/Users/Brayan/Desktop/banana odyssey/banana_odyssey/Content/niveles/nivel_2/nivel_2_Default__BP_Utopia_OfficePlanter_A_C_001.uasset" 2895
"C:/Users/Brayan/AppData/Local/UnrealEngine/Common/DerivedDataCache/9/4/4/STATICMESH_9CE2B6FB46754B699726C4AA1515F12E_228332BAE0224DD294E232B87D83948FQU__DE8AFCD3A0FE61C47070AD6DB78E36C2F309FD6B.udd" 2896
"C:/Users/Brayan/AppData/Local/UnrealEngine/Common/DerivedDataCache/4/6/1/PHYSX_A08609EF508D460CBB6710540B03AACF_PHYSXPC_FF50938C485A3EBBDFF1DF963E45907__B81DB43AA7D716079B8C66106D27597CC842121F.udd" 2897
"C:/Users/Brayan/AppData/Local/UnrealEngine/Common/DerivedDataCache/9/4/8/NAVCOLLISION_2983273BE5D6425391E8C0B3D1C0A55D_NAVCOLLISION_X_FF50938C485A3EBBD__EA96C6AD11CF9FEB3AF4311DD0AB23637D53677F.udd" 2898
"C:/Users/Brayan/Desktop/banana odyssey/banana_odyssey/Content/niveles/nivel_2/nivel_2_Default__BP_Utopia_OfficePlanter_A_C.uasset" 2899
"C:/Users/Brayan/AppData/Local/UnrealEngine/Common/DerivedDataCache/2/7/8/STATICMESH_9CE2B6FB46754B699726C4AA1515F12E_228332BAE0224DD294E232B87D83948FQU__D5CF888400933F649B67F413B1E60499915351A4.udd" 2900
"C:/Users/Brayan/AppData/Local/UnrealEngine/Common/DerivedDataCache/0/3/4/PHYSX_A08609EF508D460CBB6710540B03AACF_PHYSXPC_EA06D7734048CA56269AE9A20C744BA__DF5F2EBE63755B0B34469B188B807634F20054C1.udd" 2901
"C:/Users/Brayan/AppData/Local/UnrealEngine/Common/DerivedDataCache/6/2/6/NAVCOLLISION_2983273BE5D6425391E8C0B3D1C0A55D_NAVCOLLISION_X_EA06D7734048CA562__65772C201C3C18C2153CBA857F8D34BCE40D5BD3.udd" 2902
"C:/Users/Brayan/Desktop/banana odyssey/banana_odyssey/Content/niveles/texturas_nivel_2/sala_nivel/T_Utopia_DeskProps_A_A_S.uasset" 2903
"C:/Users/Brayan/AppData/Local/UnrealEngine/Common/DerivedDataCache/0/3/6/STATICMESH_9CE2B6FB46754B699726C4AA1515F12E_228332BAE0224DD294E232B87D83948FQU__61CD8FF62B6A1F48765815540B0F4F127F0BF76B.udd" 2904
"C:/Users/Brayan/AppData/Local/UnrealEngine/Common/DerivedDataCache/4/8/8/PHYSX_A08609EF508D460CBB6710540B03AACF_PHYSXPC_D0B71F414D2D6075CE8F3FA2A93EEF8__62D352FA6F2B6A4400E1CE106222E8230BEE8710.udd" 2905
"C:/Users/Brayan/AppData/Local/UnrealEngine/Common/DerivedDataCache/4/3/8/NAVCOLLISION_2983273BE5D6425391E8C0B3D1C0A55D_NAVCOLLISION_X_D0B71F414D2D6075C__4A335946DB50EA8F7B81831B9899E8F7849971D3.udd" 2906
"C:/Users/Brayan/Desktop/banana odyssey/banana_odyssey/Content/niveles/texturas_nivel_2/sala_nivel/T_Utopia_DeskProps_A_A_N.uasset" 2907
"C:/Users/Brayan/AppData/Local/UnrealEngine/Common/DerivedDataCache/1/1/0/STATICMESH_9CE2B6FB46754B699726C4AA1515F12E_228332BAE0224DD294E232B87D83948FQU__32E3B83C0A5B5944F376F22545CAAEDF9E8B7973.udd" 2908
"C:/Users/Brayan/AppData/Local/UnrealEngine/Common/DerivedDataCache/9/0/9/PHYSX_A08609EF508D460CBB6710540B03AACF_PHYSXPC_719049A3451712B8E01DB18FE566DB8__24A875077FABF07ECF1D877EAA1F2E9F2F850003.udd" 2909
"C:/Users/Brayan/AppData/Local/UnrealEngine/Common/DerivedDataCache/4/2/5/NAVCOLLISION_2983273BE5D6425391E8C0B3D1C0A55D_NAVCOLLISION_X_719049A3451712B8E__981E15A6F6DE3B13BA6369D29E67249185AEF9A5.udd" 2910
"C:/Users/Brayan/Desktop/banana odyssey/banana_odyssey/Content/niveles/texturas_nivel_2/sala_nivel/T_Utopia_DeskProps_A_A_D.uasset" 2911
"C:/Users/Brayan/AppData/Local/UnrealEngine/Common/DerivedDataCache/8/3/3/STATICMESH_9CE2B6FB46754B699726C4AA1515F12E_228332BAE0224DD294E232B87D83948FQU__DC2B48C367269F1D18932B4261F7C4450E1029D4.udd" 2912
"C:/Users/Brayan/AppData/Local/UnrealEngine/Common/DerivedDataCache/7/9/4/PHYSX_A08609EF508D460CBB6710540B03AACF_PHYSXPC_0174F8FF452CD6E048200D901D49C2F__B5F46854CE6E5626664EE4F12C3F59489766903E.udd" 2913
"C:/Users/Brayan/AppData/Local/UnrealEngine/Common/DerivedDataCache/9/3/9/NAVCOLLISION_2983273BE5D6425391E8C0B3D1C0A55D_NAVCOLLISION_X_0174F8FF452CD6E04__D1FE81B8678932E793602D2FF3043B641DDA1783.udd" 2914
"C:/Users/Brayan/Desktop/banana odyssey/banana_odyssey/Content/niveles/nivel_2/MI_Utopia_DeskProps_A_94a7b32.uasset" 2915
"C:/Users/Brayan/AppData/Local/UnrealEngine/Common/DerivedDataCache/6/9/0/STATICMESH_9CE2B6FB46754B699726C4AA1515F12E_228332BAE0224DD294E232B87D83948FQU__8A86FFFB7411C60899ADB720F4B5B420F37F3417.udd" 2916
"C:/Users/Brayan/AppData/Local/UnrealEngine/Common/DerivedDataCache/4/4/9/PHYSX_A08609EF508D460CBB6710540B03AACF_PHYSXPC_35A717484531071D207BF68A68A23AF__99764805A3D4B6716503E08E40FC2EE6D6EAF5F3.udd" 2917
"C:/Users/Brayan/AppData/Local/UnrealEngine/Common/DerivedDataCache/8/7/7/NAVCOLLISION_2983273BE5D6425391E8C0B3D1C0A55D_NAVCOLLISION_X_35A717484531071D2__E3C5C2B7460C2E6FE2A4FD175805F1C5B6F4F3B9.udd" 2918
"C:/Users/Brayan/Desktop/banana odyssey/banana_odyssey/Content/niveles/nivel_2/nivel_2_Default__BP_Utopia_DeskPlant_A_C_001.uasset" 2919
"C:/Users/Brayan/AppData/Local/UnrealEngine/Common/DerivedDataCache/1/7/2/STATICMESH_9CE2B6FB46754B699726C4AA1515F12E_228332BAE0224DD294E232B87D83948FQU__C93EEC8127F430217752E081CA1C23DF41B46A42.udd" 2920
"C:/Users/Brayan/AppData/Local/UnrealEngine/Common/DerivedDataCache/1/7/9/PHYSX_A08609EF508D460CBB6710540B03AACF_PHYSXPC_EAABA2FC4D4D746D764725850EBC811__8FF4497A2461D29B3DBFC7897EACC47A9A108ADD.udd" 2921
"C:/Users/Brayan/AppData/Local/UnrealEngine/Common/DerivedDataCache/7/1/2/NAVCOLLISION_2983273BE5D6425391E8C0B3D1C0A55D_NAVCOLLISION_X_EAABA2FC4D4D746D7__F45CBF3550E7BF0D140A40EC8EDF9FE76CA2B3A7.udd" 2922
"C:/Users/Brayan/Desktop/banana odyssey/banana_odyssey/Content/niveles/nivel_2/nivel_2_Default__BP_Utopia_DeskPlant_A_C.uasset" 2923
"C:/Users/Brayan/AppData/Local/UnrealEngine/Common/DerivedDataCache/6/3/7/STATICMESH_9CE2B6FB46754B699726C4AA1515F12E_228332BAE0224DD294E232B87D83948FQU__0622B04ACEF2110528512F9035538A6B67C0BD9B.udd" 2924
"C:/Users/Brayan/AppData/Local/UnrealEngine/Common/DerivedDataCache/0/9/7/PHYSX_A08609EF508D460CBB6710540B03AACF_PHYSXPC_8F61C4984F41F36933B4649D96E818D__C0CADF4A0344792F4A36C5D3857F491CDB98E05B.udd" 2925
"C:/Users/Brayan/AppData/Local/UnrealEngine/Common/DerivedDataCache/9/7/6/NAVCOLLISION_2983273BE5D6425391E8C0B3D1C0A55D_NAVCOLLISION_X_8F61C4984F41F3693__21B441E208C7A1F1F963C13D1F7FDE4E4D0222BA.udd" 2926
"C:/Users/Brayan/Desktop/banana odyssey/banana_odyssey/Content/niveles/texturas_nivel_2/cocina/T_Office_WaterCooler_A_A_S.uasset" 2927
"C:/Users/Brayan/AppData/Local/UnrealEngine/Common/DerivedDataCache/3/5/9/STATICMESH_9CE2B6FB46754B699726C4AA1515F12E_228332BAE0224DD294E232B87D83948FQU__7EEC5037C6701B3A8460E61A5BA584951CE43B57.udd" 2928
"C:/Users/Brayan/AppData/Local/UnrealEngine/Common/DerivedDataCache/8/8/6/PHYSX_A08609EF508D460CBB6710540B03AACF_PHYSXPC_D44751204215D5A9DFA3E2A65E8B35B__2D4385C0087DE1554F2FDCD43FE4F1111EDAC152.udd" 2929
"C:/Users/Brayan/AppData/Local/UnrealEngine/Common/DerivedDataCache/8/8/7/NAVCOLLISION_2983273BE5D6425391E8C0B3D1C0A55D_NAVCOLLISION_X_D44751204215D5A9D__C1E40E6ECAEB32DBD0F3DB63B59EF220726B85D2.udd" 2930
"C:/Users/Brayan/Desktop/banana odyssey/banana_odyssey/Content/niveles/texturas_nivel_2/cocina/T_Office_WaterCooler_A_A_N.uasset" 2931
"C:/Users/Brayan/AppData/Local/UnrealEngine/Common/DerivedDataCache/1/0/6/STATICMESH_9CE2B6FB46754B699726C4AA1515F12E_228332BAE0224DD294E232B87D83948FQU__9E8EF8F5C93039F9A8726F72E53657FD8E2EB192.udd" 2932
"C:/Users/Brayan/AppData/Local/UnrealEngine/Common/DerivedDataCache/4/8/2/PHYSX_A08609EF508D460CBB6710540B03AACF_PHYSXPC_1BFBA968405CA0518983099582D246C__F61C7C6A6DCFB7D6900A74F618F3E24860D93CB4.udd" 2933
"C:/Users/Brayan/AppData/Local/UnrealEngine/Common/DerivedDataCache/9/7/8/NAVCOLLISION_2983273BE5D6425391E8C0B3D1C0A55D_NAVCOLLISION_X_1BFBA968405CA0518__43858A12662E7A83CA197B32FA667F480EAC6C5F.udd" 2934
"C:/Users/Brayan/Desktop/banana odyssey/banana_odyssey/Content/niveles/texturas_nivel_2/cocina/T_Office_WaterCooler_A_A_D.uasset" 2935
"C:/Users/Brayan/AppData/Local/UnrealEngine/Common/DerivedDataCache/1/1/9/STATICMESH_9CE2B6FB46754B699726C4AA1515F12E_228332BAE0224DD294E232B87D83948FQU__845DD5E0F046D94256AD32E0C0F4BA45B415933D.udd" 2936
"C:/Users/Brayan/AppData/Local/UnrealEngine/Common/DerivedDataCache/0/4/2/PHYSX_A08609EF508D460CBB6710540B03AACF_PHYSXPC_3018C4FC4CE392C4DA0334A6614EA3A__78EB06D7932D722B04CD2A407EE90354FBC4C72A.udd" 2937
"C:/Users/Brayan/AppData/Local/UnrealEngine/Common/DerivedDataCache/7/4/1/NAVCOLLISION_2983273BE5D6425391E8C0B3D1C0A55D_NAVCOLLISION_X_3018C4FC4CE392C4D__75F95E1F8336C22B841751E8F1009A4D0EE6890F.udd" 2938
"C:/Users/Brayan/Desktop/banana odyssey/banana_odyssey/Content/niveles/nivel_2/MI_Office_WaterCooler_A_7056d371.uasset" 2939
"C:/Users/Brayan/Desktop/banana odyssey/banana_odyssey/Content/niveles/nivel_2/nivel_2_Default__BP_Office_WaterCooler_C_C.uasset" 2940
"C:/Users/Brayan/Desktop/banana odyssey/banana_odyssey/Content/niveles/nivel_2/nivel_2_Default__BP_Office_WaterCooler_B_C.uasset" 2941
"C:/Users/Brayan/Desktop/banana odyssey/banana_odyssey/Content/niveles/texturas_nivel_2/sala_fondo/T_MIron_Sewer_TVStack_A_A_S.uasset" 2942
"C:/Users/Brayan/Desktop/banana odyssey/banana_odyssey/Content/niveles/texturas_nivel_2/sala_fondo/T_MIron_Sewer_TVStack_A_A_N.uasset" 2943
"C:/Users/Brayan/AppData/Local/UnrealEngine/Common/DerivedDataCache/1/3/1/STATICMESH_9CE2B6FB46754B699726C4AA1515F12E_228332BAE0224DD294E232B87D83948FQU__CD5CCA3291C569E542CBF6B87EBC749A531C35B4.udd" 2944
"C:/Users/Brayan/AppData/Local/UnrealEngine/Common/DerivedDataCache/1/4/7/PHYSX_A08609EF508D460CBB6710540B03AACF_PHYSXPC_1F4DCC9A4DF0138FAB51579337FFF07__1CDEF24E52C41EA36173C78D69C23FDAC1098473.udd" 2945
"C:/Users/Brayan/AppData/Local/UnrealEngine/Common/DerivedDataCache/0/5/0/NAVCOLLISION_2983273BE5D6425391E8C0B3D1C0A55D_NAVCOLLISION_X_1F4DCC9A4DF0138FA__F6B7F3D5FCD230DD7A8E4FABA4BCAC4C757A71AE.udd" 2946
"C:/Users/Brayan/Desktop/banana odyssey/banana_odyssey/Content/niveles/texturas_nivel_2/sala_fondo/T_MIron_Sewer_TVStack_A_A_D.uasset" 2947
"C:/Users/Brayan/AppData/Local/UnrealEngine/Common/DerivedDataCache/5/5/2/STATICMESH_9CE2B6FB46754B699726C4AA1515F12E_228332BAE0224DD294E232B87D83948FQU__E2570BA1367AFDC546AAB26321B056C5F7BBB975.udd" 2948
"C:/Users/Brayan/AppData/Local/UnrealEngine/Common/DerivedDataCache/3/0/5/PHYSX_A08609EF508D460CBB6710540B03AACF_PHYSXPC_2FCA84E4496AD35095F02399F6F0774__151F50A85D7C8F36CB526228F2182C7EE44E83A9.udd" 2949
"C:/Users/Brayan/AppData/Local/UnrealEngine/Common/DerivedDataCache/0/2/7/NAVCOLLISION_2983273BE5D6425391E8C0B3D1C0A55D_NAVCOLLISION_X_2FCA84E4496AD3509__FB9F4E2583728F0231662C28A67171E137E0B69C.udd" 2950
"C:/Users/Brayan/Desktop/banana odyssey/banana_odyssey/Content/niveles/nivel_2/MI_MIron_Sewer_TVStack_A_1387b6d6.uasset" 2951
"C:/Users/Brayan/Desktop/banana odyssey/banana_odyssey/Content/niveles/nivel_2/MI_MIron_Sewer_ScreenFlipbook_A_75a5fb3d.uasset" 2952
"C:/Users/Brayan/Desktop/banana odyssey/banana_odyssey/Content/niveles/nivel_2/MI_Miron_City_NewsFlipbook_C_31e71691.uasset" 2953
"C:/Users/Brayan/Desktop/banana odyssey/banana_odyssey/Content/niveles/nivel_2/nivel_2_Default__BP_MIron_Sewer_TVStack_A_C.uasset" 2954
"C:/Users/Brayan/Desktop/banana odyssey/banana_odyssey/Content/niveles/texturas_nivel_2/sala_fondo/T_Suburban_LampModern_A_A_S.uasset" 2955
"C:/Users/Brayan/AppData/Local/UnrealEngine/Common/DerivedDataCache/3/6/4/STATICMESH_9CE2B6FB46754B699726C4AA1515F12E_228332BAE0224DD294E232B87D83948FQU__BAB2C5C571F07B5CC52838D97661879188CD402B.udd" 2956
"C:/Users/Brayan/AppData/Local/UnrealEngine/Common/DerivedDataCache/2/1/4/PHYSX_A08609EF508D460CBB6710540B03AACF_PHYSXPC_1D8DF5E946AFD27C31F8028E527FEDB__6CA8B8C6089DEA747FC47E86BBC9F9C70FD4F212.udd" 2957
"C:/Users/Brayan/AppData/Local/UnrealEngine/Common/DerivedDataCache/2/2/9/NAVCOLLISION_2983273BE5D6425391E8C0B3D1C0A55D_NAVCOLLISION_X_1D8DF5E946AFD27C3__5A752832278B72F0A1305CD656789511BB621877.udd" 2958
"C:/Users/Brayan/Desktop/banana odyssey/banana_odyssey/Content/niveles/texturas_nivel_2/sala_fondo/T_Suburban_LampModern_A_A_N.uasset" 2959
"C:/Users/Brayan/AppData/Local/UnrealEngine/Common/DerivedDataCache/7/1/5/STATICMESH_9CE2B6FB46754B699726C4AA1515F12E_228332BAE0224DD294E232B87D83948FQU__ED70EDF840FA99CCD9FD7F6A62CE02A83622C477.udd" 2960
"C:/Users/Brayan/AppData/Local/UnrealEngine/Common/DerivedDataCache/6/0/6/PHYSX_A08609EF508D460CBB6710540B03AACF_PHYSXPC_1406A4F94C7B9D877D1483A13182CA5__4EFC418446A1E5A72FB782BD8DDB93D699430889.udd" 2961
"C:/Users/Brayan/AppData/Local/UnrealEngine/Common/DerivedDataCache/1/3/1/NAVCOLLISION_2983273BE5D6425391E8C0B3D1C0A55D_NAVCOLLISION_X_1406A4F94C7B9D877__92B00B3D06DCAACD0146DC07D666DC416FD8906A.udd" 2962
"C:/Users/Brayan/Desktop/banana odyssey/banana_odyssey/Content/niveles/texturas_nivel_2/sala_fondo/T_Suburban_LampModern_A_A_D.uasset" 2963
"C:/Users/Brayan/Desktop/banana odyssey/banana_odyssey/Content/niveles/nivel_2/MI_Suburban_LampModern_A_3dd584e4.uasset" 2964
"C:/Users/Brayan/Desktop/banana odyssey/banana_odyssey/Content/niveles/nivel_2/nivel_2_Default__BP_Lightsource_SuburbanLamp_B_C.uasset" 2965
"C:/Users/Brayan/Desktop/banana odyssey/banana_odyssey/Content/niveles/texturas_nivel_2/sala_fondo/T_LightSource_RecessedLight_B_A_S.uasset" 2966
"C:/Users/Brayan/Desktop/banana odyssey/banana_odyssey/Content/niveles/texturas_nivel_2/sala_fondo/T_LightSource_RecessedLight_B_A_N.uasset" 2967
"C:/Users/Brayan/AppData/Local/UnrealEngine/Common/DerivedDataCache/8/9/1/STATICMESH_9CE2B6FB46754B699726C4AA1515F12E_228332BAE0224DD294E232B87D83948FQU__26ADE40FCC3981EA01CB528B3557F5C0F14D1FAE.udd" 2968
"C:/Users/Brayan/AppData/Local/UnrealEngine/Common/DerivedDataCache/3/6/8/PHYSX_A08609EF508D460CBB6710540B03AACF_PHYSXPC_96E039E1443DA4A94AD75DAD051D0F8__8A1E48F5ED46088C97153EAD9D2771269085542A.udd" 2969
"C:/Users/Brayan/AppData/Local/UnrealEngine/Common/DerivedDataCache/5/4/7/NAVCOLLISION_2983273BE5D6425391E8C0B3D1C0A55D_NAVCOLLISION_X_96E039E1443DA4A94__3A912C00C64FD16F091228679578E056B0B8B4ED.udd" 2970
"C:/Users/Brayan/Desktop/banana odyssey/banana_odyssey/Content/niveles/texturas_nivel_2/sala_fondo/T_LightSource_RecessedLight_B_A_D.uasset" 2971
"C:/Users/Brayan/AppData/Local/UnrealEngine/Common/DerivedDataCache/8/7/6/STATICMESH_9CE2B6FB46754B699726C4AA1515F12E_228332BAE0224DD294E232B87D83948FQU__169A6D78E594D59D911BD597469CCD958FA1D25B.udd" 2972
"C:/Users/Brayan/AppData/Local/UnrealEngine/Common/DerivedDataCache/1/9/4/PHYSX_A08609EF508D460CBB6710540B03AACF_PHYSXPC_BC906DC9493E969A273D788CA49BD83__5B06522F6F29C3C93D4AF89F1742174CB245A8F1.udd" 2973
"C:/Users/Brayan/AppData/Local/UnrealEngine/Common/DerivedDataCache/3/0/0/NAVCOLLISION_2983273BE5D6425391E8C0B3D1C0A55D_NAVCOLLISION_X_BC906DC9493E969A2__D79A6A2AD2B0AF71F7449EAB28EB829E84CF4675.udd" 2974
"C:/Users/Brayan/Desktop/banana odyssey/banana_odyssey/Content/niveles/nivel_2/MI_LightSource_RecessedLight_B_505cbd69.uasset" 2975
"C:/Users/Brayan/Desktop/banana odyssey/banana_odyssey/Content/niveles/nivel_2/nivel_2_Default__BP_LightSource_RecessedLight_B_C.uasset" 2976
"C:/Users/Brayan/Desktop/banana odyssey/banana_odyssey/Content/niveles/texturas_nivel_2/cocina/T_Kitchen_Pro_Range_S.uasset" 2977
"C:/Users/Brayan/Desktop/banana odyssey/banana_odyssey/Content/niveles/texturas_nivel_2/cocina/T_Kitchen_Pro_Range_N.uasset" 2978
"C:/Users/Brayan/Desktop/banana odyssey/banana_odyssey/Content/niveles/texturas_nivel_2/cocina/T_Kitchen_Pro_Range_D.uasset" 2979
"C:/Users/Brayan/Desktop/banana odyssey/banana_odyssey/Content/niveles/nivel_2/MI_Kitchen_Pro_Range_A_42f4525.uasset" 2980
"C:/Users/Brayan/Desktop/banana odyssey/banana_odyssey/Content/niveles/nivel_2/nivel_2_Default__BP_Kitchen_ProRange_A_B_C_001.uasset" 2981
"C:/Users/Brayan/AppData/Local/UnrealEngine/Common/DerivedDataCache/3/4/5/STATICMESH_9CE2B6FB46754B699726C4AA1515F12E_228332BAE0224DD294E232B87D83948FQU__B9D8EA6E8AABFF75A98CD1C98AB72D39B16D6733.udd" 2982
"C:/Users/Brayan/AppData/Local/UnrealEngine/Common/DerivedDataCache/8/6/9/PHYSX_A08609EF508D460CBB6710540B03AACF_PHYSXPC_D4D809334C3BC735A3819EB71F20079__7115E76D7D10761E44292DD558B21EE6F9F63810.udd" 2983
"C:/Users/Brayan/AppData/Local/UnrealEngine/Common/DerivedDataCache/0/1/9/NAVCOLLISION_2983273BE5D6425391E8C0B3D1C0A55D_NAVCOLLISION_X_D4D809334C3BC735A__9F5B8F6EE94CA3656AB37966853791D0FEB58241.udd" 2984
"C:/Users/Brayan/Desktop/banana odyssey/banana_odyssey/Content/niveles/nivel_2/MI_Kitchen_Pro_Range_A_7688779a.uasset" 2985
"C:/Users/Brayan/Desktop/banana odyssey/banana_odyssey/Content/niveles/nivel_2/nivel_2_Default__BP_Kitchen_Pro_Range_C_C.uasset" 2986
"C:/Users/Brayan/Desktop/banana odyssey/banana_odyssey/Content/niveles/texturas_nivel_2/cocina/T_Kitchen_Pro_Oven_A_S.uasset" 2987
"C:/Users/Brayan/Desktop/banana odyssey/banana_odyssey/Content/niveles/texturas_nivel_2/cocina/T_Kitchen_Pro_Oven_A_N.uasset" 2988
"C:/Users/Brayan/Desktop/banana odyssey/banana_odyssey/Content/niveles/texturas_nivel_2/cocina/T_Kitchen_Pro_Oven_A_D.uasset" 2989
"C:/Users/Brayan/AppData/Local/UnrealEngine/Common/DerivedDataCache/8/2/1/STATICMESH_9CE2B6FB46754B699726C4AA1515F12E_228332BAE0224DD294E232B87D83948FQU__C66DB81F64D91D58CCCBDFECB5766DF2385B7891.udd" 2990
"C:/Users/Brayan/AppData/Local/UnrealEngine/Common/DerivedDataCache/4/4/1/PHYSX_A08609EF508D460CBB6710540B03AACF_PHYSXPC_8B3D5077488ABB318F6BAAAE7FB81CE__63962B99A62B6B560253119F47E4073821F26ED1.udd" 2991
"C:/Users/Brayan/AppData/Local/UnrealEngine/Common/DerivedDataCache/2/4/3/NAVCOLLISION_2983273BE5D6425391E8C0B3D1C0A55D_NAVCOLLISION_X_8B3D5077488ABB318__2B8B51586CF3880B9F49A6B20C52DA0F15F06D96.udd" 2992
"C:/Users/Brayan/Desktop/banana odyssey/banana_odyssey/Content/niveles/nivel_2/MI_Kitchen_Pro_Oven_A_1960f09d.uasset" 2993
"C:/Users/Brayan/Desktop/banana odyssey/banana_odyssey/Content/niveles/nivel_2/nivel_2_Default__BP_Kitchen_Pro_Oven_A_C_001.uasset" 2994
"C:/Users/Brayan/Desktop/banana odyssey/banana_odyssey/Content/niveles/texturas_nivel_2/cocina/T_Kitchen_Pro_Griddle_A_S.uasset" 2995
"C:/Users/Brayan/Desktop/banana odyssey/banana_odyssey/Content/niveles/texturas_nivel_2/cocina/T_Kitchen_Pro_Griddle_A_N.uasset" 2996
"C:/Users/Brayan/Desktop/banana odyssey/banana_odyssey/Content/niveles/texturas_nivel_2/cocina/T_Kitchen_Pro_Griddle_A_D.uasset" 2997
"C:/Users/Brayan/AppData/Local/UnrealEngine/Common/DerivedDataCache/3/5/2/STATICMESH_9CE2B6FB46754B699726C4AA1515F12E_228332BAE0224DD294E232B87D83948FQU__42648455EDFB91893DA7283A9FF97259BC411B24.udd" 2998
"C:/Users/Brayan/AppData/Local/UnrealEngine/Common/DerivedDataCache/6/3/3/PHYSX_A08609EF508D460CBB6710540B03AACF_PHYSXPC_0BFFDEEC42F4F08176EC09AABCCCDC6__CAE270398467BA0D25B2A020F372B1DA6427F7A4.udd" 2999
"C:/Users/Brayan/AppData/Local/UnrealEngine/Common/DerivedDataCache/2/7/0/NAVCOLLISION_2983273BE5D6425391E8C0B3D1C0A55D_NAVCOLLISION_X_0BFFDEEC42F4F0817__486197B1E54F03C141C0DAE5042388EA45E0DE13.udd" 3000
"C:/Users/Brayan/Desktop/banana odyssey/banana_odyssey/Content/niveles/nivel_2/MI_Kitchen_Pro_Griddle_A_c958002.uasset" 3001
"C:/Users/Brayan/Desktop/banana odyssey/banana_odyssey/Content/niveles/nivel_2/nivel_2_Default__BP_Kitchen_Pro_Griddle_A_C.uasset" 3002
"C:/Users/Brayan/Desktop/banana odyssey/banana_odyssey/Content/niveles/texturas_nivel_2/cocina/T_Kitchen_Pro_Counter_C_S.uasset" 3003
"C:/Users/Brayan/Desktop/banana odyssey/banana_odyssey/Content/niveles/texturas_nivel_2/cocina/T_Kitchen_Pro_Counter_C_N.uasset" 3004
"C:/Users/Brayan/Desktop/banana odyssey/banana_odyssey/Content/niveles/texturas_nivel_2/cocina/T_Kitchen_Pro_Counter_C_D.uasset" 3005
"C:/Users/Brayan/AppData/Local/UnrealEngine/Common/DerivedDataCache/3/8/8/STATICMESH_9CE2B6FB46754B699726C4AA1515F12E_228332BAE0224DD294E232B87D83948FQU__B902AC8E21B4BFEB77ADF756C64A7F3D65E16CC7.udd" 3006
"C:/Users/Brayan/AppData/Local/UnrealEngine/Common/DerivedDataCache/1/6/4/PHYSX_A08609EF508D460CBB6710540B03AACF_PHYSXPC_B26CE2FA43D526B55EDCAF8EDA6E47A__D18BA4D25AAF3657BC675A0BB259EEDEC59EE5D7.udd" 3007
"C:/Users/Brayan/AppData/Local/UnrealEngine/Common/DerivedDataCache/6/0/9/NAVCOLLISION_2983273BE5D6425391E8C0B3D1C0A55D_NAVCOLLISION_X_B26CE2FA43D526B55__A87E146E3B41BA4EB74F6EFD490A92B0FDA3B42A.udd" 3008
"C:/Users/Brayan/Desktop/banana odyssey/banana_odyssey/Content/niveles/nivel_2/MI_Kitchen_Pro_Counter_C_499a37ee.uasset" 3009
"C:/Users/Brayan/Desktop/banana odyssey/banana_odyssey/Content/niveles/nivel_2/nivel_2_Default__BP_Kitchen_Pro_Counter_C_B_C.uasset" 3010
"C:/Users/Brayan/AppData/Local/UnrealEngine/Common/DerivedDataCache/0/0/7/STATICMESH_9CE2B6FB46754B699726C4AA1515F12E_228332BAE0224DD294E232B87D83948FQU__43E21CD09A73D1A6B25F52485095D8AE51CA19F0.udd" 3011
"C:/Users/Brayan/AppData/Local/UnrealEngine/Common/DerivedDataCache/1/0/5/PHYSX_A08609EF508D460CBB6710540B03AACF_PHYSXPC_C0BF8D404E9AC21EA64F73869751088__2DBA057369E76891B7A0E33EDE97CE707BB0FDA5.udd" 3012
"C:/Users/Brayan/AppData/Local/UnrealEngine/Common/DerivedDataCache/2/0/2/NAVCOLLISION_2983273BE5D6425391E8C0B3D1C0A55D_NAVCOLLISION_X_C0BF8D404E9AC21EA__73F170C41EE98ACEEE519E6E08330AFA1C629CBF.udd" 3013
"C:/Users/Brayan/Desktop/banana odyssey/banana_odyssey/Content/niveles/texturas_nivel_2/sala_nivel/T_Furniture_TastingTable_A_A_S.uasset" 3014
"C:/Users/Brayan/Desktop/banana odyssey/banana_odyssey/Content/niveles/texturas_nivel_2/sala_nivel/T_Furniture_TastingTable_A_A_N.uasset" 3015
"C:/Users/Brayan/Desktop/banana odyssey/banana_odyssey/Content/niveles/texturas_nivel_2/sala_nivel/T_Furniture_TastingTable_A_A_D.uasset" 3016
"C:/Users/Brayan/Desktop/banana odyssey/banana_odyssey/Content/niveles/nivel_2/MI_Furniture_TastingTable_A_5f9db960.uasset" 3017
"C:/Users/Brayan/Desktop/banana odyssey/banana_odyssey/Content/niveles/nivel_2/nivel_2_Default__BP_Furniture_TastingTable_A_C.uasset" 3018
"C:/Users/Brayan/AppData/Local/UnrealEngine/Common/DerivedDataCache/8/9/6/STATICMESH_9CE2B6FB46754B699726C4AA1515F12E_228332BAE0224DD294E232B87D83948FQU__A7AE203D532550792AEF6C4ECF437FF4B0230A52.udd" 3019
"C:/Users/Brayan/AppData/Local/UnrealEngine/Common/DerivedDataCache/6/9/1/PHYSX_A08609EF508D460CBB6710540B03AACF_PHYSXPC_71B92C994E3380912E08B6BCBF751B6__D502A3B50F82FA9EC2D444D25733662A35606C43.udd" 3020
"C:/Users/Brayan/AppData/Local/UnrealEngine/Common/DerivedDataCache/3/0/0/NAVCOLLISION_2983273BE5D6425391E8C0B3D1C0A55D_NAVCOLLISION_X_71B92C994E3380912__17C50F60BC28160F99208093CDCDF99EC9A03581.udd" 3021
"C:/Users/Brayan/Desktop/banana odyssey/banana_odyssey/Content/niveles/texturas_nivel_2/sala_nivel/T_Furniture_RusticEndTable_A_A_S.uasset" 3022
"C:/Users/Brayan/Desktop/banana odyssey/banana_odyssey/Content/niveles/texturas_nivel_2/sala_nivel/T_Furniture_RusticEndTable_A_A_N.uasset" 3023
"C:/Users/Brayan/Desktop/banana odyssey/banana_odyssey/Content/niveles/texturas_nivel_2/sala_nivel/T_Furniture_RusticEndTable_A_A_D.uasset" 3024
"C:/Users/Brayan/Desktop/banana odyssey/banana_odyssey/Content/niveles/nivel_2/MI_Furniture_RusticEndTable_A_2b4e303c.uasset" 3025
"C:/Users/Brayan/Desktop/banana odyssey/banana_odyssey/Content/niveles/nivel_2/nivel_2_Default__BP_Furniture_RusticEndTable_A_A_C.uasset" 3026
"C:/Users/Brayan/AppData/Local/UnrealEngine/Common/DerivedDataCache/2/9/7/STATICMESH_9CE2B6FB46754B699726C4AA1515F12E_228332BAE0224DD294E232B87D83948FQU__E6353B8F0A964B7D0C93A4FE1B09BABF800BF42F.udd" 3027
"C:/Users/Brayan/AppData/Local/UnrealEngine/Common/DerivedDataCache/5/7/2/PHYSX_A08609EF508D460CBB6710540B03AACF_PHYSXPC_E434D7CB458E8507DBB164B42B9A28D__75CF76663BCB7EA38EA5393C03D7281854918C33.udd" 3028
"C:/Users/Brayan/AppData/Local/UnrealEngine/Common/DerivedDataCache/9/8/5/NAVCOLLISION_2983273BE5D6425391E8C0B3D1C0A55D_NAVCOLLISION_X_E434D7CB458E8507D__42D2FDE5A9308F972BEA4D6682218C71BD809F09.udd" 3029
"C:/Users/Brayan/Desktop/banana odyssey/banana_odyssey/Content/niveles/texturas_nivel_2/sala_fondo/T_Furniture_OrnateWardrobe_A_A_S.uasset" 3030
"C:/Users/Brayan/Desktop/banana odyssey/banana_odyssey/Content/niveles/texturas_nivel_2/sala_fondo/T_Furniture_OrnateWardrobe_A_A_N.uasset" 3031
"C:/Users/Brayan/Desktop/banana odyssey/banana_odyssey/Content/niveles/texturas_nivel_2/sala_fondo/T_Furniture_OrnateWardrobe_A_A_D.uasset" 3032
"C:/Users/Brayan/Desktop/banana odyssey/banana_odyssey/Content/niveles/nivel_2/MI_Furniture_OrnateWardrobe_A_5910a5a5.uasset" 3033
"C:/Users/Brayan/Desktop/banana odyssey/banana_odyssey/Content/niveles/nivel_2/nivel_2_Default__BP_Furniture_OrnateWardrobe_A_A_C.uasset" 3034
"C:/Users/Brayan/AppData/Local/UnrealEngine/Common/DerivedDataCache/8/9/0/STATICMESH_9CE2B6FB46754B699726C4AA1515F12E_228332BAE0224DD294E232B87D83948FQU__EE53AEEA074238459EB210B0297CC2DFE1DC0F7F.udd" 3035
"C:/Users/Brayan/AppData/Local/UnrealEngine/Common/DerivedDataCache/6/9/0/PHYSX_A08609EF508D460CBB6710540B03AACF_PHYSXPC_F61772C140F26D7F322B78BE06A472C__B2F33005092D5417210181278BCCF4962C47EB24.udd" 3036
"C:/Users/Brayan/AppData/Local/UnrealEngine/Common/DerivedDataCache/0/1/8/NAVCOLLISION_2983273BE5D6425391E8C0B3D1C0A55D_NAVCOLLISION_X_F61772C140F26D7F3__53A5798BFA10DCC9461BE9E15832DE47066892B8.udd" 3037
"C:/Users/Brayan/Desktop/banana odyssey/banana_odyssey/Content/niveles/texturas_nivel_2/sala_fondo/T_Furniture_OrnateServer_A_A_S.uasset" 3038
"C:/Users/Brayan/Desktop/banana odyssey/banana_odyssey/Content/niveles/texturas_nivel_2/sala_fondo/T_Furniture_OrnateServer_A_A_N.uasset" 3039
"C:/Users/Brayan/Desktop/banana odyssey/banana_odyssey/Content/niveles/texturas_nivel_2/sala_fondo/T_Furniture_OrnateServer_A_A_D.uasset" 3040
"C:/Users/Brayan/Desktop/banana odyssey/banana_odyssey/Content/niveles/nivel_2/MI_Furniture_OrnateServer_A_428b9cd.uasset" 3041
"C:/Users/Brayan/Desktop/banana odyssey/banana_odyssey/Content/niveles/nivel_2/nivel_2_Default__BP_Furniture_OrnateServer_A_A_C.uasset" 3042
"C:/Users/Brayan/AppData/Local/UnrealEngine/Common/DerivedDataCache/3/2/4/STATICMESH_9CE2B6FB46754B699726C4AA1515F12E_228332BAE0224DD294E232B87D83948FQU__8E49E2437382D12C96B77EC8379C584EAB4C337A.udd" 3043
"C:/Users/Brayan/AppData/Local/UnrealEngine/Common/DerivedDataCache/8/0/3/PHYSX_A08609EF508D460CBB6710540B03AACF_PHYSXPC_F636060343B834F6853F76ADFA0DAFB__BD708B388A7391EF170FF16C530EB802070B62D6.udd" 3044
"C:/Users/Brayan/AppData/Local/UnrealEngine/Common/DerivedDataCache/0/6/5/NAVCOLLISION_2983273BE5D6425391E8C0B3D1C0A55D_NAVCOLLISION_X_F636060343B834F68__43928B056622DB8D2F2859073C7FCEC0B9000F5B.udd" 3045
"C:/Users/Brayan/Desktop/banana odyssey/banana_odyssey/Content/niveles/texturas_nivel_2/sala_nivel/T_Furniture_OrnateBooks_A_A_S.uasset" 3046
"C:/Users/Brayan/Desktop/banana odyssey/banana_odyssey/Content/niveles/texturas_nivel_2/sala_nivel/T_Furniture_OrnateBooks_A_A_N.uasset" 3047
"C:/Users/Brayan/Desktop/banana odyssey/banana_odyssey/Content/niveles/texturas_nivel_2/sala_nivel/T_Furniture_OrnateBooks_A_A_D.uasset" 3048
"C:/Users/Brayan/Desktop/banana odyssey/banana_odyssey/Content/niveles/nivel_2/MI_Furniture_OrnateBooks_A_11013fb9.uasset" 3049
"C:/Users/Brayan/Desktop/banana odyssey/banana_odyssey/Content/niveles/nivel_2/nivel_2_Default__BP_Furniture_OrnateBooks_M_C_001.uasset" 3050
"C:/Users/Brayan/AppData/Local/UnrealEngine/Common/DerivedDataCache/7/4/9/STATICMESH_9CE2B6FB46754B699726C4AA1515F12E_228332BAE0224DD294E232B87D83948FQU__D36BB0953F4D47A6C472A6DE9CBD8EDCB947AB86.udd" 3051
"C:/Users/Brayan/AppData/Local/UnrealEngine/Common/DerivedDataCache/9/2/8/PHYSX_A08609EF508D460CBB6710540B03AACF_PHYSXPC_102E504B461CB443921728AD48B70AA__7BD3DD5E7BF75020DAC9992104B421C52E3F6DFD.udd" 3052
"C:/Users/Brayan/AppData/Local/UnrealEngine/Common/DerivedDataCache/8/3/7/NAVCOLLISION_2983273BE5D6425391E8C0B3D1C0A55D_NAVCOLLISION_X_102E504B461CB4439__BE77DF0427829DA672C8A27059FC603B959E6403.udd" 3053
"C:/Users/Brayan/Desktop/banana odyssey/banana_odyssey/Content/niveles/nivel_2/nivel_2_Default__BP_Furniture_OrnateBooks_M_C.uasset" 3054
"C:/Users/Brayan/Desktop/banana odyssey/banana_odyssey/Content/niveles/nivel_2/nivel_2_Default__BP_Furniture_OrnateBooks_L_C_001.uasset" 3055
"C:/Users/Brayan/Desktop/banana odyssey/banana_odyssey/Content/niveles/nivel_2/nivel_2_Default__BP_Furniture_OrnateBooks_L_C.uasset" 3056
"C:/Users/Brayan/Desktop/banana odyssey/banana_odyssey/Content/niveles/texturas_nivel_2/sala_nivel/T_Furniture_DogBeds_A_A_S.uasset" 3057
"C:/Users/Brayan/Desktop/banana odyssey/banana_odyssey/Content/niveles/texturas_nivel_2/sala_nivel/T_Furniture_DogBeds_A_A_N.uasset" 3058
"C:/Users/Brayan/AppData/Local/UnrealEngine/Common/DerivedDataCache/1/7/7/STATICMESH_9CE2B6FB46754B699726C4AA1515F12E_228332BAE0224DD294E232B87D83948FQU__0F0DB1B7B3015872C332EDFB816A12D8A1D1A917.udd" 3059
"C:/Users/Brayan/AppData/Local/UnrealEngine/Common/DerivedDataCache/0/0/6/PHYSX_A08609EF508D460CBB6710540B03AACF_PHYSXPC_AA68D4854722A6B94F6CB885DCEA077__B93699011A0A06C37C1E7E54F58B5C4A2842FC56.udd" 3060
"C:/Users/Brayan/AppData/Local/UnrealEngine/Common/DerivedDataCache/7/2/4/NAVCOLLISION_2983273BE5D6425391E8C0B3D1C0A55D_NAVCOLLISION_X_AA68D4854722A6B94__AF28C6363711643BF395B80EC07A5485C46E266F.udd" 3061
"C:/Users/Brayan/Desktop/banana odyssey/banana_odyssey/Content/niveles/texturas_nivel_2/sala_nivel/T_Furniture_DogBeds_A_A_D.uasset" 3062
"C:/Users/Brayan/Desktop/banana odyssey/banana_odyssey/Content/niveles/nivel_2/MI_Furniture_DogBeds_A_d24fd01b.uasset" 3063
"C:/Users/Brayan/Desktop/banana odyssey/banana_odyssey/Content/niveles/nivel_2/nivel_2_Default__BP_Furniture_DogBed_B_C.uasset" 3064
"C:/Users/Brayan/Desktop/banana odyssey/banana_odyssey/Content/niveles/texturas_nivel_2/sala_fondo/T_Commerce_CoveredProp_A_C_S.uasset" 3065
"C:/Users/Brayan/Desktop/banana odyssey/banana_odyssey/Content/niveles/texturas_nivel_2/sala_fondo/T_Commerce_CoveredProp_A_C_N.uasset" 3066
"C:/Users/Brayan/AppData/Local/UnrealEngine/Common/DerivedDataCache/4/4/0/STATICMESH_9CE2B6FB46754B699726C4AA1515F12E_228332BAE0224DD294E232B87D83948FQU__D8BAAC61B5F2A66FACEF38ABEF0820506837F481.udd" 3067
"C:/Users/Brayan/AppData/Local/UnrealEngine/Common/DerivedDataCache/4/2/6/PHYSX_A08609EF508D460CBB6710540B03AACF_PHYSXPC_106B5E40443AD19187EB629149AC8F7__EC928810FA349553F573EBC65D9F8761AD3E6A81.udd" 3068
"C:/Users/Brayan/AppData/Local/UnrealEngine/Common/DerivedDataCache/6/7/1/NAVCOLLISION_2983273BE5D6425391E8C0B3D1C0A55D_NAVCOLLISION_X_106B5E40443AD1918__F83BE0C0E569B187DEFD0B4E50AEC6A01EAB6858.udd" 3069
"C:/Users/Brayan/Desktop/banana odyssey/banana_odyssey/Content/niveles/texturas_nivel_2/sala_fondo/T_Commerce_CoveredProp_A_C_D.uasset" 3070
"C:/Users/Brayan/Desktop/banana odyssey/banana_odyssey/Content/niveles/nivel_2/MI_Commerce_CoveredProp_A_C_7af1dd6d.uasset" 3071
"C:/Users/Brayan/Desktop/banana odyssey/banana_odyssey/Content/niveles/nivel_2/nivel_2_Default__BP_Commerce_CoveredProp_A_C_C.uasset" 3072
"C:/Users/Brayan/Desktop/banana odyssey/banana_odyssey/Content/niveles/texturas_nivel_2/pardes_y_piso/T_UtopiaCity_Carpet_A_A_S.uasset" 3073
"C:/Users/Brayan/Desktop/banana odyssey/banana_odyssey/Content/niveles/texturas_nivel_2/pardes_y_piso/T_UtopiaCity_Carpet_A_A_N.uasset" 3074
"C:/Users/Brayan/AppData/Local/UnrealEngine/Common/DerivedDataCache/4/0/4/STATICMESH_9CE2B6FB46754B699726C4AA1515F12E_228332BAE0224DD294E232B87D83948FQU__030CE9239069C637C3AF43DF913D320692062A89.udd" 3075
"C:/Users/Brayan/AppData/Local/UnrealEngine/Common/DerivedDataCache/8/4/9/PHYSX_A08609EF508D460CBB6710540B03AACF_PHYSXPC_666869A44720BA0A7C7D1BBE078B967__7C2D5EC33ABDD80C3A0F7F3CE23C704AD62D73AD.udd" 3076
"C:/Users/Brayan/AppData/Local/UnrealEngine/Common/DerivedDataCache/9/7/0/NAVCOLLISION_2983273BE5D6425391E8C0B3D1C0A55D_NAVCOLLISION_X_666869A44720BA0A7__9152C1664E52C8B6BFB7D36D170227B4005FA153.udd" 3077
"C:/Users/Brayan/Desktop/banana odyssey/banana_odyssey/Content/niveles/texturas_nivel_2/pardes_y_piso/T_UtopiaCity_Carpet_A_A_D.uasset" 3078
"C:/Users/Brayan/AppData/Local/UnrealEngine/Common/DerivedDataCache/5/9/0/STATICMESH_9CE2B6FB46754B699726C4AA1515F12E_228332BAE0224DD294E232B87D83948FQU__ED2913F7DF46712BE52287236FA9F25B9C78B0D2.udd" 3079
"C:/Users/Brayan/AppData/Local/UnrealEngine/Common/DerivedDataCache/8/0/9/PHYSX_A08609EF508D460CBB6710540B03AACF_PHYSXPC_4A84FCE24475BD3C317F2DA6E5F854D__4EC9EFE204B5260841AC585E7C63DCB80133E019.udd" 3080
"C:/Users/Brayan/AppData/Local/UnrealEngine/Common/DerivedDataCache/0/5/8/NAVCOLLISION_2983273BE5D6425391E8C0B3D1C0A55D_NAVCOLLISION_X_4A84FCE24475BD3C3__90E811360F1F55357ACF26D4A264043EC14AE501.udd" 3081
"C:/Users/Brayan/Desktop/banana odyssey/banana_odyssey/Content/niveles/nivel_2/MI_GenericSet_Master_2Layer_80f83507.uasset" 3082
"C:/Users/Brayan/AppData/Local/UnrealEngine/Common/DerivedDataCache/1/8/1/STATICMESH_9CE2B6FB46754B699726C4AA1515F12E_228332BAE0224DD294E232B87D83948FQU__C5C79035C8C8A7430A20C5407BDB8FD8DE5969AD.udd" 3083
"C:/Users/Brayan/AppData/Local/UnrealEngine/Common/DerivedDataCache/3/2/6/PHYSX_A08609EF508D460CBB6710540B03AACF_PHYSXPC_C81B6BB84C03876087857DAB30A2767__D1BF3BFBA32D1FB6EA48E30D3F4B17DF13D0F907.udd" 3084
"C:/Users/Brayan/AppData/Local/UnrealEngine/Common/DerivedDataCache/4/6/8/NAVCOLLISION_2983273BE5D6425391E8C0B3D1C0A55D_NAVCOLLISION_X_C81B6BB84C0387608__3B4F3F3954EBA05DFE467E3947A1F9A2CAF59010.udd" 3085
"C:/Users/Brayan/Desktop/banana odyssey/banana_odyssey/Content/niveles/nivel_2/nivel_2_Default__BP_City_CityGenericFloor_Light_A_A_C.uasset" 3086
"C:/Users/Brayan/AppData/Local/UnrealEngine/Common/DerivedDataCache/9/1/8/STATICMESH_9CE2B6FB46754B699726C4AA1515F12E_228332BAE0224DD294E232B87D83948FQU__F2877CA279671AB994754AFB7D11432BD7570EE7.udd" 3087
"C:/Users/Brayan/AppData/Local/UnrealEngine/Common/DerivedDataCache/6/5/5/PHYSX_A08609EF508D460CBB6710540B03AACF_PHYSXPC_295531274D52B68BA179F883E684173__A8703D4FCDF2212DC493A27E9F1B9B75EBEC5A5D.udd" 3088
"C:/Users/Brayan/AppData/Local/UnrealEngine/Common/DerivedDataCache/8/3/6/NAVCOLLISION_2983273BE5D6425391E8C0B3D1C0A55D_NAVCOLLISION_X_295531274D52B68BA__69A914676CE88694E3A0F937BF30969F3FFEC78E.udd" 3089
"C:/Users/Brayan/Desktop/banana odyssey/banana_odyssey/Content/niveles/texturas_nivel_2/pardes_y_piso/T_Parallel_Office_Wood_01_D.uasset" 3090
"C:/Users/Brayan/Desktop/banana odyssey/banana_odyssey/Content/niveles/nivel_2/MI_GenericSet_Master_2Layer_462aeed4_006.uasset" 3091
"C:/Users/Brayan/Desktop/banana odyssey/banana_odyssey/Content/niveles/nivel_2/nivel_2_Default__BP_Blockout_Floor_A_A_NoSnap_C_015.uasset" 3092
"C:/Users/Brayan/Desktop/banana odyssey/banana_odyssey/Content/niveles/nivel_2/nivel_2_Default__BP_Blockout_Floor_A_A_NoSnap_C_014.uasset" 3093
"C:/Users/Brayan/Desktop/banana odyssey/banana_odyssey/Content/niveles/nivel_2/nivel_2_Default__BP_Blockout_Floor_A_A_NoSnap_C_013.uasset" 3094
"C:/Users/Brayan/AppData/Local/UnrealEngine/Common/DerivedDataCache/6/7/4/STATICMESH_9CE2B6FB46754B699726C4AA1515F12E_228332BAE0224DD294E232B87D83948FQU__32B16FCEFD4A906B52BE8C4208A2EE7AAB6BCD45.udd" 3095
"C:/Users/Brayan/AppData/Local/UnrealEngine/Common/DerivedDataCache/3/1/1/PHYSX_A08609EF508D460CBB6710540B03AACF_PHYSXPC_7ACBB5D7489347E27745E585FDF256A__3BAD984B2F60CA1D70F8A3F00409C4343371D7B3.udd" 3096
"C:/Users/Brayan/AppData/Local/UnrealEngine/Common/DerivedDataCache/7/9/6/NAVCOLLISION_2983273BE5D6425391E8C0B3D1C0A55D_NAVCOLLISION_X_7ACBB5D7489347E27__CB2733DBB85B93E1B94D96AFA151527F10EAC2CB.udd" 3097
"C:/Users/Brayan/Desktop/banana odyssey/banana_odyssey/Content/niveles/nivel_2/nivel_2_Default__BP_Blockout_Floor_A_A_NoSnap_C_012.uasset" 3098
"C:/Users/Brayan/Desktop/banana odyssey/banana_odyssey/Content/niveles/nivel_2/nivel_2_Default__BP_Blockout_Floor_A_A_NoSnap_C_011.uasset" 3099
"C:/Users/Brayan/Desktop/banana odyssey/banana_odyssey/Content/niveles/nivel_2/nivel_2_Default__BP_Blockout_Floor_A_A_NoSnap_C_010.uasset" 3100
"C:/Users/Brayan/Desktop/banana odyssey/banana_odyssey/Content/niveles/nivel_2/nivel_2_Default__BP_Blockout_Floor_A_A_NoSnap_C_009.uasset" 3101
"C:/Users/Brayan/Desktop/banana odyssey/banana_odyssey/Content/niveles/nivel_2/nivel_2_Default__BP_Blockout_Floor_A_A_NoSnap_C_008.uasset" 3102
"C:/Users/Brayan/AppData/Local/UnrealEngine/Common/DerivedDataCache/5/9/8/STATICMESH_9CE2B6FB46754B699726C4AA1515F12E_228332BAE0224DD294E232B87D83948FQU__4245CEF1BA7B30B5E20CC7EA34BB276ABF0EBECC.udd" 3103
"C:/Users/Brayan/AppData/Local/UnrealEngine/Common/DerivedDataCache/3/0/9/PHYSX_A08609EF508D460CBB6710540B03AACF_PHYSXPC_061FA1CB4B1B46E613BED19FF04003C__37451A23D705E7FE47C706235FE9DA065A15E831.udd" 3104
"C:/Users/Brayan/AppData/Local/UnrealEngine/Common/DerivedDataCache/4/1/3/NAVCOLLISION_2983273BE5D6425391E8C0B3D1C0A55D_NAVCOLLISION_X_061FA1CB4B1B46E61__D438E88C782696E7BF56C1389CF215C1A1678F72.udd" 3105
"C:/Users/Brayan/Desktop/banana odyssey/banana_odyssey/Content/niveles/texturas_nivel_2/sala_fondo/T_Appliance_FlatScreenTVs_A_A_S.uasset" 3106
"C:/Users/Brayan/Desktop/banana odyssey/banana_odyssey/Content/niveles/texturas_nivel_2/sala_fondo/T_Appliance_FlatScreenTVs_A_A_N.uasset" 3107
"C:/Users/Brayan/Desktop/banana odyssey/banana_odyssey/Content/niveles/texturas_nivel_2/sala_fondo/T_Appliance_FlatScreenTVs_A_A_D.uasset" 3108
"C:/Users/Brayan/Desktop/banana odyssey/banana_odyssey/Content/niveles/nivel_2/MI_Appliance_FlatScreenTVs_A_d7c6d525.uasset" 3109
"C:/Users/Brayan/Desktop/banana odyssey/banana_odyssey/Content/niveles/nivel_2/nivel_2_Default__BP_Appliance_FlatScreenTV_C_C.uasset" 3110
"C:/Users/Brayan/AppData/Local/UnrealEngine/Common/DerivedDataCache/2/4/1/STATICMESH_9CE2B6FB46754B699726C4AA1515F12E_228332BAE0224DD294E232B87D83948FQU__8C3A32127803FDEA74310E6D61BB9C7951198430.udd" 3111
"C:/Users/Brayan/AppData/Local/UnrealEngine/Common/DerivedDataCache/9/2/8/PHYSX_A08609EF508D460CBB6710540B03AACF_PHYSXPC_D1B2395A4E850EA9EAA542A1A7FE12A__EC645DB25E4418B600EBDE4AA42355DD6F12F233.udd" 3112
"C:/Users/Brayan/AppData/Local/UnrealEngine/Common/DerivedDataCache/2/4/7/NAVCOLLISION_2983273BE5D6425391E8C0B3D1C0A55D_NAVCOLLISION_X_D1B2395A4E850EA9E__AAC1C320D2F384C05968A305900600529EB9CB5D.udd" 3113
"C:/Users/Brayan/Desktop/banana odyssey/banana_odyssey/Content/niveles/texturas_nivel_2/sala_nivel/T_Academy_Books_A_A_S.uasset" 3114
"C:/Users/Brayan/Desktop/banana odyssey/banana_odyssey/Content/niveles/texturas_nivel_2/sala_nivel/T_Academy_Books_A_A_N.uasset" 3115
"C:/Users/Brayan/Desktop/banana odyssey/banana_odyssey/Content/niveles/texturas_nivel_2/sala_nivel/T_Academy_Books_A_A_D.uasset" 3116
"C:/Users/Brayan/AppData/Local/UnrealEngine/Common/DerivedDataCache/2/6/5/STATICMESH_9CE2B6FB46754B699726C4AA1515F12E_228332BAE0224DD294E232B87D83948FQU__3F9018902191179C72B58295708E775EF439EEF0.udd" 3117
"C:/Users/Brayan/AppData/Local/UnrealEngine/Common/DerivedDataCache/2/1/1/PHYSX_A08609EF508D460CBB6710540B03AACF_PHYSXPC_A8B742B0460D96A8150FA68ED0E7F11__BA2D2D341B4EDCC97B572ACA80542F173CC69690.udd" 3118
"C:/Users/Brayan/AppData/Local/UnrealEngine/Common/DerivedDataCache/4/4/3/NAVCOLLISION_2983273BE5D6425391E8C0B3D1C0A55D_NAVCOLLISION_X_A8B742B0460D96A81__044122ED56F3508BD2F712D9485BF7377A0D7A2C.udd" 3119
"C:/Users/Brayan/Desktop/banana odyssey/banana_odyssey/Content/niveles/nivel_2/MI_Furniture_OrnateBooks_A_209b0e0.uasset" 3120
"C:/Users/Brayan/AppData/Local/UnrealEngine/Common/DerivedDataCache/3/0/8/STATICMESH_9CE2B6FB46754B699726C4AA1515F12E_228332BAE0224DD294E232B87D83948FQU__93609BE8097334399D123FB9EFDD05E1C7996A97.udd" 3121
"C:/Users/Brayan/AppData/Local/UnrealEngine/Common/DerivedDataCache/5/6/3/PHYSX_A08609EF508D460CBB6710540B03AACF_PHYSXPC_4632845B4298D618F0D86F8F2A0DF5C__F266F719AFD2B61B63642F9769AE51616F926556.udd" 3122
"C:/Users/Brayan/AppData/Local/UnrealEngine/Common/DerivedDataCache/0/6/1/NAVCOLLISION_2983273BE5D6425391E8C0B3D1C0A55D_NAVCOLLISION_X_4632845B4298D618F__57ACFFA3A342E4159C064B54A0C840ACB13E26C6.udd" 3123
"C:/Users/Brayan/Desktop/banana odyssey/banana_odyssey/Content/niveles/nivel_2/nivel_2_Default__BP_Academy_Books_K_C_001.uasset" 3124
"C:/Users/Brayan/AppData/Local/UnrealEngine/Common/DerivedDataCache/3/7/8/STATICMESH_9CE2B6FB46754B699726C4AA1515F12E_228332BAE0224DD294E232B87D83948FQU__A8EE996996B7AC439E3BA73AC150A6F0E925C40F.udd" 3125
"C:/Users/Brayan/AppData/Local/UnrealEngine/Common/DerivedDataCache/5/5/6/PHYSX_A08609EF508D460CBB6710540B03AACF_PHYSXPC_ECE95F5D498C9FB41638E6B5DE17B6A__5893EC631EB743BEF740C7A42F0B6450099B00D2.udd" 3126
"C:/Users/Brayan/AppData/Local/UnrealEngine/Common/DerivedDataCache/7/5/4/NAVCOLLISION_2983273BE5D6425391E8C0B3D1C0A55D_NAVCOLLISION_X_ECE95F5D498C9FB41__3189AB316C3DA307B2574C43444F3CC61973D14E.udd" 3127
"C:/Users/Brayan/Desktop/banana odyssey/banana_odyssey/Content/niveles/nivel_2/nivel_2_Default__BP_Academy_Books_K_C.uasset" 3128
"C:/Users/Brayan/AppData/Local/UnrealEngine/Common/DerivedDataCache/8/1/5/STATICMESH_9CE2B6FB46754B699726C4AA1515F12E_228332BAE0224DD294E232B87D83948FQU__355EBECA97632383AEBEE2DBA7A854D8713E1B02.udd" 3129
"C:/Users/Brayan/AppData/Local/UnrealEngine/Common/DerivedDataCache/5/2/4/PHYSX_A08609EF508D460CBB6710540B03AACF_PHYSXPC_379D22D44F0AF8CFC2CBFD8A224F301__3BB70BEA632BE100592435359B0E1BF47CB44A8B.udd" 3130
"C:/Users/Brayan/AppData/Local/UnrealEngine/Common/DerivedDataCache/5/7/6/NAVCOLLISION_2983273BE5D6425391E8C0B3D1C0A55D_NAVCOLLISION_X_379D22D44F0AF8CFC__716973F40E31A349F65016BB249F1E72C25AC4CB.udd" 3131
"C:/Users/Brayan/Desktop/banana odyssey/banana_odyssey/Content/niveles/texturas_nivel_2/sala_nivel/T_Shelters_CannedGoods_S.uasset" 3132
"C:/Users/Brayan/AppData/Local/UnrealEngine/Common/DerivedDataCache/1/7/2/STATICMESH_9CE2B6FB46754B699726C4AA1515F12E_228332BAE0224DD294E232B87D83948FQU__0D96B93D3F1FCC435E023F9E389B8D7204C056AB.udd" 3133
"C:/Users/Brayan/AppData/Local/UnrealEngine/Common/DerivedDataCache/9/5/4/PHYSX_A08609EF508D460CBB6710540B03AACF_PHYSXPC_3F172FC3493541DE8D99388307268F8__57D792367B42CCF71A717AE128EFF445E98CACAA.udd" 3134
"C:/Users/Brayan/AppData/Local/UnrealEngine/Common/DerivedDataCache/5/0/6/NAVCOLLISION_2983273BE5D6425391E8C0B3D1C0A55D_NAVCOLLISION_X_3F172FC3493541DE8__B42E0A9E772A4C0FEB72C59CB9CD55E46EC68E3E.udd" 3135
"C:/Users/Brayan/Desktop/banana odyssey/banana_odyssey/Content/niveles/texturas_nivel_2/sala_nivel/T_Shelters_CannedGoods_N.uasset" 3136
"C:/Users/Brayan/AppData/Local/UnrealEngine/Common/DerivedDataCache/6/7/2/STATICMESH_9CE2B6FB46754B699726C4AA1515F12E_228332BAE0224DD294E232B87D83948FQU__CD8B6918F90016FEA2752E133932AB9074A0443A.udd" 3137
"C:/Users/Brayan/AppData/Local/UnrealEngine/Common/DerivedDataCache/7/5/7/PHYSX_A08609EF508D460CBB6710540B03AACF_PHYSXPC_E83B75014C51E4CECE8259BB9BCFB1B__2B550E8A23CBE17E418E1331A32378517D87C1BC.udd" 3138
"C:/Users/Brayan/AppData/Local/UnrealEngine/Common/DerivedDataCache/9/4/0/NAVCOLLISION_2983273BE5D6425391E8C0B3D1C0A55D_NAVCOLLISION_X_E83B75014C51E4CEC__1225E893AD6D3C2463D2B32B69FE53A4DA32B32E.udd" 3139
"C:/Users/Brayan/Desktop/banana odyssey/banana_odyssey/Content/niveles/texturas_nivel_2/sala_nivel/T_Shelters_CannedGoods_D.uasset" 3140
"C:/Users/Brayan/AppData/Local/UnrealEngine/Common/DerivedDataCache/7/9/2/STATICMESH_9CE2B6FB46754B699726C4AA1515F12E_228332BAE0224DD294E232B87D83948FQU__C43D0D6AAF1B9653456153A40501FC61F38F7576.udd" 3141
"C:/Users/Brayan/AppData/Local/UnrealEngine/Common/DerivedDataCache/7/8/9/PHYSX_A08609EF508D460CBB6710540B03AACF_PHYSXPC_A818992041734660E572C69DAB50666__E563E2E779984E1FE2D3781E0300D06E629E7EB3.udd" 3142
"C:/Users/Brayan/AppData/Local/UnrealEngine/Common/DerivedDataCache/5/6/7/NAVCOLLISION_2983273BE5D6425391E8C0B3D1C0A55D_NAVCOLLISION_X_A818992041734660E__4C081397D2041B68A914B1D0CBCBF1B919AFD14C.udd" 3143
"C:/Users/Brayan/Desktop/banana odyssey/banana_odyssey/Content/niveles/nivel_2/M_Shelters_CannedGoods_01_701a0ba5.uasset" 3144
"C:/Users/Brayan/AppData/Local/UnrealEngine/Common/DerivedDataCache/5/6/9/STATICMESH_9CE2B6FB46754B699726C4AA1515F12E_228332BAE0224DD294E232B87D83948FQU__46894E1B5139F1FCC31BAAC1EB012F873BBF08BE.udd" 3145
"C:/Users/Brayan/AppData/Local/UnrealEngine/Common/DerivedDataCache/8/1/4/PHYSX_A08609EF508D460CBB6710540B03AACF_PHYSXPC_35792924489AC28DB60D90B9D029B6F__9AE565AD86CD04B6209C7DAFE1B22BA712DB38EC.udd" 3146
"C:/Users/Brayan/AppData/Local/UnrealEngine/Common/DerivedDataCache/0/6/7/NAVCOLLISION_2983273BE5D6425391E8C0B3D1C0A55D_NAVCOLLISION_X_35792924489AC28DB__112D33D6D66DDD4919A3A569B24174B648456517.udd" 3147
"C:/Users/Brayan/Desktop/banana odyssey/banana_odyssey/Content/niveles/nivel_2/nivel_2_Default__Athena_Prop_Shelters_CannedGoods01_C.uasset" 3148
"C:/Users/Brayan/Desktop/banana odyssey/banana_odyssey/Content/niveles/texturas_nivel_2/sala_fondo/Prop_Mansion_WineCellar_WallRack_S.uasset" 3149
"C:/Users/Brayan/Desktop/banana odyssey/banana_odyssey/Content/niveles/texturas_nivel_2/sala_fondo/Prop_Mansion_WineCellar_WallRack_N.uasset" 3150
"C:/Users/Brayan/Desktop/banana odyssey/banana_odyssey/Content/niveles/texturas_nivel_2/sala_fondo/Prop_Mansion_WineCellar_WallRack_D.uasset" 3151
"C:/Users/Brayan/Desktop/banana odyssey/banana_odyssey/Content/niveles/nivel_2/MI_Prop_Mansion_WineCellar_WallRack_D_3e91e976.uasset" 3152
"C:/Users/Brayan/AppData/Local/UnrealEngine/Common/DerivedDataCache/6/2/5/STATICMESH_9CE2B6FB46754B699726C4AA1515F12E_228332BAE0224DD294E232B87D83948FQU__C15CF313B30B28338A69EC09F7CE9A086F31D6FC.udd" 3153
"C:/Users/Brayan/AppData/Local/UnrealEngine/Common/DerivedDataCache/3/4/1/PHYSX_A08609EF508D460CBB6710540B03AACF_PHYSXPC_2130B2084F135E03165DA5A417ABA8D__DD763056E4D80EF32B1F065A105D6255724CBDC0.udd" 3154
"C:/Users/Brayan/AppData/Local/UnrealEngine/Common/DerivedDataCache/1/7/9/NAVCOLLISION_2983273BE5D6425391E8C0B3D1C0A55D_NAVCOLLISION_X_2130B2084F135E031__79DA1E7534C3E92F46A0A4513898C597847FAF63.udd" 3155
"C:/Users/Brayan/Desktop/banana odyssey/banana_odyssey/Content/niveles/nivel_2/nivel_2_Default__Athena_Prop_Mansion_Wine_Rack_C.uasset" 3156
"C:/Users/Brayan/Desktop/banana odyssey/banana_odyssey/Content/niveles/texturas_nivel_2/sala_fondo/Pro_Gym_WeightRack_01_N.uasset" 3157
"C:/Users/Brayan/Desktop/banana odyssey/banana_odyssey/Content/niveles/texturas_nivel_2/sala_fondo/Pro_Gym_WeightRack_01_D.uasset" 3158
"C:/Users/Brayan/Desktop/banana odyssey/banana_odyssey/Content/niveles/nivel_2/MI_Gym_WeightRack_01_4cf63abb.uasset" 3159
"C:/Users/Brayan/Desktop/banana odyssey/banana_odyssey/Content/niveles/nivel_2/nivel_2_Default__Athena_Prop_Gym_WeightRack_03_C.uasset" 3160
"C:/Users/Brayan/AppData/Local/UnrealEngine/Common/DerivedDataCache/4/5/9/STATICMESH_9CE2B6FB46754B699726C4AA1515F12E_228332BAE0224DD294E232B87D83948FQU__0B6AC0598D5975A4600417702BE6183B9FE9AF58.udd" 3161
"C:/Users/Brayan/AppData/Local/UnrealEngine/Common/DerivedDataCache/2/7/5/PHYSX_A08609EF508D460CBB6710540B03AACF_PHYSXPC_A917424F411D3002C60A10BA62D453D__84AD615EB501EA2918A925C1ABB688BD7680E370.udd" 3162
"C:/Users/Brayan/AppData/Local/UnrealEngine/Common/DerivedDataCache/6/6/4/NAVCOLLISION_2983273BE5D6425391E8C0B3D1C0A55D_NAVCOLLISION_X_A917424F411D3002C__6B045795BD104D6995FFFC657D106154B75472B7.udd" 3163
"C:/Users/Brayan/Desktop/banana odyssey/banana_odyssey/Content/niveles/texturas_nivel_2/cocina/T_Office_TrashCans_A_A_S.uasset" 3164
"C:/Users/Brayan/AppData/Local/UnrealEngine/Common/DerivedDataCache/5/9/9/STATICMESH_9CE2B6FB46754B699726C4AA1515F12E_228332BAE0224DD294E232B87D83948FQU__C703574B449EC69C273A3C42F1DBBD075EE1F029.udd" 3165
"C:/Users/Brayan/AppData/Local/UnrealEngine/Common/DerivedDataCache/0/0/8/PHYSX_A08609EF508D460CBB6710540B03AACF_PHYSXPC_96F573E74FC0D608A49278B965C38FC__2CF086C161D42037C036DA756A2FE20B8A241BC3.udd" 3166
"C:/Users/Brayan/AppData/Local/UnrealEngine/Common/DerivedDataCache/2/5/6/NAVCOLLISION_2983273BE5D6425391E8C0B3D1C0A55D_NAVCOLLISION_X_96F573E74FC0D608A__6F972266BCE025A5C15395F280655541F6857A6E.udd" 3167
"C:/Users/Brayan/Desktop/banana odyssey/banana_odyssey/Content/niveles/texturas_nivel_2/cocina/T_Office_TrashCans_A_A_N.uasset" 3168
"C:/Users/Brayan/Desktop/banana odyssey/banana_odyssey/Content/niveles/texturas_nivel_2/cocina/T_Office_TrashCans_A_A_D.uasset" 3169
"C:/Users/Brayan/Desktop/banana odyssey/banana_odyssey/Content/niveles/nivel_2/MI_Office_TrashCans_A_A_449697ee.uasset" 3170
"C:/Users/Brayan/Desktop/banana odyssey/banana_odyssey/Content/niveles/nivel_2/nivel_2_Default__Asteria_Office_TrashCans_A_B_C.uasset" 3171
"C:/Users/Brayan/Desktop/banana odyssey/banana_odyssey/Content/niveles/texturas_nivel_2/cocina/T_NeonCity_Kitchen_Refrigerator_A_S.uasset" 3172
"C:/Users/Brayan/AppData/Local/UnrealEngine/Common/DerivedDataCache/5/3/7/STATICMESH_9CE2B6FB46754B699726C4AA1515F12E_228332BAE0224DD294E232B87D83948FQU__A48AF5D96BFC86EE341525FED6DB2B3DDAE6A370.udd" 3173
"C:/Users/Brayan/AppData/Local/UnrealEngine/Common/DerivedDataCache/2/4/8/PHYSX_A08609EF508D460CBB6710540B03AACF_PHYSXPC_8978A7AB48278DAC219BFB902322EEC__963752767CD1E93423CCD7E734469D739C7E099F.udd" 3174
"C:/Users/Brayan/AppData/Local/UnrealEngine/Common/DerivedDataCache/6/1/1/NAVCOLLISION_2983273BE5D6425391E8C0B3D1C0A55D_NAVCOLLISION_X_8978A7AB48278DAC2__EEE21C355A2EFFC6C1E4835D64D31ECBD5EC73B1.udd" 3175
"C:/Users/Brayan/Desktop/banana odyssey/banana_odyssey/Content/niveles/texturas_nivel_2/cocina/T_NeonCity_Kitchen_Refrigerator_A_N.uasset" 3176
"C:/Users/Brayan/Desktop/banana odyssey/banana_odyssey/Content/niveles/texturas_nivel_2/cocina/T_NeonCity_Kitchen_Refrigerator_A_D.uasset" 3177
"C:/Users/Brayan/Desktop/banana odyssey/banana_odyssey/Content/niveles/nivel_2/MI_NeonCity_Kitchen_Refrigerator_A_a3795928.uasset" 3178
"C:/Users/Brayan/Desktop/banana odyssey/banana_odyssey/Content/niveles/nivel_2/nivel_2_Default__Asteria_NeonCity_Kitchen_Refrigerator_A_B_C_002.uasset" 3179
"C:/Users/Brayan/Desktop/banana odyssey/banana_odyssey/Content/niveles/texturas_nivel_2/sala_nivel/T_Suburban_WoodenPlantStand_S.uasset" 3180
"C:/Users/Brayan/AppData/Local/UnrealEngine/Common/DerivedDataCache/1/4/5/STATICMESH_9CE2B6FB46754B699726C4AA1515F12E_228332BAE0224DD294E232B87D83948FQU__CC3702364DB567F17F2BEEB53B90D992FD453663.udd" 3181
"C:/Users/Brayan/AppData/Local/UnrealEngine/Common/DerivedDataCache/7/4/8/PHYSX_A08609EF508D460CBB6710540B03AACF_PHYSXPC_C666E6E348E98CEE78E6789AF4F20BD__81CBDD854021042F56841D17F3A30958CCF6B4EB.udd" 3182
"C:/Users/Brayan/AppData/Local/UnrealEngine/Common/DerivedDataCache/7/0/5/NAVCOLLISION_2983273BE5D6425391E8C0B3D1C0A55D_NAVCOLLISION_X_C666E6E348E98CEE7__39BD03769C9513C7A4A65D926EC4B0C897E960ED.udd" 3183
"C:/Users/Brayan/Desktop/banana odyssey/banana_odyssey/Content/niveles/texturas_nivel_2/sala_nivel/T_Suburban_WoodenPlantStand_N.uasset" 3184
"C:/Users/Brayan/Desktop/banana odyssey/banana_odyssey/Content/niveles/texturas_nivel_2/sala_nivel/T_Suburban_WoodenPlantStand_D.uasset" 3185
"C:/Users/Brayan/Desktop/banana odyssey/banana_odyssey/Content/niveles/nivel_2/MI_Suburban_Plant_WoodenStand_02_287ae1ec.uasset" 3186
"C:/Users/Brayan/Desktop/banana odyssey/banana_odyssey/Content/niveles/nivel_2/nivel_2_Default__Artemis_Suburban_WoodenStand_05_C.uasset" 3187
"C:/Users/Brayan/AppData/Local/UnrealEngine/Common/DerivedDataCache/7/4/0/STATICMESH_9CE2B6FB46754B699726C4AA1515F12E_228332BAE0224DD294E232B87D83948FQU__EADC380B18924974F6FB37F4CB1D9F4B666BD454.udd" 3188
"C:/Users/Brayan/AppData/Local/UnrealEngine/Common/DerivedDataCache/2/7/5/PHYSX_A08609EF508D460CBB6710540B03AACF_PHYSXPC_63FFB2A04DF11B27CE2FA8B07BE5CE4__D16AFDAD905AAF42F528C346597B3C5C7D28A0CF.udd" 3189
"C:/Users/Brayan/AppData/Local/UnrealEngine/Common/DerivedDataCache/3/4/0/NAVCOLLISION_2983273BE5D6425391E8C0B3D1C0A55D_NAVCOLLISION_X_63FFB2A04DF11B27C__70DCA56A56ECF8E58CA7C06B3129D84C36FD0F03.udd" 3190
"C:/Users/Brayan/Desktop/banana odyssey/banana_odyssey/Content/niveles/texturas_nivel_2/sala_fondo/T_Suburban_Grandfatherclock_A_S.uasset" 3191
"C:/Users/Brayan/Desktop/banana odyssey/banana_odyssey/Content/niveles/texturas_nivel_2/sala_fondo/T_Suburban_Grandfatherclock_A_N.uasset" 3192
"C:/Users/Brayan/Desktop/banana odyssey/banana_odyssey/Content/niveles/texturas_nivel_2/sala_fondo/T_Suburban_Grandfatherclock_A_D.uasset" 3193
"C:/Users/Brayan/Desktop/banana odyssey/banana_odyssey/Content/niveles/nivel_2/MI_Suburban_Grandfatherclock_A_1468751d.uasset" 3194
"C:/Users/Brayan/Desktop/banana odyssey/banana_odyssey/Content/niveles/nivel_2/nivel_2_Default__Artemis_Suburban_Grandfatherclock_A_Audio_C.uasset" 3195
"C:/Users/Brayan/AppData/Local/UnrealEngine/Common/DerivedDataCache/9/0/3/STATICMESH_9CE2B6FB46754B699726C4AA1515F12E_228332BAE0224DD294E232B87D83948FQU__44C407322308DA773BCA376CFA0E41B425A29D23.udd" 3196
"C:/Users/Brayan/AppData/Local/UnrealEngine/Common/DerivedDataCache/6/6/8/PHYSX_A08609EF508D460CBB6710540B03AACF_PHYSXPC_739B14374ACAE2B1ECBB41B4E1237AB__61E2467814DA07AD227A3F4324CBE79458557300.udd" 3197
"C:/Users/Brayan/AppData/Local/UnrealEngine/Common/DerivedDataCache/7/6/0/NAVCOLLISION_2983273BE5D6425391E8C0B3D1C0A55D_NAVCOLLISION_X_739B14374ACAE2B1E__D7FE0DC92B11D5FC1EA68AE56D9D19BF8F0E7A2D.udd" 3198
"C:/Users/Brayan/Desktop/banana odyssey/banana_odyssey/Content/niveles/texturas_nivel_2/sala_nivel/T_Suburban_NightStand_01_S.uasset" 3199
"C:/Users/Brayan/Desktop/banana odyssey/banana_odyssey/Content/niveles/texturas_nivel_2/sala_nivel/T_Suburban_NightStand_01_N.uasset" 3200
"C:/Users/Brayan/Desktop/banana odyssey/banana_odyssey/Content/niveles/texturas_nivel_2/sala_nivel/T_Suburban_NightStand_01_D.uasset" 3201
"C:/Users/Brayan/Desktop/banana odyssey/banana_odyssey/Content/niveles/nivel_2/MI_Suburban_NightStand_01_7aa58fbd.uasset" 3202
"C:/Users/Brayan/Desktop/banana odyssey/banana_odyssey/Content/niveles/nivel_2/nivel_2_Default__Apollo_Suburban_NightStand_01_C.uasset" 3203
"C:/Users/Brayan/AppData/Local/UnrealEngine/Common/DerivedDataCache/6/0/6/STATICMESH_9CE2B6FB46754B699726C4AA1515F12E_228332BAE0224DD294E232B87D83948FQU__12A65ADCD02CBF2C743BCA6E173CDE2ACDD0AD1E.udd" 3204
"C:/Users/Brayan/AppData/Local/UnrealEngine/Common/DerivedDataCache/4/8/1/PHYSX_A08609EF508D460CBB6710540B03AACF_PHYSXPC_74AD96B6402F8DF14570D1A3C530CA0__C9BF63DFC7C6A6D0429E9E06F98124538055FD89.udd" 3205
"C:/Users/Brayan/AppData/Local/UnrealEngine/Common/DerivedDataCache/4/1/9/NAVCOLLISION_2983273BE5D6425391E8C0B3D1C0A55D_NAVCOLLISION_X_74AD96B6402F8DF14__E218DD4A7746EE281958815C192D10D735DDFFBD.udd" 3206
"C:/Users/Brayan/Desktop/banana odyssey/banana_odyssey/Content/niveles/texturas_nivel_2/sala_fondo/T_Suburban_EntertainmentCenter_Shelf_S.uasset" 3207
"C:/Users/Brayan/Desktop/banana odyssey/banana_odyssey/Content/niveles/texturas_nivel_2/sala_fondo/T_Suburban_EntertainmentCenter_Shelf_N.uasset" 3208
"C:/Users/Brayan/Desktop/banana odyssey/banana_odyssey/Content/niveles/texturas_nivel_2/sala_fondo/T_Suburban_EntertainmentCenter_Shelf_D.uasset" 3209
"C:/Users/Brayan/Desktop/banana odyssey/banana_odyssey/Content/niveles/nivel_2/MI_Suburban_EntertainmentCenter_Shelf_413f76c2.uasset" 3210
"C:/Users/Brayan/Desktop/banana odyssey/banana_odyssey/Content/niveles/texturas_nivel_2/sala_fondo/T_Suburban_EntertainmentCenter_Props_S.uasset" 3211
"C:/Users/Brayan/AppData/Local/UnrealEngine/Common/DerivedDataCache/1/2/4/STATICMESH_9CE2B6FB46754B699726C4AA1515F12E_228332BAE0224DD294E232B87D83948FQU__1A42CBD8D3F1A9C2EF1B01A0E8E96B5AD9422805.udd" 3212
"C:/Users/Brayan/AppData/Local/UnrealEngine/Common/DerivedDataCache/6/1/9/PHYSX_A08609EF508D460CBB6710540B03AACF_PHYSXPC_3D1CC44E4ACCD0536B1D68B7506AE25__97C39D998C03A05C16C6C59B0002696ABB9EB2DB.udd" 3213
"C:/Users/Brayan/AppData/Local/UnrealEngine/Common/DerivedDataCache/4/5/7/NAVCOLLISION_2983273BE5D6425391E8C0B3D1C0A55D_NAVCOLLISION_X_3D1CC44E4ACCD0536__914F1D5F1B94C7B64EEDDB0E1DF29EB19A9055E4.udd" 3214
"C:/Users/Brayan/Desktop/banana odyssey/banana_odyssey/Content/niveles/texturas_nivel_2/sala_fondo/T_Suburban_EntertainmentCenter_Props_N.uasset" 3215
"C:/Users/Brayan/Desktop/banana odyssey/banana_odyssey/Content/niveles/texturas_nivel_2/sala_fondo/T_Suburban_EntertainmentCenter_Props_D.uasset" 3216
"C:/Users/Brayan/Desktop/banana odyssey/banana_odyssey/Content/niveles/nivel_2/MI_Suburban_EntertainmentCenter_Props_77534d77.uasset" 3217
"C:/Users/Brayan/Desktop/banana odyssey/banana_odyssey/Content/niveles/texturas_nivel_2/sala_fondo/T_Suburban_EntertainmentCenter_Electronics_S.uasset" 3218
"C:/Users/Brayan/Desktop/banana odyssey/banana_odyssey/Content/niveles/texturas_nivel_2/sala_fondo/T_Suburban_EntertainmentCenter_Electronics_N.uasset" 3219
"C:/Users/Brayan/AppData/Local/UnrealEngine/Common/DerivedDataCache/3/5/5/STATICMESH_9CE2B6FB46754B699726C4AA1515F12E_228332BAE0224DD294E232B87D83948FQU__7C384DC5B9930C15B4B2938123EFBC448BB4D7F7.udd" 3220
"C:/Users/Brayan/AppData/Local/UnrealEngine/Common/DerivedDataCache/4/2/4/PHYSX_A08609EF508D460CBB6710540B03AACF_PHYSXPC_C777AB0642F1F8E83AB27C9335188C9__1D1A93D8B21267BBFDAF02D81303B10387085EA6.udd" 3221
"C:/Users/Brayan/AppData/Local/UnrealEngine/Common/DerivedDataCache/2/4/9/NAVCOLLISION_2983273BE5D6425391E8C0B3D1C0A55D_NAVCOLLISION_X_C777AB0642F1F8E83__D444666A60030ABADE74FA373A6939F6B8019FB7.udd" 3222
"C:/Users/Brayan/Desktop/banana odyssey/banana_odyssey/Content/niveles/texturas_nivel_2/sala_fondo/T_Suburban_EntertainmentCenter_Electronics_D.uasset" 3223
"C:/Users/Brayan/Desktop/banana odyssey/banana_odyssey/Content/niveles/nivel_2/MI_Suburban_EntertainmentCenter_Electronics_630c10a3.uasset" 3224
"C:/Users/Brayan/Desktop/banana odyssey/banana_odyssey/Content/niveles/nivel_2/nivel_2_Default__Apollo_Suburban_EntertainmentCenter_C.uasset" 3225
"C:/Users/Brayan/Desktop/banana odyssey/banana_odyssey/Content/niveles/texturas_nivel_2/sala_nivel/T_Suburban_Couch_01d_D.uasset" 3226
"C:/Users/Brayan/Desktop/banana odyssey/banana_odyssey/Content/niveles/texturas_nivel_2/sala_nivel/T_Artemis_Wall_Stucco_A_S.uasset" 3227
"C:/Users/Brayan/AppData/Local/UnrealEngine/Common/DerivedDataCache/2/8/6/STATICMESH_9CE2B6FB46754B699726C4AA1515F12E_228332BAE0224DD294E232B87D83948FQU__32F06E5AC2AF4721DA2E99E9D0D4FA1E707E45A5.udd" 3228
"C:/Users/Brayan/AppData/Local/UnrealEngine/Common/DerivedDataCache/6/7/0/PHYSX_A08609EF508D460CBB6710540B03AACF_PHYSXPC_FDEA478A4E0ACCE9B7ABED92834A315__4DD350CA552F8F7C28E1551529087220203ED1C0.udd" 3229
"C:/Users/Brayan/AppData/Local/UnrealEngine/Common/DerivedDataCache/2/2/9/NAVCOLLISION_2983273BE5D6425391E8C0B3D1C0A55D_NAVCOLLISION_X_FDEA478A4E0ACCE9B__8903C6C6C3B9A5A139162187CAE8EA6983BC8BC9.udd" 3230
"C:/Users/Brayan/Desktop/banana odyssey/banana_odyssey/Content/niveles/texturas_nivel_2/sala_nivel/T_Artemis_Wall_Stucco_A_N.uasset" 3231
"C:/Users/Brayan/Desktop/banana odyssey/banana_odyssey/Content/niveles/texturas_nivel_2/sala_nivel/T_Artemis_Stucco_Pink_D.uasset" 3232
"C:/Users/Brayan/Desktop/banana odyssey/banana_odyssey/Content/niveles/nivel_2/MI_Suburban_Couch_01_14c4c919.uasset" 3233
"C:/Users/Brayan/Desktop/banana odyssey/banana_odyssey/Content/niveles/nivel_2/nivel_2_Default__Apollo_Suburban_Couch_01_C.uasset" 3234
"C:/Users/Brayan/Desktop/banana odyssey/banana_odyssey/Content/niveles/texturas_nivel_2/cocina/T_Kitchen_Refrigerator_02_S.uasset" 3235
"C:/Users/Brayan/Desktop/banana odyssey/banana_odyssey/Content/niveles/texturas_nivel_2/cocina/T_Kitchen_Refrigerator_02_N.uasset" 3236
"C:/Users/Brayan/Desktop/banana odyssey/banana_odyssey/Content/niveles/texturas_nivel_2/cocina/T_Kitchen_Refrigerator_02_D.uasset" 3237
"C:/Users/Brayan/Desktop/banana odyssey/banana_odyssey/Content/niveles/nivel_2/MI_Kitchen_Refrigerator_02_67a8b81e.uasset" 3238
"C:/Users/Brayan/Desktop/banana odyssey/banana_odyssey/Content/niveles/nivel_2/nivel_2_Default__Apollo_Kitchen_Refrigerator_02_C_001.uasset" 3239
"C:/Users/Brayan/Desktop/banana odyssey/banana_odyssey/Content/niveles/tutorial/MI_Kitchen_CoffeeCounter_01_6465f6d0.uasset" 3240
"C:/Users/Brayan/Desktop/banana odyssey/banana_odyssey/Content/niveles/nivel_2/nivel_2_Default__Apollo_Kitchen_CoffeeCounter_01_C_004.uasset" 3241
"C:/Users/Brayan/Desktop/banana odyssey/banana_odyssey/Content/niveles/nivel_2/nivel_2_Default__Apollo_Kitchen_CoffeeCounter_01_C_001.uasset" 3242
"C:/Users/Brayan/Desktop/banana odyssey/banana_odyssey/Content/niveles/nivel_2/M_Agency_Door_3e49277f.uasset" 3243
"C:/Users/Brayan/AppData/Local/UnrealEngine/Common/DerivedDataCache/0/8/8/STATICMESH_9CE2B6FB46754B699726C4AA1515F12E_228332BAE0224DD294E232B87D83948FQU__2499602CE76A88C4D77080D28B8833BC84A22D7D.udd" 3244
"C:/Users/Brayan/AppData/Local/UnrealEngine/Common/DerivedDataCache/4/6/4/PHYSX_A08609EF508D460CBB6710540B03AACF_PHYSXPC_5372E462496FA853D88C29AFB479911__762EBAE3B44E0E72A92584A528F9AA5365A7BB7D.udd" 3245
"C:/Users/Brayan/AppData/Local/UnrealEngine/Common/DerivedDataCache/8/3/3/NAVCOLLISION_2983273BE5D6425391E8C0B3D1C0A55D_NAVCOLLISION_X_5372E462496FA853D__F59E24E94002E65CF9CFBDA462FC379613D2C54F.udd" 3246
"C:/Users/Brayan/Desktop/banana odyssey/banana_odyssey/Content/niveles/nivel_2/nivel_2_Default__Agency_DoorFrame_Cntr_C.uasset" 3247
"C:/Users/Brayan/Desktop/banana odyssey/banana_odyssey/Content/niveles/texturas_nivel_2/pardes_y_piso/T_Agency_Door_01_S.uasset" 3248
"C:/Users/Brayan/Desktop/banana odyssey/banana_odyssey/Content/niveles/texturas_nivel_2/pardes_y_piso/T_Agency_Door_01_N.uasset" 3249
"C:/Users/Brayan/Desktop/banana odyssey/banana_odyssey/Content/niveles/texturas_nivel_2/pardes_y_piso/T_Agency_Door_01_D.uasset" 3250
"C:/Users/Brayan/Desktop/banana odyssey/banana_odyssey/Content/niveles/nivel_2/M_Agency_Door_18472532.uasset" 3251
"C:/Users/Brayan/Desktop/banana odyssey/banana_odyssey/Content/niveles/nivel_2/nivel_2_Agency_Door_01.uasset" 3252
"C:/Users/Brayan/AppData/Local/UnrealEngine/Common/DerivedDataCache/9/7/3/STATICMESH_9CE2B6FB46754B699726C4AA1515F12E_228332BAE0224DD294E232B87D83948FQU__B8605475A818BB54229128833E09EB16F0AB1034.udd" 3253
"C:/Users/Brayan/AppData/Local/UnrealEngine/Common/DerivedDataCache/4/4/0/PHYSX_A08609EF508D460CBB6710540B03AACF_PHYSXPC_1704844840E812B94F6536946EB1F2A__4C5DB62FC9C3967CBDC9886B4FDA13CD6E9C9F43.udd" 3254
"C:/Users/Brayan/AppData/Local/UnrealEngine/Common/DerivedDataCache/2/5/9/NAVCOLLISION_2983273BE5D6425391E8C0B3D1C0A55D_NAVCOLLISION_X_1704844840E812B94__B464692AFF8BA44AA9E345ADE95AADD4B7FC7D33.udd" 3255
"C:/Users/Brayan/Desktop/banana odyssey/banana_odyssey/Content/niveles/texturas_nivel_2/sala_nivel/Prop_Boxes_02_S.uasset" 3256
"C:/Users/Brayan/Desktop/banana odyssey/banana_odyssey/Content/niveles/texturas_nivel_2/sala_nivel/Prop_Boxes_02_D.uasset" 3257
"C:/Users/Brayan/Desktop/banana odyssey/banana_odyssey/Content/niveles/nivel_2/Boxes_a8bc66d.uasset" 3258
"C:/Users/Brayan/Desktop/banana odyssey/banana_odyssey/Content/niveles/nivel_2/nivel_2_Default__Athena_Prop_Storage_CardboardBoxes_01_C.uasset" 3259
"C:/Users/Brayan/Desktop/banana odyssey/banana_odyssey/Content/2DSideScrollerBP/Maps/nivel2_BuiltData.uasset" 3260
"C:/Users/Brayan/AppData/Local/UnrealEngine/Common/DerivedDataCache/1/6/7/STATICMESH_9CE2B6FB46754B699726C4AA1515F12E_228332BAE0224DD294E232B87D83948FQU__923877AA1368642634EF678FEBFC7FE76D169253.udd" 3261
"C:/Users/Brayan/AppData/Local/UnrealEngine/Common/DerivedDataCache/1/3/7/PHYSX_A08609EF508D460CBB6710540B03AACF_PHYSXPC_6761C84B425C0E9C28E14A96DCAEA9E__994A8E93FDC7B51DC9642D8459C72DF5B2536C94.udd" 3262
"C:/Users/Brayan/AppData/Local/UnrealEngine/Common/DerivedDataCache/0/9/8/NAVCOLLISION_2983273BE5D6425391E8C0B3D1C0A55D_NAVCOLLISION_X_6761C84B425C0E9C2__DA5841F0067DDA38D2367EDAEF3EE6D032A3BF58.udd" 3263
"C:/Users/Brayan/Desktop/banana odyssey/banana_odyssey/Content/2DSideScroller/Sprites/gato/gato_M_MED_Buff_Cat_Comic_LOD0_Skeleton.uasset" 3264
"C:/Users/Brayan/Desktop/banana odyssey/banana_odyssey/Content/2DSideScroller/Sprites/gato/gato_M_MED_Buff_Cat_Comic_LOD0_Anim.uasset" 3265
"C:/Users/Brayan/AppData/Local/UnrealEngine/Common/DerivedDataCache/0/1/2/STATICMESH_9CE2B6FB46754B699726C4AA1515F12E_228332BAE0224DD294E232B87D83948FQU__C2F603138F66DFED54CBFB21D12CB9674B19461B.udd" 3266
"C:/Users/Brayan/AppData/Local/UnrealEngine/Common/DerivedDataCache/4/0/3/PHYSX_A08609EF508D460CBB6710540B03AACF_PHYSXPC_2D7EE0584439CE1373CDFAB4CAA8E96__729365DCA81E00F1E8EB18E018EF809DB079EBD5.udd" 3267
"C:/Users/Brayan/AppData/Local/UnrealEngine/Common/DerivedDataCache/9/3/3/NAVCOLLISION_2983273BE5D6425391E8C0B3D1C0A55D_NAVCOLLISION_X_2D7EE0584439CE137__AB92FF9727676D4B7D4BE5469B4A7D3EAA44ED79.udd" 3268
"C:/Users/Brayan/Desktop/banana odyssey/banana_odyssey/Content/2DSideScroller/Sprites/gato/gato_M_MED_Buff_Cat_Comic_LOD0_PhysicsAsset.uasset" 3269
"C:/Users/Brayan/AppData/Local/UnrealEngine/Common/DerivedDataCache/7/0/1/STATICMESH_9CE2B6FB46754B699726C4AA1515F12E_228332BAE0224DD294E232B87D83948FQU__84DA4D755310D97A01207D862EC7E9E0FF20898D.udd" 3270
"C:/Users/Brayan/AppData/Local/UnrealEngine/Common/DerivedDataCache/5/5/6/PHYSX_A08609EF508D460CBB6710540B03AACF_PHYSXPC_A0A0056141DF3ED694C98BB1EDCF5AA__2759D8CBF05AE8B64BF0D502371EEB708B4902C3.udd" 3271
"C:/Users/Brayan/AppData/Local/UnrealEngine/Common/DerivedDataCache/4/6/9/NAVCOLLISION_2983273BE5D6425391E8C0B3D1C0A55D_NAVCOLLISION_X_A0A0056141DF3ED69__7814DB9D9A5251FD4A4BFC6552F8F68F9EA3629D.udd" 3272
"C:/Users/Brayan/Desktop/banana odyssey/banana_odyssey/Content/2DSideScroller/Sprites/gato/gato_M_LRG_Buff_Cat_Comic_Tail_LOD0_Skeleton.uasset" 3273
"C:/Users/Brayan/Desktop/banana odyssey/banana_odyssey/Content/2DSideScroller/Sprites/gato/texturas_gato/T_M_MED_BuffCat_Comic_Head_SSC.uasset" 3274
"C:/Users/Brayan/AppData/Local/UnrealEngine/Common/DerivedDataCache/5/0/3/STATICMESH_9CE2B6FB46754B699726C4AA1515F12E_228332BAE0224DD294E232B87D83948FQU__86FD5C8E69EA9E26CA7447A97E7C4ED2B08FE6FC.udd" 3275
"C:/Users/Brayan/AppData/Local/UnrealEngine/Common/DerivedDataCache/0/8/1/PHYSX_A08609EF508D460CBB6710540B03AACF_PHYSXPC_94C4BAC4477060E22F6D0DB0057CE3F__315BC9FBE3BE2D5C71AF9611A4E6B613F1E73F7D.udd" 3276
"C:/Users/Brayan/AppData/Local/UnrealEngine/Common/DerivedDataCache/4/2/4/NAVCOLLISION_2983273BE5D6425391E8C0B3D1C0A55D_NAVCOLLISION_X_94C4BAC4477060E22__25CC186A4DBA265FA6D4E2CF2C7311AB26F2E33F.udd" 3277
"C:/Users/Brayan/Desktop/banana odyssey/banana_odyssey/Content/2DSideScroller/Sprites/gato/texturas_gato/T_M_MED_BuffCat_Comic_Head_N.uasset" 3278
"C:/Users/Brayan/Desktop/banana odyssey/banana_odyssey/Content/2DSideScroller/Sprites/gato/texturas_gato/T_M_MED_BuffCat_Comic_Head_D.uasset" 3279
"C:/Users/Brayan/Desktop/banana odyssey/banana_odyssey/Content/2DSideScroller/Sprites/gato/M_BuffCat_Comic_Head_5c0c33fa.uasset" 3280
"C:/Users/Brayan/Desktop/banana odyssey/banana_odyssey/Content/2DSideScroller/Sprites/gato/texturas_gato/T_M_MED_BuffCat_Comic_Body_SSC.uasset" 3281
"C:/Users/Brayan/Desktop/banana odyssey/banana_odyssey/Content/2DSideScroller/Sprites/gato/texturas_gato/T_M_MED_BuffCat_Comic_Body_N.uasset" 3282
"C:/Users/Brayan/AppData/Local/UnrealEngine/Common/DerivedDataCache/2/4/9/STATICMESH_9CE2B6FB46754B699726C4AA1515F12E_228332BAE0224DD294E232B87D83948FQU__D4D87F6458FBE77D4A8F856CE5EA0BEB39E0B0EF.udd" 3283
"C:/Users/Brayan/AppData/Local/UnrealEngine/Common/DerivedDataCache/1/3/0/PHYSX_A08609EF508D460CBB6710540B03AACF_PHYSXPC_2D82A2CE4B718B567105718951AAEE6__BAF8436675C152F1D6094F0683FF078F93770566.udd" 3284
"C:/Users/Brayan/AppData/Local/UnrealEngine/Common/DerivedDataCache/1/7/9/NAVCOLLISION_2983273BE5D6425391E8C0B3D1C0A55D_NAVCOLLISION_X_2D82A2CE4B718B567__FFF3B1296CE618858B8A186892ADEC0D05D75C7E.udd" 3285
"C:/Users/Brayan/Desktop/banana odyssey/banana_odyssey/Content/2DSideScroller/Sprites/gato/texturas_gato/T_M_MED_BuffCat_Comic_Body_D.uasset" 3286
"C:/Users/Brayan/Desktop/banana odyssey/banana_odyssey/Content/2DSideScroller/Sprites/gato/M_BuffCat_Comic_Body_5f887a11.uasset" 3287
"C:/Users/Brayan/Desktop/banana odyssey/banana_odyssey/Content/2DSideScroller/Sprites/gato/gato.uasset" 3288
"C:/Users/Brayan/Desktop/banana odyssey/banana_odyssey/Content/2DSideScrollerBP/Maps/nivel2.umap" 3289
"C:/Users/Brayan/AppData/Local/UnrealEngine/Common/DerivedDataCache/6/0/8/STATICMESH_9CE2B6FB46754B699726C4AA1515F12E_228332BAE0224DD294E232B87D83948FQU__937C3D04D466474D2AEA1928F53AFD5DAC5B3171.udd" 3290
"C:/Users/Brayan/AppData/Local/UnrealEngine/Common/DerivedDataCache/6/7/5/PHYSX_A08609EF508D460CBB6710540B03AACF_PHYSXPC_263EF1C44F33CA31ED2DD8847D6F039__7B284111A455461F19A1200E5E4F5CAE4A087172.udd" 3291
"C:/Users/Brayan/AppData/Local/UnrealEngine/Common/DerivedDataCache/1/9/4/NAVCOLLISION_2983273BE5D6425391E8C0B3D1C0A55D_NAVCOLLISION_X_263EF1C44F33CA31E__DACED2260E0F03A87772400E5324157F70766A98.udd" 3292
"C:/Users/Brayan/AppData/Local/UnrealEngine/Common/DerivedDataCache/6/8/9/ANIMSEQ_D0E639028BB74237AD0F9775C097BB85_0_0FE7A53D448DF8E5E71C489BA0BE82C80A2__082992AC8F6DF4F769B7E70F29B84144B037DFA6.udd" 3293
"C:/Users/Brayan/AppData/Local/UnrealEngine/Common/DerivedDataCache/1/2/1/MATSM_0BA69734E4FD45E082FA4560DBE25454_PCD3D_SM5_8__BC5N_NOCCBN_NOIRIS_DEV_SL___9F6E2C873B7050D602EDCB72702FA70826CF6B9F.udd" 3294
"C:/Users/Brayan/AppData/Local/UnrealEngine/Common/DerivedDataCache/8/4/6/STREAMEDAUDIO_BC6E92FBBD314E3B9B9EC6778749EB5E_OGG10000$2D1$2D1$2D1$2D1$2D1_4_475EC1A84C60895CBBE9428616D49076.udd" 3295
"C:/Users/Brayan/AppData/Local/UnrealEngine/Common/DerivedDataCache/0/4/6/TEXTURE_E01F4250BECD420DA9CE63B5EECEC2C2_OODLE_AUTODXT_11_9C9BF73B49AE3721495E__3F833AD7F0A3D9356A5E1273D952885F3A2BBD4A.udd" 3296
"C:/Users/Brayan/AppData/Local/UnrealEngine/Common/DerivedDataCache/4/3/9/TEXTURE_E01F4250BECD420DA9CE63B5EECEC2C2_OODLE_AUTODXT_11_9C9BF73B49AE3721495E__EC26BACD81B440731BFCE8D74547B99D929190C0.udd" 3297
"C:/Users/Brayan/AppData/Local/UnrealEngine/Common/DerivedDataCache/1/9/4/TEXTURE_E01F4250BECD420DA9CE63B5EECEC2C2_OODLE_AUTODXT_11_9C9BF73B49AE3721495E__5C9E3BC5CCA06AE9101C496DDD26DA3F9849CF10.udd" 3298
"C:/Users/Brayan/AppData/Local/UnrealEngine/Common/DerivedDataCache/1/1/5/TEXTURE_E01F4250BECD420DA9CE63B5EECEC2C2_OODLE_AUTODXT_11_9C9BF73B49AE3721495E__12C04E32626A1763BAA96A61B2E8BE2D538E42DC.udd" 3299
"C:/Users/Brayan/AppData/Local/UnrealEngine/Common/DerivedDataCache/9/4/5/TEXTURE_E01F4250BECD420DA9CE63B5EECEC2C2_OODLE_AUTODXT_11_9C9BF73B49AE3721495E__D680DEA09E84F1215115133785A1D2BDC1E7AC78.udd" 3300
"C:/Users/Brayan/AppData/Local/UnrealEngine/Common/DerivedDataCache/0/9/3/TEXTURE_E01F4250BECD420DA9CE63B5EECEC2C2_OODLE_AUTODXT_11_9C9BF73B49AE3721495E__E4D640748CEA6550D8910BDEC7A3F39A656B9814.udd" 3301
"C:/Users/Brayan/AppData/Local/UnrealEngine/Common/DerivedDataCache/1/8/7/TEXTURE_E01F4250BECD420DA9CE63B5EECEC2C2_OODLE_AUTODXT_11_77ED84654195317A53D8__DD94E813D876B7B8FA340F58AE9F2A2CFCE2C919.udd" 3302
"C:/Users/Brayan/AppData/Local/UnrealEngine/Common/DerivedDataCache/1/1/7/TEXTURE_E01F4250BECD420DA9CE63B5EECEC2C2_OODLE_AUTODXT_11_77ED84654195317A53D8__C277119C6D5BF8BB2B4AA2C097BB6CB68ED4BE52.udd" 3303
"C:/Users/Brayan/AppData/Local/UnrealEngine/Common/DerivedDataCache/8/3/0/TEXTURE_E01F4250BECD420DA9CE63B5EECEC2C2_OODLE_AUTODXT_11_77ED84654195317A53D8__2E5E072D5A66D1A7DADADF1B007DCA94497EC420.udd" 3304
"C:/Users/Brayan/AppData/Local/UnrealEngine/Common/DerivedDataCache/7/3/9/TEXTURE_E01F4250BECD420DA9CE63B5EECEC2C2_OODLE_AUTODXT_11_77ED84654195317A53D8__02BA88B2001B9FC829A0121EDEBC921B5A6A560D.udd" 3305
"C:/Users/Brayan/AppData/Local/UnrealEngine/Common/DerivedDataCache/5/2/3/TEXTURE_E01F4250BECD420DA9CE63B5EECEC2C2_OODLE_AUTODXT_11_77ED84654195317A53D8__2A413C1E375B38368D1440FB65CDD675F6964536.udd" 3306
"C:/Users/Brayan/AppData/Local/UnrealEngine/Common/DerivedDataCache/5/5/3/TEXTURE_E01F4250BECD420DA9CE63B5EECEC2C2_OODLE_AUTODXT_11_77ED84654195317A53D8__D47C88BDB7AAE3BFF7DEAB2E44EABFBF394BEEE7.udd" 3307
"C:/Users/Brayan/AppData/Local/UnrealEngine/Common/DerivedDataCache/7/6/7/TEXTURE_E01F4250BECD420DA9CE63B5EECEC2C2_OODLE_BC5_11_8B0B70D7410F84013C8820AF__0C344BF94973E62A1CC8DD4130B6D5E009201E66.udd" 3308
"C:/Users/Brayan/AppData/Local/UnrealEngine/Common/DerivedDataCache/9/8/2/MATSM_0BA69734E4FD45E082FA4560DBE25454_PCD3D_SM5_8__BC5N_NOCCBN_NOIRIS_DEV_SL___CF7FAA11050E2698C01AFDB61BF03547BF5910B5.udd" 3309
"C:/Users/Brayan/AppData/Local/UnrealEngine/Common/DerivedDataCache/4/9/0/TEXTURE_E01F4250BECD420DA9CE63B5EECEC2C2_OODLE_AUTODXT_11_30E92A014740B3DEBF37__48F5392FB9FACF5366D6BCDC293EA43233281D6E.udd" 3310
"C:/Users/Brayan/AppData/Local/UnrealEngine/Common/DerivedDataCache/8/7/6/TEXTURE_E01F4250BECD420DA9CE63B5EECEC2C2_OODLE_AUTODXT_11_30E92A014740B3DEBF37__645FFC5328D926172DACD3AD82ADE5F9DD059D53.udd" 3311
"C:/Users/Brayan/AppData/Local/UnrealEngine/Common/DerivedDataCache/5/4/3/TEXTURE_E01F4250BECD420DA9CE63B5EECEC2C2_OODLE_AUTODXT_11_30E92A014740B3DEBF37__B16E8CEF426FEF01DBE53FF1D2479CA8EFE1328B.udd" 3312
"C:/Users/Brayan/AppData/Local/UnrealEngine/Common/DerivedDataCache/8/3/1/TEXTURE_E01F4250BECD420DA9CE63B5EECEC2C2_OODLE_AUTODXT_11_30E92A014740B3DEBF37__0F1A5F921DAE75CBD04D723AD223C9F762CCA721.udd" 3313
"C:/Users/Brayan/AppData/Local/UnrealEngine/Common/DerivedDataCache/9/5/0/TEXTURE_E01F4250BECD420DA9CE63B5EECEC2C2_OODLE_AUTODXT_11_30E92A014740B3DEBF37__C10D6D9C40979B83A6C740CFDE248F2CF72DE312.udd" 3314
"C:/Users/Brayan/AppData/Local/UnrealEngine/Common/DerivedDataCache/6/9/6/TEXTURE_E01F4250BECD420DA9CE63B5EECEC2C2_OODLE_AUTODXT_11_80616E054DDA12D5FF85__DD77F636893F210D61E6F80BC1C4EF4753B211DB.udd" 3315
"C:/Users/Brayan/AppData/Local/UnrealEngine/Common/DerivedDataCache/3/1/4/TEXTURE_E01F4250BECD420DA9CE63B5EECEC2C2_OODLE_AUTODXT_11_80616E054DDA12D5FF85__609D7367D7A4F166E52408F0AF992F0EE50FF137.udd" 3316
"C:/Users/Brayan/AppData/Local/UnrealEngine/Common/DerivedDataCache/4/4/4/TEXTURE_E01F4250BECD420DA9CE63B5EECEC2C2_OODLE_AUTODXT_11_80616E054DDA12D5FF85__CB7F25A348E4C19401F694B5695906B8A1512F35.udd" 3317
"C:/Users/Brayan/AppData/Local/UnrealEngine/Common/DerivedDataCache/4/4/9/TEXTURE_E01F4250BECD420DA9CE63B5EECEC2C2_OODLE_AUTODXT_11_80616E054DDA12D5FF85__C996332CBD2AB71592A50EF87CD405D87C9893B5.udd" 3318
"C:/Users/Brayan/AppData/Local/UnrealEngine/Common/DerivedDataCache/6/8/0/TEXTURE_E01F4250BECD420DA9CE63B5EECEC2C2_OODLE_BC5_11_968E54AB48ACC2032FA08C8B__B599F366AD6765837B74BC22D9CC742717429539.udd" 3319
"C:/Users/Brayan/AppData/Local/UnrealEngine/Common/DerivedDataCache/2/7/7/MATSM_0BA69734E4FD45E082FA4560DBE25454_PCD3D_SM5_8__BC5N_NOCCBN_NOIRIS_DEV_SL___D304996413489292B0FD3CE74321E572AEC4DA42.udd" 3320
"C:/Users/Brayan/AppData/Local/UnrealEngine/Common/DerivedDataCache/9/4/1/TEXTURE_E01F4250BECD420DA9CE63B5EECEC2C2_OODLE_BC5_11_968E54AB48ACC2032FA08C8B__67EBA6548F02F24315BE453469902C7079B97AFE.udd" 3321
"C:/Users/Brayan/AppData/Local/UnrealEngine/Common/DerivedDataCache/4/9/7/TEXTURE_E01F4250BECD420DA9CE63B5EECEC2C2_OODLE_BC5_11_968E54AB48ACC2032FA08C8B__8EB442BB928AEA405E6066EC9248CEF5ADAE3AF9.udd" 3322
"C:/Users/Brayan/AppData/Local/UnrealEngine/Common/DerivedDataCache/3/6/9/TEXTURE_E01F4250BECD420DA9CE63B5EECEC2C2_OODLE_BC5_11_968E54AB48ACC2032FA08C8B__E22714FAF6EAD350EC0247C94615C809C14655C6.udd" 3323
"C:/Users/Brayan/AppData/Local/UnrealEngine/Common/DerivedDataCache/2/1/3/TEXTURE_E01F4250BECD420DA9CE63B5EECEC2C2_OODLE_BC5_11_968E54AB48ACC2032FA08C8B__00AA0A08D5CBE23A30647D80ABB6AC77BB6E75BB.udd" 3324
"C:/Users/Brayan/AppData/Local/UnrealEngine/Common/DerivedDataCache/0/9/2/TEXTURE_E01F4250BECD420DA9CE63B5EECEC2C2_OODLE_AUTODXT_11_12BE0E704368F812CD16__B40FBB83CF8BCBA5C7366CAE72A6874119E2890C.udd" 3325
"C:/Users/Brayan/AppData/Local/UnrealEngine/Common/DerivedDataCache/3/5/5/TEXTURE_E01F4250BECD420DA9CE63B5EECEC2C2_OODLE_AUTODXT_11_12BE0E704368F812CD16__8E926D0893CEB1C6B70F2E7738FCD827ADF3D0A1.udd" 3326
"C:/Users/Brayan/AppData/Local/UnrealEngine/Common/DerivedDataCache/9/6/4/TEXTURE_E01F4250BECD420DA9CE63B5EECEC2C2_OODLE_AUTODXT_11_12BE0E704368F812CD16__FF025BEAC822C58C9E443BB6E960E91646F84E93.udd" 3327
"C:/Users/Brayan/AppData/Local/UnrealEngine/Common/DerivedDataCache/6/4/4/TEXTURE_E01F4250BECD420DA9CE63B5EECEC2C2_OODLE_AUTODXT_11_12BE0E704368F812CD16__89AC0F9D2D270AB08CCA86A279482F1B5BFC2067.udd" 3328
"C:/Users/Brayan/AppData/Local/UnrealEngine/Common/DerivedDataCache/3/9/0/TEXTURE_E01F4250BECD420DA9CE63B5EECEC2C2_OODLE_AUTODXT_11_12BE0E704368F812CD16__F430B742C1A32D93CFBB54D57837437C112CAF1F.udd" 3329
"C:/Users/Brayan/AppData/Local/UnrealEngine/Common/DerivedDataCache/7/2/7/TEXTURE_E01F4250BECD420DA9CE63B5EECEC2C2_OODLE_BC5_11_DAE04D5244B0274A52A588BD__67DCE31179EB873ADBC79913A54808FF0EA1D879.udd" 3330
"C:/Users/Brayan/AppData/Local/UnrealEngine/Common/DerivedDataCache/7/3/1/TEXTURE_E01F4250BECD420DA9CE63B5EECEC2C2_OODLE_BC5_11_DAE04D5244B0274A52A588BD__1F288CD4B35C20840627DE33CE7928856C978807.udd" 3331
"C:/Users/Brayan/AppData/Local/UnrealEngine/Common/DerivedDataCache/3/3/2/TEXTURE_E01F4250BECD420DA9CE63B5EECEC2C2_OODLE_BC5_11_DAE04D5244B0274A52A588BD__9F7EE701D6BE81A4702D1856D48AA0BF8DDA5041.udd" 3332
"C:/Users/Brayan/AppData/Local/UnrealEngine/Common/DerivedDataCache/2/7/0/TEXTURE_E01F4250BECD420DA9CE63B5EECEC2C2_OODLE_BC5_11_DAE04D5244B0274A52A588BD__8DF151CE88BFDC82FE5BD14AC94FA6414276F2AD.udd" 3333
"C:/Users/Brayan/AppData/Local/UnrealEngine/Common/DerivedDataCache/3/2/2/TEXTURE_E01F4250BECD420DA9CE63B5EECEC2C2_OODLE_BC5_11_DAE04D5244B0274A52A588BD__BBFBB7A01DF426D400B04DDC2C646A45710A624B.udd" 3334
"C:/Users/Brayan/AppData/Local/UnrealEngine/Common/DerivedDataCache/6/5/6/TEXTURE_E01F4250BECD420DA9CE63B5EECEC2C2_OODLE_AUTODXT_11_A40FA36C43059D6282B0__61174BE76FABFAF84864FC31E6EB07C44B6D0B59.udd" 3335
"C:/Users/Brayan/AppData/Local/UnrealEngine/Common/DerivedDataCache/8/2/2/TEXTURE_E01F4250BECD420DA9CE63B5EECEC2C2_OODLE_AUTODXT_11_A40FA36C43059D6282B0__DD7FEFA164616F98496C74CC455557757887478D.udd" 3336
"C:/Users/Brayan/AppData/Local/UnrealEngine/Common/DerivedDataCache/1/2/4/TEXTURE_E01F4250BECD420DA9CE63B5EECEC2C2_OODLE_AUTODXT_11_A40FA36C43059D6282B0__4D8ABCA56E18928303D8C1A905D80F500A19D52F.udd" 3337
"C:/Users/Brayan/AppData/Local/UnrealEngine/Common/DerivedDataCache/5/1/6/TEXTURE_E01F4250BECD420DA9CE63B5EECEC2C2_OODLE_AUTODXT_11_A40FA36C43059D6282B0__667E09ACBE28D08EAB8579166F9F3F0BF576D7C9.udd" 3338
"C:/Users/Brayan/AppData/Local/UnrealEngine/Common/DerivedDataCache/8/5/0/TEXTURE_E01F4250BECD420DA9CE63B5EECEC2C2_OODLE_AUTODXT_11_A40FA36C43059D6282B0__6CAA8046E2CEF3383CB505F3B14D64BFE8C190DB.udd" 3339
"C:/Users/Brayan/AppData/Local/UnrealEngine/Common/DerivedDataCache/9/4/3/MATSM_0BA69734E4FD45E082FA4560DBE25454_PCD3D_SM5_8__BC5N_NOCCBN_NOIRIS_DEV_SL___881FAE7A10BFA1E8D45107FD6BD63DB78DAF0590.udd" 3340
"C:/Users/Brayan/AppData/Local/UnrealEngine/Common/DerivedDataCache/3/4/9/TEXTURE_E01F4250BECD420DA9CE63B5EECEC2C2_OODLE_AUTODXT_11_782533344260764D14D0__CDEA0283B3053B304346AEA7CA094BBD0016CCB8.udd" 3341
"C:/Users/Brayan/AppData/Local/UnrealEngine/Common/DerivedDataCache/9/8/4/TEXTURE_E01F4250BECD420DA9CE63B5EECEC2C2_OODLE_AUTODXT_11_782533344260764D14D0__2898C06C76CC6F9BFD0BF800C93F5F9CAFFF23EA.udd" 3342
"C:/Users/Brayan/AppData/Local/UnrealEngine/Common/DerivedDataCache/2/6/6/TEXTURE_E01F4250BECD420DA9CE63B5EECEC2C2_OODLE_AUTODXT_11_782533344260764D14D0__E7EC330F934315FA686F1929F450EE5AB51D18DE.udd" 3343
"C:/Users/Brayan/AppData/Local/UnrealEngine/Common/DerivedDataCache/2/4/7/TEXTURE_E01F4250BECD420DA9CE63B5EECEC2C2_OODLE_AUTODXT_11_782533344260764D14D0__EB9FA64D1C4DF3813BDCAF8BFFCD0C3011738F5C.udd" 3344
"C:/Users/Brayan/AppData/Local/UnrealEngine/Common/DerivedDataCache/6/5/1/TEXTURE_E01F4250BECD420DA9CE63B5EECEC2C2_OODLE_AUTODXT_11_782533344260764D14D0__4EAC768674315CAEA3EE240D198E58A261F64C73.udd" 3345
"C:/Users/Brayan/AppData/Local/UnrealEngine/Common/DerivedDataCache/7/4/2/TEXTURE_E01F4250BECD420DA9CE63B5EECEC2C2_OODLE_BC5_11_C3F2F86D4959757B27293F87__57A5590EAF922982797432728CBDDB0DFE0CA61E.udd" 3346
"C:/Users/Brayan/AppData/Local/UnrealEngine/Common/DerivedDataCache/2/6/0/TEXTURE_E01F4250BECD420DA9CE63B5EECEC2C2_OODLE_BC5_11_C3F2F86D4959757B27293F87__FF7A9216FFDBAB450C02AC9833A5FA406698EB4E.udd" 3347
"C:/Users/Brayan/AppData/Local/UnrealEngine/Common/DerivedDataCache/6/3/3/TEXTURE_E01F4250BECD420DA9CE63B5EECEC2C2_OODLE_BC5_11_C3F2F86D4959757B27293F87__E25247B1021727D9D8DF186870D9BF9667405E4B.udd" 3348
"C:/Users/Brayan/AppData/Local/UnrealEngine/Common/DerivedDataCache/7/3/0/TEXTURE_E01F4250BECD420DA9CE63B5EECEC2C2_OODLE_BC5_11_C3F2F86D4959757B27293F87__C2016CA452351AFA37FA4351F125B31BDD9304BB.udd" 3349
"C:/Users/Brayan/AppData/Local/UnrealEngine/Common/DerivedDataCache/3/5/7/TEXTURE_E01F4250BECD420DA9CE63B5EECEC2C2_OODLE_BC5_11_C3F2F86D4959757B27293F87__9AE195EE55C86FF3688DBBB3C7E0641242A5E0F9.udd" 3350
"C:/Users/Brayan/AppData/Local/UnrealEngine/Common/DerivedDataCache/7/4/7/TEXTURE_E01F4250BECD420DA9CE63B5EECEC2C2_OODLE_AUTODXT_11_B7BCA93548BCD8134412__EABC783A6A82C87FCA3CCFED6958DA999156AD89.udd" 3351
"C:/Users/Brayan/AppData/Local/UnrealEngine/Common/DerivedDataCache/0/3/1/TEXTURE_E01F4250BECD420DA9CE63B5EECEC2C2_OODLE_AUTODXT_11_B7BCA93548BCD8134412__EE7E91051E4BB871C8C2A57CD0121D1365830A04.udd" 3352
"C:/Users/Brayan/AppData/Local/UnrealEngine/Common/DerivedDataCache/2/7/7/TEXTURE_E01F4250BECD420DA9CE63B5EECEC2C2_OODLE_AUTODXT_11_B7BCA93548BCD8134412__5F2A83B1CD30917C2B1ACA90373C2992ADCAFDBA.udd" 3353
"C:/Users/Brayan/AppData/Local/UnrealEngine/Common/DerivedDataCache/0/7/4/TEXTURE_E01F4250BECD420DA9CE63B5EECEC2C2_OODLE_AUTODXT_11_B7BCA93548BCD8134412__A5B5E8005821077F77036EDE5398B64F471C926B.udd" 3354
"C:/Users/Brayan/AppData/Local/UnrealEngine/Common/DerivedDataCache/5/2/7/TEXTURE_E01F4250BECD420DA9CE63B5EECEC2C2_OODLE_AUTODXT_11_B7BCA93548BCD8134412__F910759F393641AB7085E579ECF1E46607375DC5.udd" 3355
"C:/Users/Brayan/AppData/Local/UnrealEngine/Common/DerivedDataCache/8/0/4/MATSM_0BA69734E4FD45E082FA4560DBE25454_PCD3D_SM5_8__BC5N_NOCCBN_NOIRIS_DEV_SL___F5F83A2C0085827C3892826EE7E35579D3176A2A.udd" 3356
"C:/Users/Brayan/AppData/Local/UnrealEngine/Common/DerivedDataCache/7/2/3/TEXTURE_E01F4250BECD420DA9CE63B5EECEC2C2_OODLE_AUTODXT_11_8DC5CAED416D060D6014__2712210291500744B104365BF7E4C36B99B3A91D.udd" 3357
"C:/Users/Brayan/AppData/Local/UnrealEngine/Common/DerivedDataCache/6/0/7/TEXTURE_E01F4250BECD420DA9CE63B5EECEC2C2_OODLE_AUTODXT_11_8DC5CAED416D060D6014__DB453D17605CC2A6EB4062F9E2846FFA2C732800.udd" 3358
"C:/Users/Brayan/AppData/Local/UnrealEngine/Common/DerivedDataCache/5/7/5/MATSM_0BA69734E4FD45E082FA4560DBE25454_PCD3D_SM5_8__BC5N_NOCCBN_NOIRIS_DEV_SL___C39525770B7890CEBE40A3A5972E0153A48F7029.udd" 3359
"C:/Users/Brayan/AppData/Local/UnrealEngine/Common/DerivedDataCache/4/0/0/TEXTURE_E01F4250BECD420DA9CE63B5EECEC2C2_OODLE_AUTODXT_11_0670615A4C4149A55316__0E3AB8F0921B886E1D48BB62AD6D1FE63BBA2D06.udd" 3360
"C:/Users/Brayan/AppData/Local/UnrealEngine/Common/DerivedDataCache/6/9/0/TEXTURE_E01F4250BECD420DA9CE63B5EECEC2C2_OODLE_AUTODXT_11_0670615A4C4149A55316__D096B9DC539E5213AB3B09A55D28D01E71748057.udd" 3361
"C:/Users/Brayan/AppData/Local/UnrealEngine/Common/DerivedDataCache/0/5/3/TEXTURE_E01F4250BECD420DA9CE63B5EECEC2C2_OODLE_AUTODXT_11_0670615A4C4149A55316__C6CEA5D4630B7605881F93DEC73EB408D75B62DA.udd" 3362
"C:/Users/Brayan/AppData/Local/UnrealEngine/Common/DerivedDataCache/6/1/9/TEXTURE_E01F4250BECD420DA9CE63B5EECEC2C2_OODLE_AUTODXT_11_0670615A4C4149A55316__594D8A5BFC8337030A6BF5AD9A8306F87124340F.udd" 3363
"C:/Users/Brayan/AppData/Local/UnrealEngine/Common/DerivedDataCache/1/7/7/TEXTURE_E01F4250BECD420DA9CE63B5EECEC2C2_OODLE_AUTODXT_11_0670615A4C4149A55316__946ACD2392F828F8E81D5661B877CABB91B617FE.udd" 3364
"C:/Users/Brayan/AppData/Local/UnrealEngine/Common/DerivedDataCache/4/4/3/TEXTURE_E01F4250BECD420DA9CE63B5EECEC2C2_OODLE_BC5_11_47CDD9314037DF841AAE6E93__A3F6E665C8091C88E118FD072986BF0044340198.udd" 3365
"C:/Users/Brayan/AppData/Local/UnrealEngine/Common/DerivedDataCache/8/2/3/TEXTURE_E01F4250BECD420DA9CE63B5EECEC2C2_OODLE_BC5_11_47CDD9314037DF841AAE6E93__74A81337A10108A514C15727DAFA108CA0E79796.udd" 3366
"C:/Users/Brayan/AppData/Local/UnrealEngine/Common/DerivedDataCache/3/5/3/TEXTURE_E01F4250BECD420DA9CE63B5EECEC2C2_OODLE_BC5_11_47CDD9314037DF841AAE6E93__7029ABE404ABE6FDCB6A5F89BB388283F4D12E9B.udd" 3367
"C:/Users/Brayan/AppData/Local/UnrealEngine/Common/DerivedDataCache/8/3/1/TEXTURE_E01F4250BECD420DA9CE63B5EECEC2C2_OODLE_BC5_11_47CDD9314037DF841AAE6E93__E17CFCCE25982CE293321B952873803ECF1E126D.udd" 3368
"C:/Users/Brayan/AppData/Local/UnrealEngine/Common/DerivedDataCache/1/2/4/TEXTURE_E01F4250BECD420DA9CE63B5EECEC2C2_OODLE_BC5_11_47CDD9314037DF841AAE6E93__904509B94DC1D15D6AD2B6C465C9C45BF382EADA.udd" 3369
"C:/Users/Brayan/AppData/Local/UnrealEngine/Common/DerivedDataCache/8/7/6/TEXTURE_E01F4250BECD420DA9CE63B5EECEC2C2_OODLE_AUTODXT_11_0362D09F43C2C327F960__85920A59D3C7D61E1D3596F34BC81442A5D6C206.udd" 3370
"C:/Users/Brayan/AppData/Local/UnrealEngine/Common/DerivedDataCache/0/7/4/TEXTURE_E01F4250BECD420DA9CE63B5EECEC2C2_OODLE_AUTODXT_11_0362D09F43C2C327F960__282C7FFC8AF581806301F4E2F9A1EAA8CF3E2ABB.udd" 3371
"C:/Users/Brayan/AppData/Local/UnrealEngine/Common/DerivedDataCache/1/6/3/TEXTURE_E01F4250BECD420DA9CE63B5EECEC2C2_OODLE_AUTODXT_11_0362D09F43C2C327F960__0771BB88321024FD97D7930D0FFD25C4B02FC352.udd" 3372
"C:/Users/Brayan/AppData/Local/UnrealEngine/Common/DerivedDataCache/0/4/7/TEXTURE_E01F4250BECD420DA9CE63B5EECEC2C2_OODLE_AUTODXT_11_0362D09F43C2C327F960__22ACEF39CFFCC23BF6CB83CAF4CCD3C87BCD4B61.udd" 3373
"C:/Users/Brayan/AppData/Local/UnrealEngine/Common/DerivedDataCache/1/5/7/TEXTURE_E01F4250BECD420DA9CE63B5EECEC2C2_OODLE_AUTODXT_11_0362D09F43C2C327F960__1BC2C4B885997104B31796FEE4A6B38AF3CB32A3.udd" 3374
"C:/Users/Brayan/AppData/Local/UnrealEngine/Common/DerivedDataCache/2/3/1/MATSM_0BA69734E4FD45E082FA4560DBE25454_PCD3D_SM5_8__BC5N_NOCCBN_NOIRIS_DEV_SL___93E37CDDC05366304421D16EDF2554A14F43488D.udd" 3375
"C:/Users/Brayan/AppData/Local/UnrealEngine/Common/DerivedDataCache/4/9/6/TEXTURE_E01F4250BECD420DA9CE63B5EECEC2C2_OODLE_AUTODXT_11_B095867A4BEBB389E334__29ACB7B5617E32D47070D3DCD42F2CCDB208BF97.udd" 3376
"C:/Users/Brayan/AppData/Local/UnrealEngine/Common/DerivedDataCache/3/8/6/TEXTURE_E01F4250BECD420DA9CE63B5EECEC2C2_OODLE_AUTODXT_11_B095867A4BEBB389E334__4760C2696DB09696ECD9A3C6E370FDFCAD7B2999.udd" 3377
"C:/Users/Brayan/AppData/Local/UnrealEngine/Common/DerivedDataCache/8/5/5/TEXTURE_E01F4250BECD420DA9CE63B5EECEC2C2_OODLE_AUTODXT_11_B095867A4BEBB389E334__9939A91796EAE0075D30B419705ED30C600E74D3.udd" 3378
"C:/Users/Brayan/AppData/Local/UnrealEngine/Common/DerivedDataCache/9/5/4/TEXTURE_E01F4250BECD420DA9CE63B5EECEC2C2_OODLE_AUTODXT_11_B095867A4BEBB389E334__4167B73624F006EFDCAF49F8F4FE529AEEB8BC36.udd" 3379
"C:/Users/Brayan/AppData/Local/UnrealEngine/Common/DerivedDataCache/9/4/6/TEXTURE_E01F4250BECD420DA9CE63B5EECEC2C2_OODLE_AUTODXT_11_B095867A4BEBB389E334__1585DC6BD3D4BC8A6144AC794BFB7D6E1AE15C02.udd" 3380
"C:/Users/Brayan/AppData/Local/UnrealEngine/Common/DerivedDataCache/6/9/2/TEXTURE_E01F4250BECD420DA9CE63B5EECEC2C2_OODLE_BC5_11_61D697E04D56D2D2683711AA__C8716A4028E2CD018D2CD0EE3B6852AFAB3680B3.udd" 3381
"C:/Users/Brayan/AppData/Local/UnrealEngine/Common/DerivedDataCache/6/1/0/TEXTURE_E01F4250BECD420DA9CE63B5EECEC2C2_OODLE_BC5_11_61D697E04D56D2D2683711AA__BC9D55FF60A83686B7E973081BCF03885B55CBF7.udd" 3382
"C:/Users/Brayan/AppData/Local/UnrealEngine/Common/DerivedDataCache/2/0/1/TEXTURE_E01F4250BECD420DA9CE63B5EECEC2C2_OODLE_BC5_11_61D697E04D56D2D2683711AA__89F044B073670F8EE2D7865727B575401ECB6810.udd" 3383
"C:/Users/Brayan/AppData/Local/UnrealEngine/Common/DerivedDataCache/8/1/2/TEXTURE_E01F4250BECD420DA9CE63B5EECEC2C2_OODLE_BC5_11_61D697E04D56D2D2683711AA__F56875C7BE243D842087523A39098A456161C988.udd" 3384
"C:/Users/Brayan/AppData/Local/UnrealEngine/Common/DerivedDataCache/5/0/1/TEXTURE_E01F4250BECD420DA9CE63B5EECEC2C2_OODLE_BC5_11_61D697E04D56D2D2683711AA__EEA8573895D611846F6F8A0C5534875F420F8891.udd" 3385
"C:/Users/Brayan/AppData/Local/UnrealEngine/Common/DerivedDataCache/2/7/1/TEXTURE_E01F4250BECD420DA9CE63B5EECEC2C2_OODLE_AUTODXT_11_2DEF26CB4B048C99AB5D__C98E0B11D185321258172EEA2BB96EA66E296C3D.udd" 3386
"C:/Users/Brayan/AppData/Local/UnrealEngine/Common/DerivedDataCache/2/0/5/TEXTURE_E01F4250BECD420DA9CE63B5EECEC2C2_OODLE_AUTODXT_11_2DEF26CB4B048C99AB5D__FEE73382D5812208181E97986A824F8A49647F00.udd" 3387
"C:/Users/Brayan/AppData/Local/UnrealEngine/Common/DerivedDataCache/0/0/6/TEXTURE_E01F4250BECD420DA9CE63B5EECEC2C2_OODLE_AUTODXT_11_2DEF26CB4B048C99AB5D__E020680CCA7CC230B94EEB3A741FB1AA19CAA4CD.udd" 3388
"C:/Users/Brayan/AppData/Local/UnrealEngine/Common/DerivedDataCache/0/6/6/TEXTURE_E01F4250BECD420DA9CE63B5EECEC2C2_OODLE_AUTODXT_11_2DEF26CB4B048C99AB5D__33621B0AA92499D55157536ECABD6CA81A90EBB9.udd" 3389
"C:/Users/Brayan/AppData/Local/UnrealEngine/Common/DerivedDataCache/1/4/8/TEXTURE_E01F4250BECD420DA9CE63B5EECEC2C2_OODLE_AUTODXT_11_2DEF26CB4B048C99AB5D__D6B8056A71B61C45010357DF4889D6AB3F11357A.udd" 3390
"C:/Users/Brayan/AppData/Local/UnrealEngine/Common/DerivedDataCache/4/0/8/MATSM_0BA69734E4FD45E082FA4560DBE25454_PCD3D_SM5_8__BC5N_NOCCBN_NOIRIS_DEV_SL___D9B495249E8081947046467ECB42BC0735B62B39.udd" 3391
"C:/Users/Brayan/AppData/Local/UnrealEngine/Common/DerivedDataCache/4/2/8/TEXTURE_E01F4250BECD420DA9CE63B5EECEC2C2_OODLE_AUTODXT_11_F5F111024530F5BD6859__8FB8B3DC3581BE07A53B9E9387857E4600F704C9.udd" 3392
"C:/Users/Brayan/AppData/Local/UnrealEngine/Common/DerivedDataCache/1/0/8/TEXTURE_E01F4250BECD420DA9CE63B5EECEC2C2_OODLE_AUTODXT_11_F5F111024530F5BD6859__7A894F73706FF1EAC5C3480975C0FD3FA0B17503.udd" 3393
"C:/Users/Brayan/AppData/Local/UnrealEngine/Common/DerivedDataCache/2/3/4/TEXTURE_E01F4250BECD420DA9CE63B5EECEC2C2_OODLE_AUTODXT_11_F5F111024530F5BD6859__ED779DE36D6366BDDCBB90DA7637E23DFE74191E.udd" 3394
"C:/Users/Brayan/AppData/Local/UnrealEngine/Common/DerivedDataCache/0/3/0/TEXTURE_E01F4250BECD420DA9CE63B5EECEC2C2_OODLE_AUTODXT_11_F5F111024530F5BD6859__88B947E0F9F1845ADF8E22EB86C5E5BC3F394BA1.udd" 3395
"C:/Users/Brayan/AppData/Local/UnrealEngine/Common/DerivedDataCache/7/9/4/TEXTURE_E01F4250BECD420DA9CE63B5EECEC2C2_OODLE_BC5_11_CB261F2A462DE1E949982584__B2EBA725E0CAB1EE473C400CEA21B75C67E17E49.udd" 3396
"C:/Users/Brayan/AppData/Local/UnrealEngine/Common/DerivedDataCache/8/7/9/TEXTURE_E01F4250BECD420DA9CE63B5EECEC2C2_OODLE_BC5_11_CB261F2A462DE1E949982584__793D5C940631998B29F622ED3A5EA2B1EDE4A198.udd" 3397
"C:/Users/Brayan/AppData/Local/UnrealEngine/Common/DerivedDataCache/9/7/6/TEXTURE_E01F4250BECD420DA9CE63B5EECEC2C2_OODLE_BC5_11_CB261F2A462DE1E949982584__B2CBF6725D656A5D7D541337F43B38F2981CB9A0.udd" 3398
"C:/Users/Brayan/AppData/Local/UnrealEngine/Common/DerivedDataCache/6/9/4/TEXTURE_E01F4250BECD420DA9CE63B5EECEC2C2_OODLE_BC5_11_CB261F2A462DE1E949982584__27C2686837D259E55E26A2CE01AD7D09726D54C6.udd" 3399
"C:/Users/Brayan/AppData/Local/UnrealEngine/Common/DerivedDataCache/4/3/2/TEXTURE_E01F4250BECD420DA9CE63B5EECEC2C2_OODLE_AUTODXT_11_E4B4A6F647599154A5BE__02F0D014E818C4B324A14846D99C8B3DED28002C.udd" 3400
"C:/Users/Brayan/AppData/Local/UnrealEngine/Common/DerivedDataCache/0/0/8/TEXTURE_E01F4250BECD420DA9CE63B5EECEC2C2_OODLE_AUTODXT_11_E4B4A6F647599154A5BE__05D1978DC9D631EF1AF66E6E50A10B89898BD943.udd" 3401
"C:/Users/Brayan/AppData/Local/UnrealEngine/Common/DerivedDataCache/7/9/8/TEXTURE_E01F4250BECD420DA9CE63B5EECEC2C2_OODLE_AUTODXT_11_E4B4A6F647599154A5BE__1E64508886FB469ACAC8CFAA1FCB2A23CEF31E7B.udd" 3402
"C:/Users/Brayan/AppData/Local/UnrealEngine/Common/DerivedDataCache/0/2/0/TEXTURE_E01F4250BECD420DA9CE63B5EECEC2C2_OODLE_AUTODXT_11_E4B4A6F647599154A5BE__802F9C1BDED61968E8A63C4583983E8246791DEA.udd" 3403
"C:/Users/Brayan/AppData/Local/UnrealEngine/Common/DerivedDataCache/1/6/8/TEXTURE_E01F4250BECD420DA9CE63B5EECEC2C2_OODLE_AUTODXT_11_E4B4A6F647599154A5BE__35E258A5FCB8E5F2AC5374F413AB4D531BA78D78.udd" 3404
"C:/Users/Brayan/AppData/Local/UnrealEngine/Common/DerivedDataCache/7/0/9/MATSM_0BA69734E4FD45E082FA4560DBE25454_PCD3D_SM5_8__BC5N_NOCCBN_NOIRIS_DEV_SL___D8173051F417EB0206F0B372A8CB03B4A5AE5FBB.udd" 3405
"C:/Users/Brayan/AppData/Local/UnrealEngine/Common/DerivedDataCache/6/9/1/TEXTURE_E01F4250BECD420DA9CE63B5EECEC2C2_OODLE_AUTODXT_11_220B91F34C73EF9A610D__34CA49F10C6D40878F1813C76C8EBF0AA45D2555.udd" 3406
"C:/Users/Brayan/AppData/Local/UnrealEngine/Common/DerivedDataCache/8/6/7/TEXTURE_E01F4250BECD420DA9CE63B5EECEC2C2_OODLE_AUTODXT_11_220B91F34C73EF9A610D__65000AA755046E2A489D836971E3655E4D75BDD4.udd" 3407
"C:/Users/Brayan/AppData/Local/UnrealEngine/Common/DerivedDataCache/7/4/8/TEXTURE_E01F4250BECD420DA9CE63B5EECEC2C2_OODLE_AUTODXT_11_220B91F34C73EF9A610D__5B5DF059D8AF69B84B340FF609D81A3E29BEA790.udd" 3408
"C:/Users/Brayan/AppData/Local/UnrealEngine/Common/DerivedDataCache/0/1/0/TEXTURE_E01F4250BECD420DA9CE63B5EECEC2C2_OODLE_AUTODXT_11_220B91F34C73EF9A610D__C7FBB28A6FC94AD5C0195E538B07006357CCEA08.udd" 3409
"C:/Users/Brayan/AppData/Local/UnrealEngine/Common/DerivedDataCache/6/9/2/TEXTURE_E01F4250BECD420DA9CE63B5EECEC2C2_OODLE_AUTODXT_11_220B91F34C73EF9A610D__B1876CB384F7591CA38B9CE164CAC27DF974344C.udd" 3410
"C:/Users/Brayan/AppData/Local/UnrealEngine/Common/DerivedDataCache/1/0/2/TEXTURE_E01F4250BECD420DA9CE63B5EECEC2C2_OODLE_BC5_11_BB5DB33E4724F4D3051B2590__A1CC6CC80E10B0BE4AF3D0E75BB64120F471B4A8.udd" 3411
"C:/Users/Brayan/AppData/Local/UnrealEngine/Common/DerivedDataCache/4/3/9/TEXTURE_E01F4250BECD420DA9CE63B5EECEC2C2_OODLE_BC5_11_BB5DB33E4724F4D3051B2590__C0A0603AE394D12318090961643E790625689B39.udd" 3412
"C:/Users/Brayan/AppData/Local/UnrealEngine/Common/DerivedDataCache/4/3/4/TEXTURE_E01F4250BECD420DA9CE63B5EECEC2C2_OODLE_BC5_11_BB5DB33E4724F4D3051B2590__59C92D5FE8968387E81244E40FCE78F603749BDE.udd" 3413
"C:/Users/Brayan/AppData/Local/UnrealEngine/Common/DerivedDataCache/7/2/4/TEXTURE_E01F4250BECD420DA9CE63B5EECEC2C2_OODLE_BC5_11_BB5DB33E4724F4D3051B2590__F4800EC5ECE5978A17E85087AE4362B38465F83F.udd" 3414
"C:/Users/Brayan/AppData/Local/UnrealEngine/Common/DerivedDataCache/6/5/3/TEXTURE_E01F4250BECD420DA9CE63B5EECEC2C2_OODLE_BC5_11_BB5DB33E4724F4D3051B2590__7EABE7CDAB657834D13A6D77564BBDB02E42AA16.udd" 3415
"C:/Users/Brayan/AppData/Local/UnrealEngine/Common/DerivedDataCache/9/3/7/TEXTURE_E01F4250BECD420DA9CE63B5EECEC2C2_OODLE_AUTODXT_11_AFF20C7C48A801D31CF2__AE3161253702D4EA4CC9C8C183319E0089F117A8.udd" 3416
"C:/Users/Brayan/AppData/Local/UnrealEngine/Common/DerivedDataCache/6/6/6/TEXTURE_E01F4250BECD420DA9CE63B5EECEC2C2_OODLE_AUTODXT_11_AFF20C7C48A801D31CF2__A0BD62A5E54FFBFA54E4C90DC38C2F7C29FF7D31.udd" 3417
"C:/Users/Brayan/AppData/Local/UnrealEngine/Common/DerivedDataCache/5/7/5/TEXTURE_E01F4250BECD420DA9CE63B5EECEC2C2_OODLE_AUTODXT_11_AFF20C7C48A801D31CF2__88F1D54491B2F358BC9FA3CB310A32B13D39CC27.udd" 3418
"C:/Users/Brayan/AppData/Local/UnrealEngine/Common/DerivedDataCache/5/3/2/TEXTURE_E01F4250BECD420DA9CE63B5EECEC2C2_OODLE_AUTODXT_11_AFF20C7C48A801D31CF2__FB67EF14448CE73DD23EE67A6817F359AE985915.udd" 3419
"C:/Users/Brayan/AppData/Local/UnrealEngine/Common/DerivedDataCache/2/2/2/TEXTURE_E01F4250BECD420DA9CE63B5EECEC2C2_OODLE_AUTODXT_11_AFF20C7C48A801D31CF2__42098B41D46646F041B8B901F7459F1C24F8339D.udd" 3420
"C:/Users/Brayan/AppData/Local/UnrealEngine/Common/DerivedDataCache/3/7/7/MATSM_0BA69734E4FD45E082FA4560DBE25454_PCD3D_SM5_8__BC5N_NOCCBN_NOIRIS_DEV_SL___5A08EAD3035EF95B2C1D503847B5B4665EE462FC.udd" 3421
"C:/Users/Brayan/AppData/Local/UnrealEngine/Common/DerivedDataCache/4/4/5/TEXTURE_E01F4250BECD420DA9CE63B5EECEC2C2_OODLE_AUTODXT_11_38CE4F684E8D1460F14E__CCD4DF1974389516EF6EA45DAD5FD6EA620573A4.udd" 3422
"C:/Users/Brayan/AppData/Local/UnrealEngine/Common/DerivedDataCache/4/7/0/TEXTURE_E01F4250BECD420DA9CE63B5EECEC2C2_OODLE_AUTODXT_11_38CE4F684E8D1460F14E__24A7F111FE84A37C9E38745D1C583D6209890DBC.udd" 3423
"C:/Users/Brayan/AppData/Local/UnrealEngine/Common/DerivedDataCache/6/2/7/TEXTURE_E01F4250BECD420DA9CE63B5EECEC2C2_OODLE_AUTODXT_11_38CE4F684E8D1460F14E__F78E043585A74917330F8276B408B0BB285D34AD.udd" 3424
"C:/Users/Brayan/AppData/Local/UnrealEngine/Common/DerivedDataCache/9/5/9/TEXTURE_E01F4250BECD420DA9CE63B5EECEC2C2_OODLE_AUTODXT_11_38CE4F684E8D1460F14E__7AB3D9EC9FDDA6AFD4ED61D27484968ED82FD55E.udd" 3425
"C:/Users/Brayan/AppData/Local/UnrealEngine/Common/DerivedDataCache/6/8/2/TEXTURE_E01F4250BECD420DA9CE63B5EECEC2C2_OODLE_AUTODXT_11_38CE4F684E8D1460F14E__540A6848685535551FBFCD6D7AEA417FE7A99F74.udd" 3426
"C:/Users/Brayan/AppData/Local/UnrealEngine/Common/DerivedDataCache/7/5/1/TEXTURE_E01F4250BECD420DA9CE63B5EECEC2C2_OODLE_BC5_11_3F6A89324CB9B0F9DE6B868E__CA7D0CAF4E76A2E36DCCD8989DF151FDCD9EC35F.udd" 3427
"C:/Users/Brayan/AppData/Local/UnrealEngine/Common/DerivedDataCache/0/8/4/TEXTURE_E01F4250BECD420DA9CE63B5EECEC2C2_OODLE_BC5_11_3F6A89324CB9B0F9DE6B868E__E973D1B8F395436F1CA441E2D74B0560DC1C647B.udd" 3428
"C:/Users/Brayan/AppData/Local/UnrealEngine/Common/DerivedDataCache/5/1/1/TEXTURE_E01F4250BECD420DA9CE63B5EECEC2C2_OODLE_BC5_11_3F6A89324CB9B0F9DE6B868E__1DB2AFA37698F2154509EBB0210D0F409D75EA70.udd" 3429
"C:/Users/Brayan/AppData/Local/UnrealEngine/Common/DerivedDataCache/9/3/7/TEXTURE_E01F4250BECD420DA9CE63B5EECEC2C2_OODLE_BC5_11_3F6A89324CB9B0F9DE6B868E__CC2E693ECBCA379164157878E42520C7A9F18597.udd" 3430
"C:/Users/Brayan/AppData/Local/UnrealEngine/Common/DerivedDataCache/2/8/3/TEXTURE_E01F4250BECD420DA9CE63B5EECEC2C2_OODLE_BC5_11_3F6A89324CB9B0F9DE6B868E__A75E7075CB707ED6F12ACBFBCD5AEF2B0B588D8C.udd" 3431
"C:/Users/Brayan/AppData/Local/UnrealEngine/Common/DerivedDataCache/2/1/0/TEXTURE_E01F4250BECD420DA9CE63B5EECEC2C2_OODLE_AUTODXT_11_AAC00AC346971396DDBF__21BC834478733DDAEF4B32066830294F546C913C.udd" 3432
"C:/Users/Brayan/AppData/Local/UnrealEngine/Common/DerivedDataCache/2/4/8/TEXTURE_E01F4250BECD420DA9CE63B5EECEC2C2_OODLE_AUTODXT_11_AAC00AC346971396DDBF__1857D6F01CB16AF0FA76C98504F5C520D5E40603.udd" 3433
"C:/Users/Brayan/AppData/Local/UnrealEngine/Common/DerivedDataCache/5/4/1/TEXTURE_E01F4250BECD420DA9CE63B5EECEC2C2_OODLE_AUTODXT_11_AAC00AC346971396DDBF__D464BBD209CF27BCE29421EF446E93E24B24DE7C.udd" 3434
"C:/Users/Brayan/AppData/Local/UnrealEngine/Common/DerivedDataCache/9/3/6/TEXTURE_E01F4250BECD420DA9CE63B5EECEC2C2_OODLE_AUTODXT_11_AAC00AC346971396DDBF__86E59AC01A1EE56F822FE98A7828B92A6839E67C.udd" 3435
"C:/Users/Brayan/AppData/Local/UnrealEngine/Common/DerivedDataCache/0/0/9/TEXTURE_E01F4250BECD420DA9CE63B5EECEC2C2_OODLE_AUTODXT_11_AAC00AC346971396DDBF__6DBC3D281FD646F5BBBAF42527F80C27927D06E0.udd" 3436
"C:/Users/Brayan/AppData/Local/UnrealEngine/Common/DerivedDataCache/3/3/1/MATSM_0BA69734E4FD45E082FA4560DBE25454_PCD3D_SM5_8__BC5N_NOCCBN_NOIRIS_DEV_SL___D3EC005FB45D2D3008B868DE703531EC141C15ED.udd" 3437
"C:/Users/Brayan/AppData/Local/UnrealEngine/Common/DerivedDataCache/8/3/3/TEXTURE_E01F4250BECD420DA9CE63B5EECEC2C2_OODLE_AUTODXT_11_0545A81D4B9C2FDF3638__BAE17D031DF4FDD52DB86DAD64FD5233F3BE5922.udd" 3438
"C:/Users/Brayan/AppData/Local/UnrealEngine/Common/DerivedDataCache/1/5/9/TEXTURE_E01F4250BECD420DA9CE63B5EECEC2C2_OODLE_AUTODXT_11_0545A81D4B9C2FDF3638__4721BBDB8664B7E8DDB906DDAC3C5C207191E928.udd" 3439
"C:/Users/Brayan/AppData/Local/UnrealEngine/Common/DerivedDataCache/1/4/9/TEXTURE_E01F4250BECD420DA9CE63B5EECEC2C2_OODLE_AUTODXT_11_0545A81D4B9C2FDF3638__24D1EAB6F289A129E3BFE9ADB02513A237F1389C.udd" 3440
"C:/Users/Brayan/AppData/Local/UnrealEngine/Common/DerivedDataCache/5/7/3/TEXTURE_E01F4250BECD420DA9CE63B5EECEC2C2_OODLE_AUTODXT_11_0545A81D4B9C2FDF3638__F9C6221C563116D75ADA4470FBF89737A1E549D2.udd" 3441
"C:/Users/Brayan/AppData/Local/UnrealEngine/Common/DerivedDataCache/7/5/2/TEXTURE_E01F4250BECD420DA9CE63B5EECEC2C2_OODLE_BC5_11_F48BC2014EA4054D1186C9A0__2273E9D173003F08CA03906F1B4B4A183E944A03.udd" 3442
"C:/Users/Brayan/AppData/Local/UnrealEngine/Common/DerivedDataCache/1/1/7/TEXTURE_E01F4250BECD420DA9CE63B5EECEC2C2_OODLE_BC5_11_F48BC2014EA4054D1186C9A0__6F4C8FA418DC6221DFC0601E2B9A00625AEBDCAC.udd" 3443
"C:/Users/Brayan/AppData/Local/UnrealEngine/Common/DerivedDataCache/0/0/7/TEXTURE_E01F4250BECD420DA9CE63B5EECEC2C2_OODLE_BC5_11_F48BC2014EA4054D1186C9A0__500A828446C9F18F7AD8BA0AE46E52F650D18CFE.udd" 3444
"C:/Users/Brayan/AppData/Local/UnrealEngine/Common/DerivedDataCache/4/7/3/TEXTURE_E01F4250BECD420DA9CE63B5EECEC2C2_OODLE_BC5_11_F48BC2014EA4054D1186C9A0__98A71CED0570DC15900C8BD2569DD0C5FBBC1207.udd" 3445
"C:/Users/Brayan/AppData/Local/UnrealEngine/Common/DerivedDataCache/2/4/8/TEXTURE_E01F4250BECD420DA9CE63B5EECEC2C2_OODLE_BC5_11_F48BC2014EA4054D1186C9A0__71C8E5ACF8FAF4F35E0DD317389E546E7C18DC97.udd" 3446
"C:/Users/Brayan/AppData/Local/UnrealEngine/Common/DerivedDataCache/1/4/1/TEXTURE_E01F4250BECD420DA9CE63B5EECEC2C2_OODLE_AUTODXT_11_208CBBA34873AE55D6A8__FCC027114600F747E69D8BDD738FC104EFF78338.udd" 3447
"C:/Users/Brayan/AppData/Local/UnrealEngine/Common/DerivedDataCache/1/9/6/TEXTURE_E01F4250BECD420DA9CE63B5EECEC2C2_OODLE_AUTODXT_11_208CBBA34873AE55D6A8__6FA164C30E4B8258F1D0CF66C75F52E07BFCD375.udd" 3448
"C:/Users/Brayan/AppData/Local/UnrealEngine/Common/DerivedDataCache/5/3/0/TEXTURE_E01F4250BECD420DA9CE63B5EECEC2C2_OODLE_AUTODXT_11_208CBBA34873AE55D6A8__B53972E3162A78B6446206CD9CFAA616A96D7B9D.udd" 3449
"C:/Users/Brayan/AppData/Local/UnrealEngine/Common/DerivedDataCache/4/5/6/TEXTURE_E01F4250BECD420DA9CE63B5EECEC2C2_OODLE_AUTODXT_11_208CBBA34873AE55D6A8__A0C2241DC0E9E772AC3D0E8CF965002AB2BCD570.udd" 3450
"C:/Users/Brayan/AppData/Local/UnrealEngine/Common/DerivedDataCache/6/6/1/TEXTURE_E01F4250BECD420DA9CE63B5EECEC2C2_OODLE_AUTODXT_11_208CBBA34873AE55D6A8__9D6751FE1E7F009690E5EB3CA776BCBC0BC0CD97.udd" 3451
"C:/Users/Brayan/AppData/Local/UnrealEngine/Common/DerivedDataCache/6/8/3/MATSM_0BA69734E4FD45E082FA4560DBE25454_PCD3D_SM5_8__BC5N_NOCCBN_NOIRIS_DEV_SL___9D79D18E4C3D059F0612E89CCABAB3E8321D7F89.udd" 3452
"C:/Users/Brayan/AppData/Local/UnrealEngine/Common/DerivedDataCache/5/8/6/TEXTURE_E01F4250BECD420DA9CE63B5EECEC2C2_OODLE_AUTODXT_11_D3F06CB44F8292FDAB2F__36ACFF60A5CA358659311BC06F0631FEAD826031.udd" 3453
"C:/Users/Brayan/AppData/Local/UnrealEngine/Common/DerivedDataCache/7/9/3/TEXTURE_E01F4250BECD420DA9CE63B5EECEC2C2_OODLE_AUTODXT_11_D3F06CB44F8292FDAB2F__618649F399EDAC455CCAF59DD053DF1C5D6D1648.udd" 3454
"C:/Users/Brayan/AppData/Local/UnrealEngine/Common/DerivedDataCache/6/7/9/TEXTURE_E01F4250BECD420DA9CE63B5EECEC2C2_OODLE_AUTODXT_11_D3F06CB44F8292FDAB2F__71FA7ECBEBD03EE8C8E9060139FB2BE52F6EC9FF.udd" 3455
"C:/Users/Brayan/AppData/Local/UnrealEngine/Common/DerivedDataCache/4/2/3/TEXTURE_E01F4250BECD420DA9CE63B5EECEC2C2_OODLE_AUTODXT_11_D3F06CB44F8292FDAB2F__B59FF9FB79561CCBBFFC3FE045D37D1FAD96ECCC.udd" 3456
"C:/Users/Brayan/AppData/Local/UnrealEngine/Common/DerivedDataCache/1/9/9/TEXTURE_E01F4250BECD420DA9CE63B5EECEC2C2_OODLE_AUTODXT_11_D3F06CB44F8292FDAB2F__54BDE52914C82E52955AB145D0B30EA3C8F8D2B0.udd" 3457
"C:/Users/Brayan/AppData/Local/UnrealEngine/Common/DerivedDataCache/9/4/7/TEXTURE_E01F4250BECD420DA9CE63B5EECEC2C2_OODLE_AUTODXT_11_D3F06CB44F8292FDAB2F__3A182200B90FAC55D94275AC1F9A11B7B40056DE.udd" 3458
"C:/Users/Brayan/AppData/Local/UnrealEngine/Common/DerivedDataCache/6/5/4/TEXTURE_E01F4250BECD420DA9CE63B5EECEC2C2_OODLE_BC5_11_379AFB65407D1325E3CEDDB8__1F93817FDB847931ADC454CBF612A7926604B888.udd" 3459
"C:/Users/Brayan/AppData/Local/UnrealEngine/Common/DerivedDataCache/5/6/6/TEXTURE_E01F4250BECD420DA9CE63B5EECEC2C2_OODLE_BC5_11_379AFB65407D1325E3CEDDB8__C2DEB820C8851F67612D3DBD8017BC8003D62202.udd" 3460
"C:/Users/Brayan/AppData/Local/UnrealEngine/Common/DerivedDataCache/6/7/0/TEXTURE_E01F4250BECD420DA9CE63B5EECEC2C2_OODLE_BC5_11_379AFB65407D1325E3CEDDB8__4FCA565FF0A675FFC5D6D95ACBAA0D5BD64BD78E.udd" 3461
"C:/Users/Brayan/AppData/Local/UnrealEngine/Common/DerivedDataCache/9/9/6/TEXTURE_E01F4250BECD420DA9CE63B5EECEC2C2_OODLE_BC5_11_379AFB65407D1325E3CEDDB8__77B6EBBEACC96D3B76A61FF2F8930AB2DBBEE828.udd" 3462
"C:/Users/Brayan/AppData/Local/UnrealEngine/Common/DerivedDataCache/9/3/0/TEXTURE_E01F4250BECD420DA9CE63B5EECEC2C2_OODLE_BC5_11_379AFB65407D1325E3CEDDB8__45CB68FFB92B0FFD54D05E5244D29966563C506A.udd" 3463
"C:/Users/Brayan/AppData/Local/UnrealEngine/Common/DerivedDataCache/7/7/6/TEXTURE_E01F4250BECD420DA9CE63B5EECEC2C2_OODLE_BC5_11_379AFB65407D1325E3CEDDB8__BD5760FAB375A8BC0D4F159DDEADE9D66379C80D.udd" 3464
"C:/Users/Brayan/AppData/Local/UnrealEngine/Common/DerivedDataCache/1/3/1/TEXTURE_E01F4250BECD420DA9CE63B5EECEC2C2_OODLE_AUTODXT_11_36BCFEC54415FBD5AE7D__E19206576782F48D6370878CCBB3F2EFC3C41F0E.udd" 3465
"C:/Users/Brayan/AppData/Local/UnrealEngine/Common/DerivedDataCache/4/3/8/TEXTURE_E01F4250BECD420DA9CE63B5EECEC2C2_OODLE_AUTODXT_11_36BCFEC54415FBD5AE7D__0C31ED525B02EFA121D005B83A66633905C75318.udd" 3466
"C:/Users/Brayan/AppData/Local/UnrealEngine/Common/DerivedDataCache/1/5/5/TEXTURE_E01F4250BECD420DA9CE63B5EECEC2C2_OODLE_AUTODXT_11_36BCFEC54415FBD5AE7D__A5348AAC3929F235482B3ED51ACA6F7D12EFD2FE.udd" 3467
"C:/Users/Brayan/AppData/Local/UnrealEngine/Common/DerivedDataCache/5/5/1/TEXTURE_E01F4250BECD420DA9CE63B5EECEC2C2_OODLE_AUTODXT_11_36BCFEC54415FBD5AE7D__654875D6E528BBBCC90830498AEB1570A611B5FD.udd" 3468
"C:/Users/Brayan/AppData/Local/UnrealEngine/Common/DerivedDataCache/0/6/8/TEXTURE_E01F4250BECD420DA9CE63B5EECEC2C2_OODLE_AUTODXT_11_36BCFEC54415FBD5AE7D__D110E099384F1C9BFF1CDF7B87580C0A39EEE915.udd" 3469
"C:/Users/Brayan/AppData/Local/UnrealEngine/Common/DerivedDataCache/3/7/2/TEXTURE_E01F4250BECD420DA9CE63B5EECEC2C2_OODLE_AUTODXT_11_36BCFEC54415FBD5AE7D__7491D0D90BB4E9AC93DD0FDA8A5038B172EB4A8D.udd" 3470
"C:/Users/Brayan/AppData/Local/UnrealEngine/Common/DerivedDataCache/6/1/6/MATSM_0BA69734E4FD45E082FA4560DBE25454_PCD3D_SM5_8__BC5N_NOCCBN_NOIRIS_DEV_SL___354F5C5352009519ED338496DE74537F17B8FBEF.udd" 3471
"C:/Users/Brayan/AppData/Local/UnrealEngine/Common/DerivedDataCache/9/9/0/MATSM_0BA69734E4FD45E082FA4560DBE25454_PCD3D_SM5_8__BC5N_NOCCBN_NOIRIS_DEV_SL___8FF838CCCFAF831D4D21E495428FFAD40EBCE601.udd" 3472
"C:/Users/Brayan/AppData/Local/UnrealEngine/Common/DerivedDataCache/7/4/4/TEXTURE_E01F4250BECD420DA9CE63B5EECEC2C2_OODLE_AUTODXT_11_FB0C7A7440F465E9164D__C13E0B93F404BB90EEF9FFDB98010E3470DD4887.udd" 3473
"C:/Users/Brayan/AppData/Local/UnrealEngine/Common/DerivedDataCache/5/3/4/TEXTURE_E01F4250BECD420DA9CE63B5EECEC2C2_OODLE_AUTODXT_11_FB0C7A7440F465E9164D__822DAC7581B4E44FC9D21AB1E6DC8F78E9305028.udd" 3474
"C:/Users/Brayan/AppData/Local/UnrealEngine/Common/DerivedDataCache/7/0/3/TEXTURE_E01F4250BECD420DA9CE63B5EECEC2C2_OODLE_AUTODXT_11_FB0C7A7440F465E9164D__BE1BFC997F8E408EDC40F43EC6C06D34D8BFC633.udd" 3475
"C:/Users/Brayan/AppData/Local/UnrealEngine/Common/DerivedDataCache/3/4/2/TEXTURE_E01F4250BECD420DA9CE63B5EECEC2C2_OODLE_AUTODXT_11_FB0C7A7440F465E9164D__A5496F7B2258CED0AAD13D9F943CA8B5782D8327.udd" 3476
"C:/Users/Brayan/AppData/Local/UnrealEngine/Common/DerivedDataCache/5/4/7/TEXTURE_E01F4250BECD420DA9CE63B5EECEC2C2_OODLE_AUTODXT_11_FB0C7A7440F465E9164D__37FBB0CC04F065806C808A1942CE6FAE220CF5E5.udd" 3477
"C:/Users/Brayan/AppData/Local/UnrealEngine/Common/DerivedDataCache/2/9/6/TEXTURE_E01F4250BECD420DA9CE63B5EECEC2C2_OODLE_BC5_11_F464B419438B3FBD85C65196__30108F7FAD8FFB0CB6BB3D69AB73BEC696BEEA77.udd" 3478
"C:/Users/Brayan/AppData/Local/UnrealEngine/Common/DerivedDataCache/4/9/9/TEXTURE_E01F4250BECD420DA9CE63B5EECEC2C2_OODLE_BC5_11_F464B419438B3FBD85C65196__436AE6C2413AABFF634D60310CB98CAF3F2E3F13.udd" 3479
"C:/Users/Brayan/AppData/Local/UnrealEngine/Common/DerivedDataCache/5/5/0/TEXTURE_E01F4250BECD420DA9CE63B5EECEC2C2_OODLE_BC5_11_F464B419438B3FBD85C65196__AEFC57CFE775B4816002DB248AE389BA62FC2C03.udd" 3480
"C:/Users/Brayan/AppData/Local/UnrealEngine/Common/DerivedDataCache/6/6/8/TEXTURE_E01F4250BECD420DA9CE63B5EECEC2C2_OODLE_BC5_11_F464B419438B3FBD85C65196__4FA9D2AFEB6148EBFBB05F180C562597B616AB18.udd" 3481
"C:/Users/Brayan/AppData/Local/UnrealEngine/Common/DerivedDataCache/7/3/9/TEXTURE_E01F4250BECD420DA9CE63B5EECEC2C2_OODLE_BC5_11_F464B419438B3FBD85C65196__B7D15589BD9C001B4B7AF786A29F1E4FCC6B72D6.udd" 3482
"C:/Users/Brayan/AppData/Local/UnrealEngine/Common/DerivedDataCache/0/9/7/TEXTURE_E01F4250BECD420DA9CE63B5EECEC2C2_OODLE_AUTODXT_11_73D136EC488F6350316E__3C67DAFE2BB32E81F23810675A6D1B4CB695D54D.udd" 3483
"C:/Users/Brayan/AppData/Local/UnrealEngine/Common/DerivedDataCache/7/7/8/TEXTURE_E01F4250BECD420DA9CE63B5EECEC2C2_OODLE_AUTODXT_11_73D136EC488F6350316E__E7BA73F3CAC7B0A4B42B045282EA48361BA3BA68.udd" 3484
"C:/Users/Brayan/AppData/Local/UnrealEngine/Common/DerivedDataCache/2/8/7/TEXTURE_E01F4250BECD420DA9CE63B5EECEC2C2_OODLE_AUTODXT_11_73D136EC488F6350316E__44ACB5DBFE880CBB4200A511D2E0F9960B2D996A.udd" 3485
"C:/Users/Brayan/AppData/Local/UnrealEngine/Common/DerivedDataCache/5/1/5/TEXTURE_E01F4250BECD420DA9CE63B5EECEC2C2_OODLE_AUTODXT_11_73D136EC488F6350316E__E9E9E81A6ADABFA52C390222692F6B3493C7A997.udd" 3486
"C:/Users/Brayan/AppData/Local/UnrealEngine/Common/DerivedDataCache/2/8/7/TEXTURE_E01F4250BECD420DA9CE63B5EECEC2C2_OODLE_AUTODXT_11_73D136EC488F6350316E__16EA8D65478D4618225F3AB64B026DCA6CC89009.udd" 3487
"C:/Users/Brayan/AppData/Local/UnrealEngine/Common/DerivedDataCache/9/8/9/MATSM_0BA69734E4FD45E082FA4560DBE25454_PCD3D_SM5_8__BC5N_NOCCBN_NOIRIS_DEV_SL___201248397E4B2180437BA19E479B3D2383C8BE19.udd" 3488
"C:/Users/Brayan/AppData/Local/UnrealEngine/Common/DerivedDataCache/2/2/8/TEXTURE_E01F4250BECD420DA9CE63B5EECEC2C2_OODLE_AUTODXT_11_A8B4753B42529BF38D3E__DEB61381F67E3776983A3C07F82FA71F51D86C2D.udd" 3489
"C:/Users/Brayan/AppData/Local/UnrealEngine/Common/DerivedDataCache/9/9/1/TEXTURE_E01F4250BECD420DA9CE63B5EECEC2C2_OODLE_AUTODXT_11_A8B4753B42529BF38D3E__EF221578FF217FBFD660DD8EEF7E5C25D9AE723E.udd" 3490
"C:/Users/Brayan/AppData/Local/UnrealEngine/Common/DerivedDataCache/0/4/2/TEXTURE_E01F4250BECD420DA9CE63B5EECEC2C2_OODLE_AUTODXT_11_A8B4753B42529BF38D3E__C66DED5D0B6CBC62B53F643A73ADAFEF0A836B93.udd" 3491
"C:/Users/Brayan/AppData/Local/UnrealEngine/Common/DerivedDataCache/3/8/9/TEXTURE_E01F4250BECD420DA9CE63B5EECEC2C2_OODLE_AUTODXT_11_A8B4753B42529BF38D3E__5F815C1E0954F6B18569203AE7925910673AF0EB.udd" 3492
"C:/Users/Brayan/AppData/Local/UnrealEngine/Common/DerivedDataCache/0/5/0/TEXTURE_E01F4250BECD420DA9CE63B5EECEC2C2_OODLE_AUTODXT_11_A8B4753B42529BF38D3E__62D5DA408A8CFC034BF3CB95211252F7170818BA.udd" 3493
"C:/Users/Brayan/AppData/Local/UnrealEngine/Common/DerivedDataCache/7/1/0/TEXTURE_E01F4250BECD420DA9CE63B5EECEC2C2_OODLE_AUTODXT_11_A8B4753B42529BF38D3E__0EBC6C4D52F798DC84F9F834518D24E15ECB6683.udd" 3494
"C:/Users/Brayan/AppData/Local/UnrealEngine/Common/DerivedDataCache/2/1/7/TEXTURE_E01F4250BECD420DA9CE63B5EECEC2C2_OODLE_BC5_11_5B909D6A4F8CECC208C0FCA6__86EB557952FD701DB20E6C926A8D33C18EF759CE.udd" 3495
"C:/Users/Brayan/AppData/Local/UnrealEngine/Common/DerivedDataCache/4/1/8/TEXTURE_E01F4250BECD420DA9CE63B5EECEC2C2_OODLE_BC5_11_5B909D6A4F8CECC208C0FCA6__88294E25860FA9FBADBE64C32F9B6CE614FDBC22.udd" 3496
"C:/Users/Brayan/AppData/Local/UnrealEngine/Common/DerivedDataCache/1/3/3/TEXTURE_E01F4250BECD420DA9CE63B5EECEC2C2_OODLE_BC5_11_5B909D6A4F8CECC208C0FCA6__CF54BE9A77C62B01BF410CD54E0BED637020BE1E.udd" 3497
"C:/Users/Brayan/AppData/Local/UnrealEngine/Common/DerivedDataCache/1/4/5/TEXTURE_E01F4250BECD420DA9CE63B5EECEC2C2_OODLE_BC5_11_5B909D6A4F8CECC208C0FCA6__230615C0A15EFA325DD8E82E9831ED39DDC5C916.udd" 3498
"C:/Users/Brayan/AppData/Local/UnrealEngine/Common/DerivedDataCache/7/5/6/TEXTURE_E01F4250BECD420DA9CE63B5EECEC2C2_OODLE_BC5_11_5B909D6A4F8CECC208C0FCA6__5E6C1D06186BA4D2517248C794B98D67B16CD532.udd" 3499
"C:/Users/Brayan/AppData/Local/UnrealEngine/Common/DerivedDataCache/6/1/2/TEXTURE_E01F4250BECD420DA9CE63B5EECEC2C2_OODLE_BC5_11_5B909D6A4F8CECC208C0FCA6__743EEEA3AEDC1390580E5401C0EFC3EB9FDD81E2.udd" 3500
"C:/Users/Brayan/AppData/Local/UnrealEngine/Common/DerivedDataCache/7/6/5/TEXTURE_E01F4250BECD420DA9CE63B5EECEC2C2_OODLE_AUTODXT_11_4DDC9B4443497D490381__736131451BF0DD12C520F182224D19A65A0C806E.udd" 3501
"C:/Users/Brayan/AppData/Local/UnrealEngine/Common/DerivedDataCache/3/0/3/TEXTURE_E01F4250BECD420DA9CE63B5EECEC2C2_OODLE_AUTODXT_11_4DDC9B4443497D490381__33C1511D5C05439B8B14F4032944475975612080.udd" 3502
"C:/Users/Brayan/AppData/Local/UnrealEngine/Common/DerivedDataCache/9/8/8/TEXTURE_E01F4250BECD420DA9CE63B5EECEC2C2_OODLE_AUTODXT_11_4DDC9B4443497D490381__6A5E3016489165759B887E54CF1213F70E30EDD8.udd" 3503
"C:/Users/Brayan/AppData/Local/UnrealEngine/Common/DerivedDataCache/4/0/6/TEXTURE_E01F4250BECD420DA9CE63B5EECEC2C2_OODLE_AUTODXT_11_4DDC9B4443497D490381__870DC38CDBBC72B44E69A5B9C4AFCB420DC8FBF0.udd" 3504
"C:/Users/Brayan/AppData/Local/UnrealEngine/Common/DerivedDataCache/8/0/5/TEXTURE_E01F4250BECD420DA9CE63B5EECEC2C2_OODLE_AUTODXT_11_4DDC9B4443497D490381__DF0A18E0149F5AFBF87B888C337AB30577726347.udd" 3505
"C:/Users/Brayan/AppData/Local/UnrealEngine/Common/DerivedDataCache/2/2/2/TEXTURE_E01F4250BECD420DA9CE63B5EECEC2C2_OODLE_AUTODXT_11_4DDC9B4443497D490381__545273B6AEB3FB808CE804AA1F9117519D596341.udd" 3506
"C:/Users/Brayan/AppData/Local/UnrealEngine/Common/DerivedDataCache/6/5/1/MATSM_0BA69734E4FD45E082FA4560DBE25454_PCD3D_SM5_8__BC5N_NOCCBN_NOIRIS_DEV_SL___0D214D82D808F04871224B9C43B66708C7EA18AB.udd" 3507
"C:/Users/Brayan/AppData/Local/UnrealEngine/Common/DerivedDataCache/8/8/5/TEXTURE_E01F4250BECD420DA9CE63B5EECEC2C2_OODLE_AUTODXT_11_8CDF5FB743675CE4857D__DEC0BFB6FD41930D78F694928C1C357ACCC73112.udd" 3508
"C:/Users/Brayan/AppData/Local/UnrealEngine/Common/DerivedDataCache/7/1/6/TEXTURE_E01F4250BECD420DA9CE63B5EECEC2C2_OODLE_AUTODXT_11_8CDF5FB743675CE4857D__7F193A778E41297C024E0DB21276EEB30D9D28F6.udd" 3509
"C:/Users/Brayan/AppData/Local/UnrealEngine/Common/DerivedDataCache/3/4/8/TEXTURE_E01F4250BECD420DA9CE63B5EECEC2C2_OODLE_AUTODXT_11_8CDF5FB743675CE4857D__8F5C8B8700EC3C3E8BB7537FF0974264E7DF7D50.udd" 3510
"C:/Users/Brayan/AppData/Local/UnrealEngine/Common/DerivedDataCache/5/3/7/TEXTURE_E01F4250BECD420DA9CE63B5EECEC2C2_OODLE_AUTODXT_11_8CDF5FB743675CE4857D__05D584D33FB55B9920A07684799BBA3A5431301E.udd" 3511
"C:/Users/Brayan/AppData/Local/UnrealEngine/Common/DerivedDataCache/3/3/8/TEXTURE_E01F4250BECD420DA9CE63B5EECEC2C2_OODLE_AUTODXT_11_8CDF5FB743675CE4857D__9A582C6A03B9DA5536CF576297975C503B81E403.udd" 3512
"C:/Users/Brayan/AppData/Local/UnrealEngine/Common/DerivedDataCache/5/6/0/TEXTURE_E01F4250BECD420DA9CE63B5EECEC2C2_OODLE_BC5_11_2BB6F2FD46422519A224F685__1C8CB4853E906F7A7D13A59C8827EF01D7F32F20.udd" 3513
"C:/Users/Brayan/AppData/Local/UnrealEngine/Common/DerivedDataCache/8/1/6/TEXTURE_E01F4250BECD420DA9CE63B5EECEC2C2_OODLE_BC5_11_2BB6F2FD46422519A224F685__98F094E0149D01F8D34B9AD3A54B52AC33C52B05.udd" 3514
"C:/Users/Brayan/AppData/Local/UnrealEngine/Common/DerivedDataCache/4/2/3/TEXTURE_E01F4250BECD420DA9CE63B5EECEC2C2_OODLE_BC5_11_2BB6F2FD46422519A224F685__A3DAC4AEF2BEC9CB8874028673945BBD8BB26692.udd" 3515
"C:/Users/Brayan/AppData/Local/UnrealEngine/Common/DerivedDataCache/7/8/0/TEXTURE_E01F4250BECD420DA9CE63B5EECEC2C2_OODLE_BC5_11_2BB6F2FD46422519A224F685__A3C6E66FB6CF026DAC6AF46CD787B268D5D484D7.udd" 3516
"C:/Users/Brayan/AppData/Local/UnrealEngine/Common/DerivedDataCache/4/4/7/TEXTURE_E01F4250BECD420DA9CE63B5EECEC2C2_OODLE_BC5_11_2BB6F2FD46422519A224F685__B5E6CF0E5B5E49D0B39048DB4393DFDDFFF8B4DE.udd" 3517
"C:/Users/Brayan/AppData/Local/UnrealEngine/Common/DerivedDataCache/9/8/9/TEXTURE_E01F4250BECD420DA9CE63B5EECEC2C2_OODLE_AUTODXT_11_4A6C46A3448271BCA715__73AD726D2465DBB8A60014C908EA2D9B2304505B.udd" 3518
"C:/Users/Brayan/AppData/Local/UnrealEngine/Common/DerivedDataCache/7/0/1/TEXTURE_E01F4250BECD420DA9CE63B5EECEC2C2_OODLE_AUTODXT_11_4A6C46A3448271BCA715__BB6632D5D923764B599EF45A96E1B22C4E3EB431.udd" 3519
"C:/Users/Brayan/AppData/Local/UnrealEngine/Common/DerivedDataCache/1/0/4/TEXTURE_E01F4250BECD420DA9CE63B5EECEC2C2_OODLE_AUTODXT_11_4A6C46A3448271BCA715__41F997C9AE32EF27226E50FA23AA5485CD8766D2.udd" 3520
"C:/Users/Brayan/AppData/Local/UnrealEngine/Common/DerivedDataCache/9/3/8/TEXTURE_E01F4250BECD420DA9CE63B5EECEC2C2_OODLE_AUTODXT_11_4A6C46A3448271BCA715__F3A75DE017B55D7E5C3D9D20F2B1CB4757CAF137.udd" 3521
"C:/Users/Brayan/AppData/Local/UnrealEngine/Common/DerivedDataCache/8/9/2/TEXTURE_E01F4250BECD420DA9CE63B5EECEC2C2_OODLE_AUTODXT_11_4A6C46A3448271BCA715__0ED0D5B745C350E0C185DB6F2905890B06F843C2.udd" 3522
"C:/Users/Brayan/AppData/Local/UnrealEngine/Common/DerivedDataCache/6/9/8/MATSM_0BA69734E4FD45E082FA4560DBE25454_PCD3D_SM5_8__BC5N_NOCCBN_NOIRIS_DEV_SL___02BE64EA8879B4092762A6AF9E092603A7E9441E.udd" 3523
"C:/Users/Brayan/AppData/Local/UnrealEngine/Common/DerivedDataCache/2/7/6/TEXTURE_E01F4250BECD420DA9CE63B5EECEC2C2_OODLE_AUTODXT_11_B931A0C7464E704112A3__33AC9F194F2CA849D9CF0BBE002A90EEEEF01EB6.udd" 3524
"C:/Users/Brayan/AppData/Local/UnrealEngine/Common/DerivedDataCache/3/5/0/TEXTURE_E01F4250BECD420DA9CE63B5EECEC2C2_OODLE_AUTODXT_11_B931A0C7464E704112A3__47233F6B3AADB4B5DC75256BE25EDC128EEB1A34.udd" 3525
"C:/Users/Brayan/AppData/Local/UnrealEngine/Common/DerivedDataCache/4/1/6/TEXTURE_E01F4250BECD420DA9CE63B5EECEC2C2_OODLE_AUTODXT_11_B931A0C7464E704112A3__685A7D08F3D5919CE6B89101B44BC8AF3CC2A349.udd" 3526
"C:/Users/Brayan/AppData/Local/UnrealEngine/Common/DerivedDataCache/8/7/0/TEXTURE_E01F4250BECD420DA9CE63B5EECEC2C2_OODLE_AUTODXT_11_B931A0C7464E704112A3__3B218D05AA4EA0CD8F088DE5ACB4E33C3412B591.udd" 3527
"C:/Users/Brayan/AppData/Local/UnrealEngine/Common/DerivedDataCache/6/2/3/TEXTURE_E01F4250BECD420DA9CE63B5EECEC2C2_OODLE_AUTODXT_11_B931A0C7464E704112A3__065F0338AC283453C5E954025EB6A4064E6006BE.udd" 3528
"C:/Users/Brayan/AppData/Local/UnrealEngine/Common/DerivedDataCache/9/7/0/TEXTURE_E01F4250BECD420DA9CE63B5EECEC2C2_OODLE_BC5_11_E6AEBDA94F07AFD98C9492B1__22EB40A83EE112AF987D27B570E8BAFCE3EC16DA.udd" 3529
"C:/Users/Brayan/AppData/Local/UnrealEngine/Common/DerivedDataCache/0/6/4/TEXTURE_E01F4250BECD420DA9CE63B5EECEC2C2_OODLE_BC5_11_E6AEBDA94F07AFD98C9492B1__6B69ACC4228823323A0A0B21C65AF119E09C7948.udd" 3530
"C:/Users/Brayan/AppData/Local/UnrealEngine/Common/DerivedDataCache/1/1/9/TEXTURE_E01F4250BECD420DA9CE63B5EECEC2C2_OODLE_BC5_11_E6AEBDA94F07AFD98C9492B1__8D85E88E537B0DDDD5EC01825901CECC3B84369D.udd" 3531
"C:/Users/Brayan/AppData/Local/UnrealEngine/Common/DerivedDataCache/6/1/7/TEXTURE_E01F4250BECD420DA9CE63B5EECEC2C2_OODLE_BC5_11_E6AEBDA94F07AFD98C9492B1__BAAC6913E8C80C7552CB3D17DA02161B4B625404.udd" 3532
"C:/Users/Brayan/AppData/Local/UnrealEngine/Common/DerivedDataCache/3/6/8/TEXTURE_E01F4250BECD420DA9CE63B5EECEC2C2_OODLE_BC5_11_E6AEBDA94F07AFD98C9492B1__782C3303E357B35AB5CF05DBBE805377B94B7332.udd" 3533
"C:/Users/Brayan/AppData/Local/UnrealEngine/Common/DerivedDataCache/7/1/4/TEXTURE_E01F4250BECD420DA9CE63B5EECEC2C2_OODLE_AUTODXT_11_3311285A4663A80785C5__390FD537776E7B0D9C6BA9A26AE79CD5381EF410.udd" 3534
"C:/Users/Brayan/AppData/Local/UnrealEngine/Common/DerivedDataCache/6/2/0/TEXTURE_E01F4250BECD420DA9CE63B5EECEC2C2_OODLE_AUTODXT_11_3311285A4663A80785C5__7932402965A656B9C5901F9FC6F51B9FA6003EB7.udd" 3535
"C:/Users/Brayan/AppData/Local/UnrealEngine/Common/DerivedDataCache/2/0/0/TEXTURE_E01F4250BECD420DA9CE63B5EECEC2C2_OODLE_AUTODXT_11_3311285A4663A80785C5__6129D1500C9DF99E5F0EA1E896FEAAAFE694CBBD.udd" 3536
"C:/Users/Brayan/AppData/Local/UnrealEngine/Common/DerivedDataCache/4/7/2/TEXTURE_E01F4250BECD420DA9CE63B5EECEC2C2_OODLE_AUTODXT_11_3311285A4663A80785C5__9D8139C3CC978F83816C01AAE8AD89980890E23E.udd" 3537
"C:/Users/Brayan/AppData/Local/UnrealEngine/Common/DerivedDataCache/0/4/8/TEXTURE_E01F4250BECD420DA9CE63B5EECEC2C2_OODLE_AUTODXT_11_3311285A4663A80785C5__A8D4FFB815A0D2D01092AEDE0AD7683737B6CFCF.udd" 3538
"C:/Users/Brayan/AppData/Local/UnrealEngine/Common/DerivedDataCache/6/9/9/MATSM_0BA69734E4FD45E082FA4560DBE25454_PCD3D_SM5_8__BC5N_NOCCBN_NOIRIS_DEV_SL___D9392E29A65FCE5B227CABE5701A8DE2DED7602E.udd" 3539
"C:/Users/Brayan/AppData/Local/UnrealEngine/Common/DerivedDataCache/1/8/6/MATSM_0BA69734E4FD45E082FA4560DBE25454_PCD3D_SM5_8__BC5N_NOCCBN_NOIRIS_DEV_SL___7D483C5959BD7F3E845EEFF83173DEDE710DFD2C.udd" 3540
"C:/Users/Brayan/AppData/Local/UnrealEngine/Common/DerivedDataCache/3/5/2/MATSM_0BA69734E4FD45E082FA4560DBE25454_PCD3D_SM5_8__BC5N_NOCCBN_NOIRIS_DEV_SL___F0E679E23332BBA4B29C18EC8A9FB57D45464B2B.udd" 3541
"C:/Users/Brayan/AppData/Local/UnrealEngine/Common/DerivedDataCache/2/5/9/TEXTURE_E01F4250BECD420DA9CE63B5EECEC2C2_OODLE_AUTODXT_11_D693C30147557E0A3DA5__D060CAEEC05429ADFBE203A19BB23FAA9964C69D.udd" 3542
"C:/Users/Brayan/AppData/Local/UnrealEngine/Common/DerivedDataCache/6/9/7/TEXTURE_E01F4250BECD420DA9CE63B5EECEC2C2_OODLE_AUTODXT_11_D693C30147557E0A3DA5__F3979E9EB57F943D3A46924BBDF44A671B131F56.udd" 3543
"C:/Users/Brayan/AppData/Local/UnrealEngine/Common/DerivedDataCache/9/9/1/TEXTURE_E01F4250BECD420DA9CE63B5EECEC2C2_OODLE_AUTODXT_11_D693C30147557E0A3DA5__E0C69B1A7C78A8F97868C7C8E9D4A080DE59C866.udd" 3544
"C:/Users/Brayan/AppData/Local/UnrealEngine/Common/DerivedDataCache/9/0/3/TEXTURE_E01F4250BECD420DA9CE63B5EECEC2C2_OODLE_AUTODXT_11_D693C30147557E0A3DA5__8D8A2C325687D445A6DF6E8CBDE17908476E916A.udd" 3545
"C:/Users/Brayan/AppData/Local/UnrealEngine/Common/DerivedDataCache/9/4/4/TEXTURE_E01F4250BECD420DA9CE63B5EECEC2C2_OODLE_AUTODXT_11_D693C30147557E0A3DA5__647158B5AC7144C8319C3B423A2DC3C3B9CA6B3B.udd" 3546
"C:/Users/Brayan/AppData/Local/UnrealEngine/Common/DerivedDataCache/4/0/8/TEXTURE_E01F4250BECD420DA9CE63B5EECEC2C2_OODLE_BC5_11_7D73191C465FA777D320D7AF__B3C7C871FEE9C8B276F6C7DD94DA90DF7065EF91.udd" 3547
"C:/Users/Brayan/AppData/Local/UnrealEngine/Common/DerivedDataCache/0/7/0/TEXTURE_E01F4250BECD420DA9CE63B5EECEC2C2_OODLE_BC5_11_7D73191C465FA777D320D7AF__174ADC900B6BE28C8C740C9D2C691D645F2868C3.udd" 3548
"C:/Users/Brayan/AppData/Local/UnrealEngine/Common/DerivedDataCache/3/8/3/TEXTURE_E01F4250BECD420DA9CE63B5EECEC2C2_OODLE_BC5_11_7D73191C465FA777D320D7AF__10A7732608CA9A632C6A406D84AF561674FA9995.udd" 3549
"C:/Users/Brayan/AppData/Local/UnrealEngine/Common/DerivedDataCache/9/8/6/TEXTURE_E01F4250BECD420DA9CE63B5EECEC2C2_OODLE_BC5_11_7D73191C465FA777D320D7AF__B61D3E0427A7636160A488058C612227752680A7.udd" 3550
"C:/Users/Brayan/AppData/Local/UnrealEngine/Common/DerivedDataCache/1/6/9/TEXTURE_E01F4250BECD420DA9CE63B5EECEC2C2_OODLE_BC5_11_7D73191C465FA777D320D7AF__6CB41F864B8C4F827C6FB3487E7FCF18CCCBDA0E.udd" 3551
"C:/Users/Brayan/AppData/Local/UnrealEngine/Common/DerivedDataCache/4/6/2/TEXTURE_E01F4250BECD420DA9CE63B5EECEC2C2_OODLE_AUTODXT_11_1D359AB6410D1C4DC5A7__35326D7012BA253A05AA9572883BD91C3F37D5CE.udd" 3552
"C:/Users/Brayan/AppData/Local/UnrealEngine/Common/DerivedDataCache/2/4/2/TEXTURE_E01F4250BECD420DA9CE63B5EECEC2C2_OODLE_AUTODXT_11_1D359AB6410D1C4DC5A7__204E9C7AD88C964976DC0415433CD81B2FB99331.udd" 3553
"C:/Users/Brayan/AppData/Local/UnrealEngine/Common/DerivedDataCache/9/5/8/TEXTURE_E01F4250BECD420DA9CE63B5EECEC2C2_OODLE_AUTODXT_11_1D359AB6410D1C4DC5A7__686FC75C8710FDFB7FDB4A867B9D2B60174F1645.udd" 3554
"C:/Users/Brayan/AppData/Local/UnrealEngine/Common/DerivedDataCache/5/1/5/TEXTURE_E01F4250BECD420DA9CE63B5EECEC2C2_OODLE_AUTODXT_11_1D359AB6410D1C4DC5A7__DD0E2650D7E621B12AB66B9477DBB30FFC9997AE.udd" 3555
"C:/Users/Brayan/AppData/Local/UnrealEngine/Common/DerivedDataCache/7/5/1/TEXTURE_E01F4250BECD420DA9CE63B5EECEC2C2_OODLE_AUTODXT_11_1D359AB6410D1C4DC5A7__9D20CE9A9B5C2463ACF03A938C6FCA0132321069.udd" 3556
"C:/Users/Brayan/AppData/Local/UnrealEngine/Common/DerivedDataCache/5/8/9/MATSM_0BA69734E4FD45E082FA4560DBE25454_PCD3D_SM5_8__BC5N_NOCCBN_NOIRIS_DEV_SL___E18E89AA909A7A48F26FADADDB19128FEF124B81.udd" 3557
"C:/Users/Brayan/AppData/Local/UnrealEngine/Common/DerivedDataCache/8/9/6/TEXTURE_E01F4250BECD420DA9CE63B5EECEC2C2_OODLE_AUTODXT_11_D42DA2EC49ACFAF7653A__253229B3F73BC153B093A0858C62246C78101BC0.udd" 3558
"C:/Users/Brayan/AppData/Local/UnrealEngine/Common/DerivedDataCache/4/0/8/TEXTURE_E01F4250BECD420DA9CE63B5EECEC2C2_OODLE_AUTODXT_11_D42DA2EC49ACFAF7653A__870281F5505D5CDD164D4BEA5C87533A86A33C43.udd" 3559
"C:/Users/Brayan/AppData/Local/UnrealEngine/Common/DerivedDataCache/2/7/1/TEXTURE_E01F4250BECD420DA9CE63B5EECEC2C2_OODLE_AUTODXT_11_D42DA2EC49ACFAF7653A__E649195AAB82A23163412393629B4DD7A7903BF5.udd" 3560
"C:/Users/Brayan/AppData/Local/UnrealEngine/Common/DerivedDataCache/3/1/7/TEXTURE_E01F4250BECD420DA9CE63B5EECEC2C2_OODLE_AUTODXT_11_D42DA2EC49ACFAF7653A__1E863321F7D8F0DD507B4A39F2D6E86752A3524B.udd" 3561
"C:/Users/Brayan/AppData/Local/UnrealEngine/Common/DerivedDataCache/8/3/2/TEXTURE_E01F4250BECD420DA9CE63B5EECEC2C2_OODLE_AUTODXT_11_D42DA2EC49ACFAF7653A__64F2CA7DE866A252C12831D355CB445ECEB95F67.udd" 3562
"C:/Users/Brayan/AppData/Local/UnrealEngine/Common/DerivedDataCache/0/0/7/TEXTURE_E01F4250BECD420DA9CE63B5EECEC2C2_OODLE_AUTODXT_11_D42DA2EC49ACFAF7653A__029C588318BA7F2C528388C302C42433C6763565.udd" 3563
"C:/Users/Brayan/AppData/Local/UnrealEngine/Common/DerivedDataCache/5/3/1/TEXTURE_E01F4250BECD420DA9CE63B5EECEC2C2_OODLE_BC5_11_F74AD13848C7B3A92242A3B4__C2405FCF35645B48A171855C755ED489B6D3AAFB.udd" 3564
"C:/Users/Brayan/AppData/Local/UnrealEngine/Common/DerivedDataCache/9/5/5/TEXTURE_E01F4250BECD420DA9CE63B5EECEC2C2_OODLE_BC5_11_F74AD13848C7B3A92242A3B4__C5294FA50C9E726AF2A2BAC7F28800EA6F0F1C30.udd" 3565
"C:/Users/Brayan/AppData/Local/UnrealEngine/Common/DerivedDataCache/4/4/6/TEXTURE_E01F4250BECD420DA9CE63B5EECEC2C2_OODLE_BC5_11_F74AD13848C7B3A92242A3B4__4AE6E21ED8D0AEDDF943AC87CC8084D63AE0B88F.udd" 3566
"C:/Users/Brayan/AppData/Local/UnrealEngine/Common/DerivedDataCache/8/5/4/TEXTURE_E01F4250BECD420DA9CE63B5EECEC2C2_OODLE_BC5_11_F74AD13848C7B3A92242A3B4__28AA60DD30456369386BB1306BAD7A94EDA0E8F2.udd" 3567
"C:/Users/Brayan/AppData/Local/UnrealEngine/Common/DerivedDataCache/8/9/9/TEXTURE_E01F4250BECD420DA9CE63B5EECEC2C2_OODLE_BC5_11_F74AD13848C7B3A92242A3B4__2CF50DD626621E31CF7F3939DF658AE5B7B59361.udd" 3568
"C:/Users/Brayan/AppData/Local/UnrealEngine/Common/DerivedDataCache/8/1/9/TEXTURE_E01F4250BECD420DA9CE63B5EECEC2C2_OODLE_BC5_11_F74AD13848C7B3A92242A3B4__8FDEF6D24C7E3C6660C4073D315009DD24833E35.udd" 3569
"C:/Users/Brayan/AppData/Local/UnrealEngine/Common/DerivedDataCache/1/4/1/TEXTURE_E01F4250BECD420DA9CE63B5EECEC2C2_OODLE_AUTODXT_11_5A8E3FAA43DB52841C23__81FB8C784C8B851E37F780120D4021A5076D98A0.udd" 3570
"C:/Users/Brayan/AppData/Local/UnrealEngine/Common/DerivedDataCache/8/6/5/TEXTURE_E01F4250BECD420DA9CE63B5EECEC2C2_OODLE_AUTODXT_11_5A8E3FAA43DB52841C23__929A0D3A0A30BD6CBCF58957AE435E44A6677DC5.udd" 3571
"C:/Users/Brayan/AppData/Local/UnrealEngine/Common/DerivedDataCache/6/6/2/TEXTURE_E01F4250BECD420DA9CE63B5EECEC2C2_OODLE_AUTODXT_11_5A8E3FAA43DB52841C23__7314E7924898162FE7F3E46A23E44C866557842E.udd" 3572
"C:/Users/Brayan/AppData/Local/UnrealEngine/Common/DerivedDataCache/5/3/4/TEXTURE_E01F4250BECD420DA9CE63B5EECEC2C2_OODLE_AUTODXT_11_5A8E3FAA43DB52841C23__1312A7854BD53BDFA11A4D7C6A14047E2FAF5B36.udd" 3573
"C:/Users/Brayan/AppData/Local/UnrealEngine/Common/DerivedDataCache/9/9/6/TEXTURE_E01F4250BECD420DA9CE63B5EECEC2C2_OODLE_AUTODXT_11_5A8E3FAA43DB52841C23__19A195214FEDEB279CC07D4A419C0E652FCC04A2.udd" 3574
"C:/Users/Brayan/AppData/Local/UnrealEngine/Common/DerivedDataCache/2/6/2/TEXTURE_E01F4250BECD420DA9CE63B5EECEC2C2_OODLE_AUTODXT_11_5A8E3FAA43DB52841C23__356E6C8CB2986EA491E662141301326F95A7D66C.udd" 3575
"C:/Users/Brayan/AppData/Local/UnrealEngine/Common/DerivedDataCache/5/9/7/MATSM_0BA69734E4FD45E082FA4560DBE25454_PCD3D_SM5_8__BC5N_NOCCBN_NOIRIS_DEV_SL___0688FF6B540026BABE04CBC9EF0B26CA4820E150.udd" 3576
"C:/Users/Brayan/AppData/Local/UnrealEngine/Common/DerivedDataCache/0/5/0/TEXTURE_E01F4250BECD420DA9CE63B5EECEC2C2_OODLE_AUTODXT_11_CF48808F439FD9D35EDF__0F4413188D51315C2123FC39DB17F49A3C301431.udd" 3577
"C:/Users/Brayan/AppData/Local/UnrealEngine/Common/DerivedDataCache/0/5/9/TEXTURE_E01F4250BECD420DA9CE63B5EECEC2C2_OODLE_AUTODXT_11_CF48808F439FD9D35EDF__430AF9C27C7BFE36C5682017E3EAF80CDF7D5CCF.udd" 3578
"C:/Users/Brayan/AppData/Local/UnrealEngine/Common/DerivedDataCache/2/9/1/TEXTURE_E01F4250BECD420DA9CE63B5EECEC2C2_OODLE_AUTODXT_11_CF48808F439FD9D35EDF__8B1921271BA52F4E9F5FAD6B7CBA5C7229778E3E.udd" 3579
"C:/Users/Brayan/AppData/Local/UnrealEngine/Common/DerivedDataCache/9/0/3/TEXTURE_E01F4250BECD420DA9CE63B5EECEC2C2_OODLE_AUTODXT_11_CF48808F439FD9D35EDF__23AC1D767C5033BF6E8733D430C5449BCCC47986.udd" 3580
"C:/Users/Brayan/AppData/Local/UnrealEngine/Common/DerivedDataCache/2/5/8/TEXTURE_E01F4250BECD420DA9CE63B5EECEC2C2_OODLE_AUTODXT_11_CF48808F439FD9D35EDF__40D11E036E328EFE984F32D94A2F0C1A70E139C2.udd" 3581
"C:/Users/Brayan/AppData/Local/UnrealEngine/Common/DerivedDataCache/6/0/1/TEXTURE_E01F4250BECD420DA9CE63B5EECEC2C2_OODLE_BC5_11_39543C124E84310E54EB6CB5__018450655494D39BAA64096D45BD2178555EAC5D.udd" 3582
"C:/Users/Brayan/AppData/Local/UnrealEngine/Common/DerivedDataCache/3/2/4/TEXTURE_E01F4250BECD420DA9CE63B5EECEC2C2_OODLE_BC5_11_39543C124E84310E54EB6CB5__E91A6BCFF2234520A3660257769E5DBD83CB1540.udd" 3583
"C:/Users/Brayan/AppData/Local/UnrealEngine/Common/DerivedDataCache/6/9/0/TEXTURE_E01F4250BECD420DA9CE63B5EECEC2C2_OODLE_BC5_11_39543C124E84310E54EB6CB5__931C541ED50B182227D3D226179FDBD3FBF057EB.udd" 3584
"C:/Users/Brayan/AppData/Local/UnrealEngine/Common/DerivedDataCache/9/2/7/TEXTURE_E01F4250BECD420DA9CE63B5EECEC2C2_OODLE_BC5_11_39543C124E84310E54EB6CB5__A8AEE61FDD38E80840F603922DFF7B73CD5CA7D0.udd" 3585
"C:/Users/Brayan/AppData/Local/UnrealEngine/Common/DerivedDataCache/1/9/4/TEXTURE_E01F4250BECD420DA9CE63B5EECEC2C2_OODLE_BC5_11_39543C124E84310E54EB6CB5__15B22875B86C4B6C03251A95ACB1265FCB15F9B0.udd" 3586
"C:/Users/Brayan/AppData/Local/UnrealEngine/Common/DerivedDataCache/3/1/8/TEXTURE_E01F4250BECD420DA9CE63B5EECEC2C2_OODLE_AUTODXT_11_6592F4464CA521101BAD__C369581065C7A75BA08827F200E61867F02D1351.udd" 3587
"C:/Users/Brayan/AppData/Local/UnrealEngine/Common/DerivedDataCache/0/1/1/TEXTURE_E01F4250BECD420DA9CE63B5EECEC2C2_OODLE_AUTODXT_11_6592F4464CA521101BAD__85C421CAE4003C38199D496A551D20E20D9C9E26.udd" 3588
"C:/Users/Brayan/AppData/Local/UnrealEngine/Common/DerivedDataCache/4/4/5/TEXTURE_E01F4250BECD420DA9CE63B5EECEC2C2_OODLE_AUTODXT_11_6592F4464CA521101BAD__5F9061E8E894B626B6167AEA7145922887CDCEC5.udd" 3589
"C:/Users/Brayan/AppData/Local/UnrealEngine/Common/DerivedDataCache/2/6/6/TEXTURE_E01F4250BECD420DA9CE63B5EECEC2C2_OODLE_AUTODXT_11_6592F4464CA521101BAD__DC75122D8E3C767D373849C16600DD9F9E6B43E0.udd" 3590
"C:/Users/Brayan/AppData/Local/UnrealEngine/Common/DerivedDataCache/2/5/5/TEXTURE_E01F4250BECD420DA9CE63B5EECEC2C2_OODLE_AUTODXT_11_6592F4464CA521101BAD__826D1ADC33FC758A0C00330EA1B6A494B6FDF305.udd" 3591
"C:/Users/Brayan/AppData/Local/UnrealEngine/Common/DerivedDataCache/0/5/7/MATSM_0BA69734E4FD45E082FA4560DBE25454_PCD3D_SM5_8__BC5N_NOCCBN_NOIRIS_DEV_SL___3BADC2D630F2D7BCDB0C37970F2F4A9E631C0394.udd" 3592
"C:/Users/Brayan/AppData/Local/UnrealEngine/Common/DerivedDataCache/4/9/1/MATSM_0BA69734E4FD45E082FA4560DBE25454_PCD3D_SM5_8__BC5N_NOCCBN_NOIRIS_DEV_SL___C129C05CE6C1D59ADE86BB466E5C12AC58DE701E.udd" 3593
"C:/Users/Brayan/AppData/Local/UnrealEngine/Common/DerivedDataCache/2/4/4/TEXTURE_E01F4250BECD420DA9CE63B5EECEC2C2_OODLE_AUTODXT_11_592775DC474F8DAEBA7B__E82898CA0403DC5468D03A950002BA1255258EBC.udd" 3594
"C:/Users/Brayan/AppData/Local/UnrealEngine/Common/DerivedDataCache/0/3/0/TEXTURE_E01F4250BECD420DA9CE63B5EECEC2C2_OODLE_AUTODXT_11_592775DC474F8DAEBA7B__CD89B0E819835409591C120FE3C715B46B516321.udd" 3595
"C:/Users/Brayan/AppData/Local/UnrealEngine/Common/DerivedDataCache/9/1/9/TEXTURE_E01F4250BECD420DA9CE63B5EECEC2C2_OODLE_AUTODXT_11_592775DC474F8DAEBA7B__EAEA85E23B2765267DB11C02EED154A68283B3FC.udd" 3596
"C:/Users/Brayan/AppData/Local/UnrealEngine/Common/DerivedDataCache/1/3/7/TEXTURE_E01F4250BECD420DA9CE63B5EECEC2C2_OODLE_AUTODXT_11_592775DC474F8DAEBA7B__9F5D53134DCD06F7D3F111640B0766E9D7B909BA.udd" 3597
"C:/Users/Brayan/AppData/Local/UnrealEngine/Common/DerivedDataCache/0/5/6/TEXTURE_E01F4250BECD420DA9CE63B5EECEC2C2_OODLE_AUTODXT_11_592775DC474F8DAEBA7B__6B8113E929761351AA79B1FA105AA9473B505673.udd" 3598
"C:/Users/Brayan/AppData/Local/UnrealEngine/Common/DerivedDataCache/0/8/8/TEXTURE_E01F4250BECD420DA9CE63B5EECEC2C2_OODLE_BC5_11_5317BAC8436AE99439D1B3BA__392973A9A9A01534C376D6B26B8C1E5B5EB3AA08.udd" 3599
"C:/Users/Brayan/AppData/Local/UnrealEngine/Common/DerivedDataCache/4/4/9/TEXTURE_E01F4250BECD420DA9CE63B5EECEC2C2_OODLE_BC5_11_5317BAC8436AE99439D1B3BA__DD10108590C51A780F7F02921E7D98CB3E823268.udd" 3600
"C:/Users/Brayan/AppData/Local/UnrealEngine/Common/DerivedDataCache/2/9/9/TEXTURE_E01F4250BECD420DA9CE63B5EECEC2C2_OODLE_BC5_11_5317BAC8436AE99439D1B3BA__1F614366A42BF1C4592EB37BFC0E83A2E8CCD79D.udd" 3601
"C:/Users/Brayan/AppData/Local/UnrealEngine/Common/DerivedDataCache/7/4/8/TEXTURE_E01F4250BECD420DA9CE63B5EECEC2C2_OODLE_BC5_11_5317BAC8436AE99439D1B3BA__93CC664717495573F79D8D48C9530F904E4A0C08.udd" 3602
"C:/Users/Brayan/AppData/Local/UnrealEngine/Common/DerivedDataCache/0/6/8/TEXTURE_E01F4250BECD420DA9CE63B5EECEC2C2_OODLE_BC5_11_5317BAC8436AE99439D1B3BA__2982A8F8B91CF1D3A206CDDDC159D5E2FFBE1D19.udd" 3603
"C:/Users/Brayan/AppData/Local/UnrealEngine/Common/DerivedDataCache/1/2/2/TEXTURE_E01F4250BECD420DA9CE63B5EECEC2C2_OODLE_AUTODXT_11_249D401A462EC4596DB8__ACC8B80164659CFBA9B1677AC9CDAD0FE4477B38.udd" 3604
"C:/Users/Brayan/AppData/Local/UnrealEngine/Common/DerivedDataCache/3/9/7/TEXTURE_E01F4250BECD420DA9CE63B5EECEC2C2_OODLE_AUTODXT_11_249D401A462EC4596DB8__54AEACC30E2FF9FC5CD3CD221973FE4B2B3B7284.udd" 3605
"C:/Users/Brayan/AppData/Local/UnrealEngine/Common/DerivedDataCache/6/1/1/TEXTURE_E01F4250BECD420DA9CE63B5EECEC2C2_OODLE_AUTODXT_11_249D401A462EC4596DB8__06378E2F9B475604A8F254AAD77276964E6DA34E.udd" 3606
"C:/Users/Brayan/AppData/Local/UnrealEngine/Common/DerivedDataCache/4/0/6/TEXTURE_E01F4250BECD420DA9CE63B5EECEC2C2_OODLE_AUTODXT_11_249D401A462EC4596DB8__342F0E0230D3FB5FDCC120E4755B12A21CF4F0CB.udd" 3607
"C:/Users/Brayan/AppData/Local/UnrealEngine/Common/DerivedDataCache/9/8/2/TEXTURE_E01F4250BECD420DA9CE63B5EECEC2C2_OODLE_AUTODXT_11_249D401A462EC4596DB8__C95E9F0507CE3D7C972A142117CE2CAA44E52079.udd" 3608
"C:/Users/Brayan/AppData/Local/UnrealEngine/Common/DerivedDataCache/8/3/6/MATSM_0BA69734E4FD45E082FA4560DBE25454_PCD3D_SM5_8__BC5N_NOCCBN_NOIRIS_DEV_SL___BBB54E6C4B9A0468E910D5EF9DF68BB5011D649F.udd" 3609
"C:/Users/Brayan/AppData/Local/UnrealEngine/Common/DerivedDataCache/1/7/6/TEXTURE_E01F4250BECD420DA9CE63B5EECEC2C2_OODLE_AUTODXT_11_1DA513214A1FD6BC3C8B__ADB14222037F456F4C8A8BE882A6D8850D7BE72B.udd" 3610
"C:/Users/Brayan/AppData/Local/UnrealEngine/Common/DerivedDataCache/0/5/3/TEXTURE_E01F4250BECD420DA9CE63B5EECEC2C2_OODLE_AUTODXT_11_1DA513214A1FD6BC3C8B__D135407CF590710B038257D43B4291A898540AA5.udd" 3611
"C:/Users/Brayan/AppData/Local/UnrealEngine/Common/DerivedDataCache/9/9/7/TEXTURE_E01F4250BECD420DA9CE63B5EECEC2C2_OODLE_AUTODXT_11_1DA513214A1FD6BC3C8B__DD12B93FFA64C382A647836958F187E24D15F933.udd" 3612
"C:/Users/Brayan/AppData/Local/UnrealEngine/Common/DerivedDataCache/9/0/4/TEXTURE_E01F4250BECD420DA9CE63B5EECEC2C2_OODLE_AUTODXT_11_1DA513214A1FD6BC3C8B__1449C718796F72EA4A3B5DBCB2E1EA62CC3D36BC.udd" 3613
"C:/Users/Brayan/AppData/Local/UnrealEngine/Common/DerivedDataCache/6/0/4/TEXTURE_E01F4250BECD420DA9CE63B5EECEC2C2_OODLE_AUTODXT_11_1DA513214A1FD6BC3C8B__328390A559DA8911A6E75663391C8001E167CD2E.udd" 3614
"C:/Users/Brayan/AppData/Local/UnrealEngine/Common/DerivedDataCache/2/1/3/TEXTURE_E01F4250BECD420DA9CE63B5EECEC2C2_OODLE_BC5_11_800D865945D4237084BA75BC__2E3B1953A8EAB9A9B9FE105DAFF71BFA6CA5F76E.udd" 3615
"C:/Users/Brayan/AppData/Local/UnrealEngine/Common/DerivedDataCache/7/9/5/TEXTURE_E01F4250BECD420DA9CE63B5EECEC2C2_OODLE_BC5_11_800D865945D4237084BA75BC__D84884F6DE5A1D4B2B5C582A1D95B75BD552FDF4.udd" 3616
"C:/Users/Brayan/AppData/Local/UnrealEngine/Common/DerivedDataCache/8/8/1/TEXTURE_E01F4250BECD420DA9CE63B5EECEC2C2_OODLE_BC5_11_800D865945D4237084BA75BC__79DDD26EFC68081DC6580FB6A2CC7260E21B2ECB.udd" 3617
"C:/Users/Brayan/AppData/Local/UnrealEngine/Common/DerivedDataCache/3/4/1/TEXTURE_E01F4250BECD420DA9CE63B5EECEC2C2_OODLE_BC5_11_800D865945D4237084BA75BC__B842CF2BFDD320300F8AE534D2C0498D7CD0758B.udd" 3618
"C:/Users/Brayan/AppData/Local/UnrealEngine/Common/DerivedDataCache/1/6/9/TEXTURE_E01F4250BECD420DA9CE63B5EECEC2C2_OODLE_BC5_11_800D865945D4237084BA75BC__A5F36238BB83E7312D23A468951B2D6685A1657A.udd" 3619
"C:/Users/Brayan/AppData/Local/UnrealEngine/Common/DerivedDataCache/1/6/6/TEXTURE_E01F4250BECD420DA9CE63B5EECEC2C2_OODLE_AUTODXT_11_4FC764364355DF6AA845__22DAE727A032467F9D53CAEC5BFF5F2D55035226.udd" 3620
"C:/Users/Brayan/AppData/Local/UnrealEngine/Common/DerivedDataCache/2/0/3/TEXTURE_E01F4250BECD420DA9CE63B5EECEC2C2_OODLE_AUTODXT_11_4FC764364355DF6AA845__1661A73890FAA307BEF1004AB58B739B296638A1.udd" 3621
"C:/Users/Brayan/AppData/Local/UnrealEngine/Common/DerivedDataCache/7/2/8/TEXTURE_E01F4250BECD420DA9CE63B5EECEC2C2_OODLE_AUTODXT_11_4FC764364355DF6AA845__E336DDCECFD107A802A86BE1010A9EC804D407A2.udd" 3622
"C:/Users/Brayan/AppData/Local/UnrealEngine/Common/DerivedDataCache/4/1/8/TEXTURE_E01F4250BECD420DA9CE63B5EECEC2C2_OODLE_AUTODXT_11_4FC764364355DF6AA845__493C79DD1E20081B033D824D2649EB65D7EC90E5.udd" 3623
"C:/Users/Brayan/AppData/Local/UnrealEngine/Common/DerivedDataCache/1/7/5/TEXTURE_E01F4250BECD420DA9CE63B5EECEC2C2_OODLE_AUTODXT_11_4FC764364355DF6AA845__A52654C1036D4296D9BE73079027A69CE6B78EA0.udd" 3624
"C:/Users/Brayan/AppData/Local/UnrealEngine/Common/DerivedDataCache/0/8/5/MATSM_0BA69734E4FD45E082FA4560DBE25454_PCD3D_SM5_8__BC5N_NOCCBN_NOIRIS_DEV_SL___4A98E9EEBAC586B32916267A75C1312FADD7753D.udd" 3625
"C:/Users/Brayan/AppData/Local/UnrealEngine/Common/DerivedDataCache/2/8/0/TEXTURE_E01F4250BECD420DA9CE63B5EECEC2C2_OODLE_AUTODXT_11_3F3F95554BA2FCCF2B89__E9271F6A3AF75763999D2EC834DB0095CC5EC99C.udd" 3626
"C:/Users/Brayan/AppData/Local/UnrealEngine/Common/DerivedDataCache/6/1/9/TEXTURE_E01F4250BECD420DA9CE63B5EECEC2C2_OODLE_AUTODXT_11_3F3F95554BA2FCCF2B89__72B41DAFC875AA33204FF74CDF624510F626F976.udd" 3627
"C:/Users/Brayan/AppData/Local/UnrealEngine/Common/DerivedDataCache/7/0/1/TEXTURE_E01F4250BECD420DA9CE63B5EECEC2C2_OODLE_AUTODXT_11_3F3F95554BA2FCCF2B89__17BC97FB28DB06926C7A3B92E38B76FDFE5A5DC3.udd" 3628
"C:/Users/Brayan/AppData/Local/UnrealEngine/Common/DerivedDataCache/4/6/5/TEXTURE_E01F4250BECD420DA9CE63B5EECEC2C2_OODLE_AUTODXT_11_3F3F95554BA2FCCF2B89__71277F7BF8AB9E3101DB8CB4BC0FF0314F0C769E.udd" 3629
"C:/Users/Brayan/AppData/Local/UnrealEngine/Common/DerivedDataCache/2/0/7/TEXTURE_E01F4250BECD420DA9CE63B5EECEC2C2_OODLE_AUTODXT_11_3F3F95554BA2FCCF2B89__7C172E1AD8435AD75B7AD6513360CDFB4BB3C732.udd" 3630
"C:/Users/Brayan/AppData/Local/UnrealEngine/Common/DerivedDataCache/5/9/1/TEXTURE_E01F4250BECD420DA9CE63B5EECEC2C2_OODLE_BC5_11_6F79C188432EE9DFBF3CB4AD__EFA5EE8AC1E2D832867737A8A9C03C4ED3414633.udd" 3631
"C:/Users/Brayan/AppData/Local/UnrealEngine/Common/DerivedDataCache/8/2/0/TEXTURE_E01F4250BECD420DA9CE63B5EECEC2C2_OODLE_BC5_11_6F79C188432EE9DFBF3CB4AD__E864F049A5BE36A614959AEC75A8D674AF034F86.udd" 3632
"C:/Users/Brayan/AppData/Local/UnrealEngine/Common/DerivedDataCache/9/1/8/TEXTURE_E01F4250BECD420DA9CE63B5EECEC2C2_OODLE_BC5_11_6F79C188432EE9DFBF3CB4AD__12C897800BC7394689C6117CB8ED9DBCB192B40B.udd" 3633
"C:/Users/Brayan/AppData/Local/UnrealEngine/Common/DerivedDataCache/1/8/3/TEXTURE_E01F4250BECD420DA9CE63B5EECEC2C2_OODLE_BC5_11_6F79C188432EE9DFBF3CB4AD__40211CBE495608E50A7D29AAC443CEA6A2EBE325.udd" 3634
"C:/Users/Brayan/AppData/Local/UnrealEngine/Common/DerivedDataCache/0/2/8/TEXTURE_E01F4250BECD420DA9CE63B5EECEC2C2_OODLE_BC5_11_6F79C188432EE9DFBF3CB4AD__530CD5B77BA98674910B199D21689395D3D0989A.udd" 3635
"C:/Users/Brayan/AppData/Local/UnrealEngine/Common/DerivedDataCache/0/5/2/TEXTURE_E01F4250BECD420DA9CE63B5EECEC2C2_OODLE_AUTODXT_11_6A31DE234DFB45EFABB1__B404EBD768A447A48B3002C19CF81F76DE39832B.udd" 3636
"C:/Users/Brayan/AppData/Local/UnrealEngine/Common/DerivedDataCache/8/4/8/TEXTURE_E01F4250BECD420DA9CE63B5EECEC2C2_OODLE_AUTODXT_11_6A31DE234DFB45EFABB1__4BB6B8D13CC21C27828440B00992BB2A191BD025.udd" 3637
"C:/Users/Brayan/AppData/Local/UnrealEngine/Common/DerivedDataCache/3/0/7/TEXTURE_E01F4250BECD420DA9CE63B5EECEC2C2_OODLE_AUTODXT_11_6A31DE234DFB45EFABB1__DA0DA9719C4F377C0215F1AC179DFDC76433DE03.udd" 3638
"C:/Users/Brayan/AppData/Local/UnrealEngine/Common/DerivedDataCache/1/3/6/TEXTURE_E01F4250BECD420DA9CE63B5EECEC2C2_OODLE_AUTODXT_11_6A31DE234DFB45EFABB1__4D68AF1367C9DAD5A88150048806FFEF702139AA.udd" 3639
"C:/Users/Brayan/AppData/Local/UnrealEngine/Common/DerivedDataCache/3/9/1/TEXTURE_E01F4250BECD420DA9CE63B5EECEC2C2_OODLE_AUTODXT_11_6A31DE234DFB45EFABB1__93BB83C4E541248CD7FAFA7998AB60ED8B8809B2.udd" 3640
"C:/Users/Brayan/AppData/Local/UnrealEngine/Common/DerivedDataCache/1/1/0/MATSM_0BA69734E4FD45E082FA4560DBE25454_PCD3D_SM5_8__BC5N_NOCCBN_NOIRIS_DEV_SL___D78BD8E2A97DB7B1CB3AFD806775F747172EE0E6.udd" 3641
"C:/Users/Brayan/AppData/Local/UnrealEngine/Common/DerivedDataCache/1/8/2/TEXTURE_E01F4250BECD420DA9CE63B5EECEC2C2_OODLE_AUTODXT_11_3281004342DEFDE78FF0__FF2871223AEB62D07CA2DC1E4B9C664BB423F16C.udd" 3642
"C:/Users/Brayan/AppData/Local/UnrealEngine/Common/DerivedDataCache/9/5/2/TEXTURE_E01F4250BECD420DA9CE63B5EECEC2C2_OODLE_AUTODXT_11_3281004342DEFDE78FF0__90D4DFADBF4D3CE41EC395931C892C32473D2C4D.udd" 3643
"C:/Users/Brayan/AppData/Local/UnrealEngine/Common/DerivedDataCache/1/3/2/TEXTURE_E01F4250BECD420DA9CE63B5EECEC2C2_OODLE_AUTODXT_11_3281004342DEFDE78FF0__6D74B1B739FF101FCAB26AEA2E21CB82F6C9190A.udd" 3644
"C:/Users/Brayan/AppData/Local/UnrealEngine/Common/DerivedDataCache/5/1/8/TEXTURE_E01F4250BECD420DA9CE63B5EECEC2C2_OODLE_AUTODXT_11_3281004342DEFDE78FF0__3DEB0EC879629147E14294099F139022F1E2234D.udd" 3645
"C:/Users/Brayan/AppData/Local/UnrealEngine/Common/DerivedDataCache/1/3/6/TEXTURE_E01F4250BECD420DA9CE63B5EECEC2C2_OODLE_AUTODXT_11_3281004342DEFDE78FF0__8E4E4B372B2D652AABA47761A83355AE6B6C3F21.udd" 3646
"C:/Users/Brayan/AppData/Local/UnrealEngine/Common/DerivedDataCache/6/2/4/TEXTURE_E01F4250BECD420DA9CE63B5EECEC2C2_OODLE_BC5_11_5A5E1B014426D88AA6A32BA5__0E6CF3E3994D24E97E8393C5BAD82FFF4B73701A.udd" 3647
"C:/Users/Brayan/AppData/Local/UnrealEngine/Common/DerivedDataCache/8/5/3/TEXTURE_E01F4250BECD420DA9CE63B5EECEC2C2_OODLE_BC5_11_5A5E1B014426D88AA6A32BA5__0AC57EBC453BE0BE042AA512D21DA228CEFA4C81.udd" 3648
"C:/Users/Brayan/AppData/Local/UnrealEngine/Common/DerivedDataCache/5/7/0/TEXTURE_E01F4250BECD420DA9CE63B5EECEC2C2_OODLE_BC5_11_5A5E1B014426D88AA6A32BA5__9DDB6C22611C268340511782B4AC95E156AA4264.udd" 3649
"C:/Users/Brayan/AppData/Local/UnrealEngine/Common/DerivedDataCache/4/1/2/TEXTURE_E01F4250BECD420DA9CE63B5EECEC2C2_OODLE_BC5_11_5A5E1B014426D88AA6A32BA5__B68FC1D7C37FC0777AC9517FF50A38AE53ECBFA6.udd" 3650
"C:/Users/Brayan/AppData/Local/UnrealEngine/Common/DerivedDataCache/4/5/9/TEXTURE_E01F4250BECD420DA9CE63B5EECEC2C2_OODLE_BC5_11_5A5E1B014426D88AA6A32BA5__E819B0220145EBCAB6FF0C57624E2281F5CB22E7.udd" 3651
"C:/Users/Brayan/AppData/Local/UnrealEngine/Common/DerivedDataCache/5/4/9/TEXTURE_E01F4250BECD420DA9CE63B5EECEC2C2_OODLE_AUTODXT_11_F784E58441D94A5B7299__7AB0BD33D56358DB365B43EFCB786506D2AB85EC.udd" 3652
"C:/Users/Brayan/AppData/Local/UnrealEngine/Common/DerivedDataCache/3/7/0/TEXTURE_E01F4250BECD420DA9CE63B5EECEC2C2_OODLE_AUTODXT_11_F784E58441D94A5B7299__B722B344A8F1DD0C093377619A5D33D854B93085.udd" 3653
"C:/Users/Brayan/AppData/Local/UnrealEngine/Common/DerivedDataCache/6/9/1/TEXTURE_E01F4250BECD420DA9CE63B5EECEC2C2_OODLE_AUTODXT_11_F784E58441D94A5B7299__2E61289632A57E888DF0B564F20BACF275927646.udd" 3654
"C:/Users/Brayan/AppData/Local/UnrealEngine/Common/DerivedDataCache/8/3/9/TEXTURE_E01F4250BECD420DA9CE63B5EECEC2C2_OODLE_AUTODXT_11_F784E58441D94A5B7299__A1A918D5F369C801F81A754CF2AFA5D16271E3BE.udd" 3655
"C:/Users/Brayan/AppData/Local/UnrealEngine/Common/DerivedDataCache/1/0/0/TEXTURE_E01F4250BECD420DA9CE63B5EECEC2C2_OODLE_AUTODXT_11_F784E58441D94A5B7299__21008EEC7F6221954B5D801CC4B59EE4EA70F531.udd" 3656
"C:/Users/Brayan/AppData/Local/UnrealEngine/Common/DerivedDataCache/8/0/9/MATSM_0BA69734E4FD45E082FA4560DBE25454_PCD3D_SM5_8__BC5N_NOCCBN_NOIRIS_DEV_SL___20429B444DC9B3627CFF2758EB80FA0C13D74042.udd" 3657
"C:/Users/Brayan/AppData/Local/UnrealEngine/Common/DerivedDataCache/3/7/2/TEXTURE_E01F4250BECD420DA9CE63B5EECEC2C2_OODLE_AUTODXT_11_852C18A343134FB84C22__F40E6C7E82CBF143FE5C826E9FA015D73ACE95CE.udd" 3658
"C:/Users/Brayan/AppData/Local/UnrealEngine/Common/DerivedDataCache/3/6/8/TEXTURE_E01F4250BECD420DA9CE63B5EECEC2C2_OODLE_AUTODXT_11_852C18A343134FB84C22__3F1417D6CA933ECBC823A4E780BF98B0EF61B985.udd" 3659
"C:/Users/Brayan/AppData/Local/UnrealEngine/Common/DerivedDataCache/9/8/4/TEXTURE_E01F4250BECD420DA9CE63B5EECEC2C2_OODLE_AUTODXT_11_852C18A343134FB84C22__9D9326E7202CB62C407C93B08A312D44D1F3DB25.udd" 3660
"C:/Users/Brayan/AppData/Local/UnrealEngine/Common/DerivedDataCache/6/1/2/TEXTURE_E01F4250BECD420DA9CE63B5EECEC2C2_OODLE_AUTODXT_11_852C18A343134FB84C22__8E24CF5AFC1D323C6655C26AAAA91BAC4D0AC9E9.udd" 3661
"C:/Users/Brayan/AppData/Local/UnrealEngine/Common/DerivedDataCache/2/0/5/TEXTURE_E01F4250BECD420DA9CE63B5EECEC2C2_OODLE_AUTODXT_11_852C18A343134FB84C22__CF39DA67CA8A110FD080AEC816340EA396536AEF.udd" 3662
"C:/Users/Brayan/AppData/Local/UnrealEngine/Common/DerivedDataCache/8/6/6/TEXTURE_E01F4250BECD420DA9CE63B5EECEC2C2_OODLE_BC5_11_F739BFE5444AF4285842BCA7__5377EEDF4BED52DAC8C50761F8CFADD6A86B0C2E.udd" 3663
"C:/Users/Brayan/AppData/Local/UnrealEngine/Common/DerivedDataCache/7/2/7/TEXTURE_E01F4250BECD420DA9CE63B5EECEC2C2_OODLE_BC5_11_F739BFE5444AF4285842BCA7__B3FA0A648D8D2B734D32ACB98D4F0529B4FDB12E.udd" 3664
"C:/Users/Brayan/AppData/Local/UnrealEngine/Common/DerivedDataCache/5/3/6/TEXTURE_E01F4250BECD420DA9CE63B5EECEC2C2_OODLE_BC5_11_F739BFE5444AF4285842BCA7__2D9AE8F907FE4FB48AA95584F58DEE73639FE3BB.udd" 3665
"C:/Users/Brayan/AppData/Local/UnrealEngine/Common/DerivedDataCache/3/1/8/TEXTURE_E01F4250BECD420DA9CE63B5EECEC2C2_OODLE_BC5_11_F739BFE5444AF4285842BCA7__C03EE7E49EAB233DB265AAAD27863706DD3F1BD8.udd" 3666
"C:/Users/Brayan/AppData/Local/UnrealEngine/Common/DerivedDataCache/5/8/4/TEXTURE_E01F4250BECD420DA9CE63B5EECEC2C2_OODLE_BC5_11_F739BFE5444AF4285842BCA7__00616CB4ADA90C4137A2C6AF55B065504B92C504.udd" 3667
"C:/Users/Brayan/AppData/Local/UnrealEngine/Common/DerivedDataCache/4/3/6/TEXTURE_E01F4250BECD420DA9CE63B5EECEC2C2_OODLE_AUTODXT_11_9B3721DC4CBBDD5AEE56__D8ACFEEEE5F72962A181FA4A5C937053F096F82F.udd" 3668
"C:/Users/Brayan/AppData/Local/UnrealEngine/Common/DerivedDataCache/3/9/2/TEXTURE_E01F4250BECD420DA9CE63B5EECEC2C2_OODLE_AUTODXT_11_9B3721DC4CBBDD5AEE56__D07B8944C599434CDC52A3ACDE313FABEB6275C7.udd" 3669
"C:/Users/Brayan/AppData/Local/UnrealEngine/Common/DerivedDataCache/9/7/4/TEXTURE_E01F4250BECD420DA9CE63B5EECEC2C2_OODLE_AUTODXT_11_9B3721DC4CBBDD5AEE56__C6F518F8A88E4AC453270AC09240616A37367C62.udd" 3670
"C:/Users/Brayan/AppData/Local/UnrealEngine/Common/DerivedDataCache/5/2/5/TEXTURE_E01F4250BECD420DA9CE63B5EECEC2C2_OODLE_AUTODXT_11_9B3721DC4CBBDD5AEE56__260A01A85C35E4393E3CA9033D41D549B6730BE1.udd" 3671
"C:/Users/Brayan/AppData/Local/UnrealEngine/Common/DerivedDataCache/8/8/2/TEXTURE_E01F4250BECD420DA9CE63B5EECEC2C2_OODLE_AUTODXT_11_9B3721DC4CBBDD5AEE56__B3ED92D376D3DB353D413F55125805B4892167FE.udd" 3672
"C:/Users/Brayan/AppData/Local/UnrealEngine/Common/DerivedDataCache/9/1/1/MATSM_0BA69734E4FD45E082FA4560DBE25454_PCD3D_SM5_8__BC5N_NOCCBN_NOIRIS_DEV_SL___011BB8A9E64EC39711E7F8D595495B1D9BA47400.udd" 3673
"C:/Users/Brayan/AppData/Local/UnrealEngine/Common/DerivedDataCache/5/6/2/TEXTURE_E01F4250BECD420DA9CE63B5EECEC2C2_OODLE_AUTODXT_11_F25393814D0C60B57628__EDA8E31B5C193650E21769426B7C74D7A7CE8106.udd" 3674
"C:/Users/Brayan/AppData/Local/UnrealEngine/Common/DerivedDataCache/5/3/2/TEXTURE_E01F4250BECD420DA9CE63B5EECEC2C2_OODLE_AUTODXT_11_F25393814D0C60B57628__B3F15C0991E8BE9C0F6E7AB13C6D363EBD5771DB.udd" 3675
"C:/Users/Brayan/AppData/Local/UnrealEngine/Common/DerivedDataCache/9/1/8/TEXTURE_E01F4250BECD420DA9CE63B5EECEC2C2_OODLE_AUTODXT_11_F25393814D0C60B57628__3C9E781ECB30BB88C3C4AA5F2728331D4F2E2957.udd" 3676
"C:/Users/Brayan/AppData/Local/UnrealEngine/Common/DerivedDataCache/1/4/8/TEXTURE_E01F4250BECD420DA9CE63B5EECEC2C2_OODLE_AUTODXT_11_F25393814D0C60B57628__E55A91B6F6DB8A2329A65480802917B89F01FBAD.udd" 3677
"C:/Users/Brayan/AppData/Local/UnrealEngine/Common/DerivedDataCache/6/9/9/TEXTURE_E01F4250BECD420DA9CE63B5EECEC2C2_OODLE_AUTODXT_11_F25393814D0C60B57628__AEACF4EDC7AEB0E710B67B7C576BB1C0CD16A615.udd" 3678
"C:/Users/Brayan/AppData/Local/UnrealEngine/Common/DerivedDataCache/6/5/0/TEXTURE_E01F4250BECD420DA9CE63B5EECEC2C2_OODLE_BC5_11_883DBB064FBA38F3EA44E9B1__DC446AC61B6644B8099474D13CE6D7731706B563.udd" 3679
"C:/Users/Brayan/AppData/Local/UnrealEngine/Common/DerivedDataCache/5/2/5/TEXTURE_E01F4250BECD420DA9CE63B5EECEC2C2_OODLE_BC5_11_883DBB064FBA38F3EA44E9B1__C37B4F0112595EA1BFA1BBBF1C05F80A9F7D7352.udd" 3680
"C:/Users/Brayan/AppData/Local/UnrealEngine/Common/DerivedDataCache/3/6/2/TEXTURE_E01F4250BECD420DA9CE63B5EECEC2C2_OODLE_BC5_11_883DBB064FBA38F3EA44E9B1__B7C5E33677B6878CE536F4064629DB21C175C335.udd" 3681
"C:/Users/Brayan/AppData/Local/UnrealEngine/Common/DerivedDataCache/5/3/7/TEXTURE_E01F4250BECD420DA9CE63B5EECEC2C2_OODLE_BC5_11_883DBB064FBA38F3EA44E9B1__146478E67E29E3ED893519B0F813241201CF29FE.udd" 3682
"C:/Users/Brayan/AppData/Local/UnrealEngine/Common/DerivedDataCache/9/6/0/TEXTURE_E01F4250BECD420DA9CE63B5EECEC2C2_OODLE_BC5_11_883DBB064FBA38F3EA44E9B1__EF2C3CE2C9452263E3EF63C9992D9E99E3EDEE46.udd" 3683
"C:/Users/Brayan/AppData/Local/UnrealEngine/Common/DerivedDataCache/1/2/2/TEXTURE_E01F4250BECD420DA9CE63B5EECEC2C2_OODLE_AUTODXT_11_5768D9C545E3A620E80F__EC4EEE065F8E344A751E308FC50DBF360EB29935.udd" 3684
"C:/Users/Brayan/AppData/Local/UnrealEngine/Common/DerivedDataCache/2/3/7/TEXTURE_E01F4250BECD420DA9CE63B5EECEC2C2_OODLE_AUTODXT_11_5768D9C545E3A620E80F__66123EC8BCB2E715992A061CBF8A386E535D620D.udd" 3685
"C:/Users/Brayan/AppData/Local/UnrealEngine/Common/DerivedDataCache/0/2/9/TEXTURE_E01F4250BECD420DA9CE63B5EECEC2C2_OODLE_AUTODXT_11_5768D9C545E3A620E80F__E5FC202B9785E882C8A8CAE4D5383A680C9BCC6B.udd" 3686
"C:/Users/Brayan/AppData/Local/UnrealEngine/Common/DerivedDataCache/5/6/3/TEXTURE_E01F4250BECD420DA9CE63B5EECEC2C2_OODLE_AUTODXT_11_5768D9C545E3A620E80F__01F43B16F88E37E1EFAF9A72B8BC6776285CEE4C.udd" 3687
"C:/Users/Brayan/AppData/Local/UnrealEngine/Common/DerivedDataCache/2/1/3/TEXTURE_E01F4250BECD420DA9CE63B5EECEC2C2_OODLE_AUTODXT_11_5768D9C545E3A620E80F__990C6CF49C418EBAC751A0B72805DED8954E9515.udd" 3688
"C:/Users/Brayan/AppData/Local/UnrealEngine/Common/DerivedDataCache/0/9/3/MATSM_0BA69734E4FD45E082FA4560DBE25454_PCD3D_SM5_8__BC5N_NOCCBN_NOIRIS_DEV_SL___87C63533EE6818ACB4B51483A9C4DCD5B2D72B48.udd" 3689
"C:/Users/Brayan/AppData/Local/UnrealEngine/Common/DerivedDataCache/5/1/5/TEXTURE_E01F4250BECD420DA9CE63B5EECEC2C2_OODLE_AUTODXT_11_12DF4904417E33920C7A__217A8B8DABAD0641B5D258F8AAC8844FFFC36915.udd" 3690
"C:/Users/Brayan/AppData/Local/UnrealEngine/Common/DerivedDataCache/1/7/0/TEXTURE_E01F4250BECD420DA9CE63B5EECEC2C2_OODLE_AUTODXT_11_12DF4904417E33920C7A__5634905F86D2F46B66B8D86678BA0B586C082BF0.udd" 3691
"C:/Users/Brayan/AppData/Local/UnrealEngine/Common/DerivedDataCache/4/1/9/TEXTURE_E01F4250BECD420DA9CE63B5EECEC2C2_OODLE_AUTODXT_11_12DF4904417E33920C7A__30FBAE88DE325027C5E624E6BCC0F2EB6A762DE9.udd" 3692
"C:/Users/Brayan/AppData/Local/UnrealEngine/Common/DerivedDataCache/5/0/3/TEXTURE_E01F4250BECD420DA9CE63B5EECEC2C2_OODLE_AUTODXT_11_12DF4904417E33920C7A__5444088901FC1F9AF719C6FAFB61967FA4399080.udd" 3693
"C:/Users/Brayan/AppData/Local/UnrealEngine/Common/DerivedDataCache/2/6/0/TEXTURE_E01F4250BECD420DA9CE63B5EECEC2C2_OODLE_AUTODXT_11_12DF4904417E33920C7A__6FC2312C33E4C0F7EDC03506498EBC8614DE6226.udd" 3694
"C:/Users/Brayan/AppData/Local/UnrealEngine/Common/DerivedDataCache/4/9/0/TEXTURE_E01F4250BECD420DA9CE63B5EECEC2C2_OODLE_BC5_11_25DCEF554C7D3BB184E18086__5BDF1A1CD03CF216C338A00B4F5B177130DAB9C6.udd" 3695
"C:/Users/Brayan/AppData/Local/UnrealEngine/Common/DerivedDataCache/1/9/0/TEXTURE_E01F4250BECD420DA9CE63B5EECEC2C2_OODLE_BC5_11_25DCEF554C7D3BB184E18086__D024BB1260ADE3B5457338C8AF4A4572D75CA1E8.udd" 3696
"C:/Users/Brayan/AppData/Local/UnrealEngine/Common/DerivedDataCache/2/7/0/TEXTURE_E01F4250BECD420DA9CE63B5EECEC2C2_OODLE_BC5_11_25DCEF554C7D3BB184E18086__AA6349FD814E4A47E31E673C7501C7B8C8186CD3.udd" 3697
"C:/Users/Brayan/AppData/Local/UnrealEngine/Common/DerivedDataCache/7/1/0/TEXTURE_E01F4250BECD420DA9CE63B5EECEC2C2_OODLE_BC5_11_25DCEF554C7D3BB184E18086__3CE6A0CAF133CE1C74F937D6257E577F07F26FFE.udd" 3698
"C:/Users/Brayan/AppData/Local/UnrealEngine/Common/DerivedDataCache/2/2/3/TEXTURE_E01F4250BECD420DA9CE63B5EECEC2C2_OODLE_BC5_11_25DCEF554C7D3BB184E18086__D1E177AB0FBDC1705C425A4075C50F0146D184A5.udd" 3699
"C:/Users/Brayan/AppData/Local/UnrealEngine/Common/DerivedDataCache/7/4/7/TEXTURE_E01F4250BECD420DA9CE63B5EECEC2C2_OODLE_AUTODXT_11_AF15EA55427E799D0746__EBA2483E958FCEC9C2B1F529F44BBDE97CC58B71.udd" 3700
"C:/Users/Brayan/AppData/Local/UnrealEngine/Common/DerivedDataCache/7/6/3/TEXTURE_E01F4250BECD420DA9CE63B5EECEC2C2_OODLE_AUTODXT_11_AF15EA55427E799D0746__8FAA6A42F8300F4933A168F5FCD6D4DC53AA5338.udd" 3701
"C:/Users/Brayan/AppData/Local/UnrealEngine/Common/DerivedDataCache/5/4/1/TEXTURE_E01F4250BECD420DA9CE63B5EECEC2C2_OODLE_AUTODXT_11_AF15EA55427E799D0746__FCA6B44684B4D5073A527EDCA2D7C8DDAA5A4A3A.udd" 3702
"C:/Users/Brayan/AppData/Local/UnrealEngine/Common/DerivedDataCache/9/7/9/TEXTURE_E01F4250BECD420DA9CE63B5EECEC2C2_OODLE_AUTODXT_11_AF15EA55427E799D0746__1213426304E7425ECE8A18DD06991833445D00D4.udd" 3703
"C:/Users/Brayan/AppData/Local/UnrealEngine/Common/DerivedDataCache/2/1/3/TEXTURE_E01F4250BECD420DA9CE63B5EECEC2C2_OODLE_AUTODXT_11_AF15EA55427E799D0746__AE0B61609987F2025A26B0EFF1FC6CBDE50D591C.udd" 3704
"C:/Users/Brayan/AppData/Local/UnrealEngine/Common/DerivedDataCache/6/3/1/MATSM_0BA69734E4FD45E082FA4560DBE25454_PCD3D_SM5_8__BC5N_NOCCBN_NOIRIS_DEV_SL___D6C53A0B7D1082809865213B28A2D67B2492D57B.udd" 3705
"C:/Users/Brayan/AppData/Local/UnrealEngine/Common/DerivedDataCache/8/0/5/TEXTURE_E01F4250BECD420DA9CE63B5EECEC2C2_OODLE_AUTODXT_11_39A9083C4B3257BA8632__B97A1366846364F30A8C1F474EF5A1CD4665DAFD.udd" 3706
"C:/Users/Brayan/AppData/Local/UnrealEngine/Common/DerivedDataCache/4/9/2/TEXTURE_E01F4250BECD420DA9CE63B5EECEC2C2_OODLE_AUTODXT_11_39A9083C4B3257BA8632__ECC37A71A044D4A6EA27B5155C5AC4A1011D91E9.udd" 3707
"C:/Users/Brayan/AppData/Local/UnrealEngine/Common/DerivedDataCache/6/9/3/TEXTURE_E01F4250BECD420DA9CE63B5EECEC2C2_OODLE_AUTODXT_11_39A9083C4B3257BA8632__47490978CC2C3CBF8D396485E5C8F5892F8B401E.udd" 3708
"C:/Users/Brayan/AppData/Local/UnrealEngine/Common/DerivedDataCache/8/0/2/TEXTURE_E01F4250BECD420DA9CE63B5EECEC2C2_OODLE_AUTODXT_11_39A9083C4B3257BA8632__FF8C5DB2EB1C2BE84FCC5B3222B554644DADF509.udd" 3709
"C:/Users/Brayan/AppData/Local/UnrealEngine/Common/DerivedDataCache/2/2/5/TEXTURE_E01F4250BECD420DA9CE63B5EECEC2C2_OODLE_AUTODXT_11_39A9083C4B3257BA8632__BAE6E84CC092041793563ECACC1A38392D86A5B6.udd" 3710
"C:/Users/Brayan/AppData/Local/UnrealEngine/Common/DerivedDataCache/7/3/2/TEXTURE_E01F4250BECD420DA9CE63B5EECEC2C2_OODLE_BC5_11_70ADE25743F82DA6C0E18B9D__F7A26D29C27DAEFE36FB8CBFE590B0FB54B61A97.udd" 3711
"C:/Users/Brayan/AppData/Local/UnrealEngine/Common/DerivedDataCache/8/0/7/TEXTURE_E01F4250BECD420DA9CE63B5EECEC2C2_OODLE_BC5_11_70ADE25743F82DA6C0E18B9D__135A34A57DB273F978F769DA2F692EC05EA78AA4.udd" 3712
"C:/Users/Brayan/AppData/Local/UnrealEngine/Common/DerivedDataCache/9/5/5/TEXTURE_E01F4250BECD420DA9CE63B5EECEC2C2_OODLE_BC5_11_70ADE25743F82DA6C0E18B9D__62ABEE1D48644C0799E14442E18C3D37DA43D0C6.udd" 3713
"C:/Users/Brayan/AppData/Local/UnrealEngine/Common/DerivedDataCache/3/5/7/TEXTURE_E01F4250BECD420DA9CE63B5EECEC2C2_OODLE_BC5_11_70ADE25743F82DA6C0E18B9D__AE297EF10ECF824266594C169FB776D28999F0E7.udd" 3714
"C:/Users/Brayan/AppData/Local/UnrealEngine/Common/DerivedDataCache/0/8/8/TEXTURE_E01F4250BECD420DA9CE63B5EECEC2C2_OODLE_BC5_11_70ADE25743F82DA6C0E18B9D__496BC9072A970D25B9FF006601B6D8D36C7A8C53.udd" 3715
"C:/Users/Brayan/AppData/Local/UnrealEngine/Common/DerivedDataCache/5/6/1/TEXTURE_E01F4250BECD420DA9CE63B5EECEC2C2_OODLE_AUTODXT_11_9C1565684AD8BD14A84D__F1B1BC260FA29DEE1DCC65DFBC49D491023D2176.udd" 3716
"C:/Users/Brayan/AppData/Local/UnrealEngine/Common/DerivedDataCache/4/8/9/TEXTURE_E01F4250BECD420DA9CE63B5EECEC2C2_OODLE_AUTODXT_11_9C1565684AD8BD14A84D__1D26D2776B25245D55761693744D32FA41B6DBFB.udd" 3717
"C:/Users/Brayan/AppData/Local/UnrealEngine/Common/DerivedDataCache/0/8/9/TEXTURE_E01F4250BECD420DA9CE63B5EECEC2C2_OODLE_AUTODXT_11_9C1565684AD8BD14A84D__22930B288F34CC7C19A6C043D3A806C4A10DD315.udd" 3718
"C:/Users/Brayan/AppData/Local/UnrealEngine/Common/DerivedDataCache/7/3/1/TEXTURE_E01F4250BECD420DA9CE63B5EECEC2C2_OODLE_AUTODXT_11_9C1565684AD8BD14A84D__A1BBDF7B55F01E7F6310234786B4617593A9F8B0.udd" 3719
"C:/Users/Brayan/AppData/Local/UnrealEngine/Common/DerivedDataCache/4/3/8/TEXTURE_E01F4250BECD420DA9CE63B5EECEC2C2_OODLE_AUTODXT_11_9C1565684AD8BD14A84D__2C09BFA13CD131DE21B3E0AEC796E740CBA133D7.udd" 3720
"C:/Users/Brayan/AppData/Local/UnrealEngine/Common/DerivedDataCache/9/0/7/MATSM_0BA69734E4FD45E082FA4560DBE25454_PCD3D_SM5_8__BC5N_NOCCBN_NOIRIS_DEV_SL___5EC34A145EAFCF8FFFA7EB2F21A26912016C938A.udd" 3721
"C:/Users/Brayan/AppData/Local/UnrealEngine/Common/DerivedDataCache/6/8/7/TEXTURE_E01F4250BECD420DA9CE63B5EECEC2C2_OODLE_AUTODXT_11_EB9646E747DB61F23D1A__D9D049E6FE0FF50973F28A8F1B1CBD4E3551617A.udd" 3722
"C:/Users/Brayan/AppData/Local/UnrealEngine/Common/DerivedDataCache/5/3/2/TEXTURE_E01F4250BECD420DA9CE63B5EECEC2C2_OODLE_AUTODXT_11_EB9646E747DB61F23D1A__3724E2817DACC821E3BAFAB3F6D66F4384F2DE75.udd" 3723
"C:/Users/Brayan/AppData/Local/UnrealEngine/Common/DerivedDataCache/9/7/6/TEXTURE_E01F4250BECD420DA9CE63B5EECEC2C2_OODLE_AUTODXT_11_EB9646E747DB61F23D1A__A4525897532477910C431523E5B28887BA5A1E62.udd" 3724
"C:/Users/Brayan/AppData/Local/UnrealEngine/Common/DerivedDataCache/9/8/8/TEXTURE_E01F4250BECD420DA9CE63B5EECEC2C2_OODLE_AUTODXT_11_EB9646E747DB61F23D1A__429F9F59BBFD6D8CBBDB236038CFF02DF3BB5049.udd" 3725
"C:/Users/Brayan/AppData/Local/UnrealEngine/Common/DerivedDataCache/1/2/0/TEXTURE_E01F4250BECD420DA9CE63B5EECEC2C2_OODLE_AUTODXT_11_EB9646E747DB61F23D1A__977ABC02479D272BD74D2F7786CB12FC19A0A649.udd" 3726
"C:/Users/Brayan/AppData/Local/UnrealEngine/Common/DerivedDataCache/5/7/8/TEXTURE_E01F4250BECD420DA9CE63B5EECEC2C2_OODLE_AUTODXT_11_EB9646E747DB61F23D1A__206764EA85AD775A8A554784DC69C9F792D2F0C2.udd" 3727
"C:/Users/Brayan/AppData/Local/UnrealEngine/Common/DerivedDataCache/0/4/3/TEXTURE_E01F4250BECD420DA9CE63B5EECEC2C2_OODLE_BC5_11_04A7D249489E1313E5301181__94E0DDFA37B965AD9595E0F9DBD519BC828C1A19.udd" 3728
"C:/Users/Brayan/AppData/Local/UnrealEngine/Common/DerivedDataCache/4/5/5/TEXTURE_E01F4250BECD420DA9CE63B5EECEC2C2_OODLE_BC5_11_04A7D249489E1313E5301181__18AD0C00CAD28C07BCA8D36CFF63368DAEF27D87.udd" 3729
"C:/Users/Brayan/AppData/Local/UnrealEngine/Common/DerivedDataCache/8/9/3/TEXTURE_E01F4250BECD420DA9CE63B5EECEC2C2_OODLE_BC5_11_04A7D249489E1313E5301181__19A58C622517954D09F34E0A24DF027E76AF4378.udd" 3730
"C:/Users/Brayan/AppData/Local/UnrealEngine/Common/DerivedDataCache/6/7/0/TEXTURE_E01F4250BECD420DA9CE63B5EECEC2C2_OODLE_BC5_11_04A7D249489E1313E5301181__93D52DBCEE758E38CF4D188157554381098FD795.udd" 3731
"C:/Users/Brayan/AppData/Local/UnrealEngine/Common/DerivedDataCache/9/4/5/TEXTURE_E01F4250BECD420DA9CE63B5EECEC2C2_OODLE_BC5_11_04A7D249489E1313E5301181__C03A24D1DDEC4064D6E8E9A7AFE1321C3AA7A744.udd" 3732
"C:/Users/Brayan/AppData/Local/UnrealEngine/Common/DerivedDataCache/5/8/5/TEXTURE_E01F4250BECD420DA9CE63B5EECEC2C2_OODLE_BC5_11_04A7D249489E1313E5301181__266C72ED61866E2468CE6B1D0A70ABCBBD348B81.udd" 3733
"C:/Users/Brayan/AppData/Local/UnrealEngine/Common/DerivedDataCache/1/1/3/TEXTURE_E01F4250BECD420DA9CE63B5EECEC2C2_OODLE_AUTODXT_11_A67CB9D8491E61462F6D__ED7632EC66C0E80C4D13B03E867CD117B74B47EB.udd" 3734
"C:/Users/Brayan/AppData/Local/UnrealEngine/Common/DerivedDataCache/0/9/9/TEXTURE_E01F4250BECD420DA9CE63B5EECEC2C2_OODLE_AUTODXT_11_A67CB9D8491E61462F6D__9B4BF38ECBE57722CDACF66EAD8811D478145320.udd" 3735
"C:/Users/Brayan/AppData/Local/UnrealEngine/Common/DerivedDataCache/3/8/8/TEXTURE_E01F4250BECD420DA9CE63B5EECEC2C2_OODLE_AUTODXT_11_A67CB9D8491E61462F6D__4AD829F1DD4A4242C8FDBBA69E169CAF4870713B.udd" 3736
"C:/Users/Brayan/AppData/Local/UnrealEngine/Common/DerivedDataCache/2/1/5/TEXTURE_E01F4250BECD420DA9CE63B5EECEC2C2_OODLE_AUTODXT_11_A67CB9D8491E61462F6D__3FEA0E0B522BED021FF5F49FD8BA0815A0C4C66C.udd" 3737
"C:/Users/Brayan/AppData/Local/UnrealEngine/Common/DerivedDataCache/2/3/5/TEXTURE_E01F4250BECD420DA9CE63B5EECEC2C2_OODLE_AUTODXT_11_A67CB9D8491E61462F6D__BEDE2CD28A36354B3EAA4B33B01A3BEAC2CB41E9.udd" 3738
"C:/Users/Brayan/AppData/Local/UnrealEngine/Common/DerivedDataCache/2/5/5/TEXTURE_E01F4250BECD420DA9CE63B5EECEC2C2_OODLE_AUTODXT_11_A67CB9D8491E61462F6D__35D80ED57D52CD09B0C2BF2A0894A31F528F48AB.udd" 3739
"C:/Users/Brayan/AppData/Local/UnrealEngine/Common/DerivedDataCache/9/7/0/MATSM_0BA69734E4FD45E082FA4560DBE25454_PCD3D_SM5_8__BC5N_NOCCBN_NOIRIS_DEV_SL___810C248FCECB9B1B96DA286CF73619B940931EE7.udd" 3740
"C:/Users/Brayan/AppData/Local/UnrealEngine/Common/DerivedDataCache/5/1/0/TEXTURE_E01F4250BECD420DA9CE63B5EECEC2C2_OODLE_AUTODXT_11_AE24AC9C4E09A81BB396__EA1137D0C20D3D02F39B57414CDDFFC8CCB5AE8C.udd" 3741
"C:/Users/Brayan/AppData/Local/UnrealEngine/Common/DerivedDataCache/5/8/8/TEXTURE_E01F4250BECD420DA9CE63B5EECEC2C2_OODLE_AUTODXT_11_AE24AC9C4E09A81BB396__BBD589340B5DDEC775491CEAB08DD487B351C35A.udd" 3742
"C:/Users/Brayan/AppData/Local/UnrealEngine/Common/DerivedDataCache/1/5/9/TEXTURE_E01F4250BECD420DA9CE63B5EECEC2C2_OODLE_AUTODXT_11_AE24AC9C4E09A81BB396__9227C1455614A432A437B9ED54E98330BF7E9B2B.udd" 3743
"C:/Users/Brayan/AppData/Local/UnrealEngine/Common/DerivedDataCache/9/2/6/TEXTURE_E01F4250BECD420DA9CE63B5EECEC2C2_OODLE_AUTODXT_11_AE24AC9C4E09A81BB396__7F3FC903F6768644822900B63AD713A62596608E.udd" 3744
"C:/Users/Brayan/AppData/Local/UnrealEngine/Common/DerivedDataCache/3/4/9/TEXTURE_E01F4250BECD420DA9CE63B5EECEC2C2_OODLE_AUTODXT_11_AE24AC9C4E09A81BB396__D8FAC2E3FD52D374A08020119FBB7C9F20F59C32.udd" 3745
"C:/Users/Brayan/AppData/Local/UnrealEngine/Common/DerivedDataCache/5/1/2/TEXTURE_E01F4250BECD420DA9CE63B5EECEC2C2_OODLE_BC5_11_21D8624849A78B187423448F__3C57DF83CAAE40ED2B81013F28C80768B98DE713.udd" 3746
"C:/Users/Brayan/AppData/Local/UnrealEngine/Common/DerivedDataCache/0/7/3/TEXTURE_E01F4250BECD420DA9CE63B5EECEC2C2_OODLE_BC5_11_21D8624849A78B187423448F__364C7DD77BD2EE8E33C0E4396E0286D820DF49F3.udd" 3747
"C:/Users/Brayan/AppData/Local/UnrealEngine/Common/DerivedDataCache/7/1/8/TEXTURE_E01F4250BECD420DA9CE63B5EECEC2C2_OODLE_BC5_11_21D8624849A78B187423448F__0A2D7D55330F08B8E1E5DD6FD29969CCBF263491.udd" 3748
"C:/Users/Brayan/AppData/Local/UnrealEngine/Common/DerivedDataCache/1/7/0/TEXTURE_E01F4250BECD420DA9CE63B5EECEC2C2_OODLE_BC5_11_21D8624849A78B187423448F__A42D4F3F5A46B19602132DB5DBE4C9039DD09EB9.udd" 3749
"C:/Users/Brayan/AppData/Local/UnrealEngine/Common/DerivedDataCache/9/1/3/TEXTURE_E01F4250BECD420DA9CE63B5EECEC2C2_OODLE_BC5_11_21D8624849A78B187423448F__15202CA59CBC348A86AD1CD1F4C5F7C908BAECDE.udd" 3750
"C:/Users/Brayan/AppData/Local/UnrealEngine/Common/DerivedDataCache/3/9/4/TEXTURE_E01F4250BECD420DA9CE63B5EECEC2C2_OODLE_AUTODXT_11_42BC68114419B5483D5A__1BD02120581CC316167A503E4C8C9B54549D07A1.udd" 3751
"C:/Users/Brayan/AppData/Local/UnrealEngine/Common/DerivedDataCache/0/6/5/TEXTURE_E01F4250BECD420DA9CE63B5EECEC2C2_OODLE_AUTODXT_11_42BC68114419B5483D5A__F3E8EAAB3C63D14B73E0312A63207487A5DC1755.udd" 3752
"C:/Users/Brayan/AppData/Local/UnrealEngine/Common/DerivedDataCache/1/6/7/TEXTURE_E01F4250BECD420DA9CE63B5EECEC2C2_OODLE_AUTODXT_11_42BC68114419B5483D5A__4B75899185DAB7FCDEFC5ECDE25132F87EFC24BC.udd" 3753
"C:/Users/Brayan/AppData/Local/UnrealEngine/Common/DerivedDataCache/1/2/3/TEXTURE_E01F4250BECD420DA9CE63B5EECEC2C2_OODLE_AUTODXT_11_42BC68114419B5483D5A__76B3896CA6D877916F707BBC8E72841CBB6CBFC9.udd" 3754
"C:/Users/Brayan/AppData/Local/UnrealEngine/Common/DerivedDataCache/7/4/5/TEXTURE_E01F4250BECD420DA9CE63B5EECEC2C2_OODLE_AUTODXT_11_42BC68114419B5483D5A__40EB78632ED3934AB138969344776692F7A5AFA3.udd" 3755
"C:/Users/Brayan/AppData/Local/UnrealEngine/Common/DerivedDataCache/7/7/4/MATSM_0BA69734E4FD45E082FA4560DBE25454_PCD3D_SM5_8__BC5N_NOCCBN_NOIRIS_DEV_SL___B75B88761283355812207E62780D5E4F536478CD.udd" 3756
"C:/Users/Brayan/AppData/Local/UnrealEngine/Common/DerivedDataCache/9/9/2/TEXTURE_E01F4250BECD420DA9CE63B5EECEC2C2_OODLE_AUTODXT_11_9A6D16C4455B54BC471C__D0BF99E9D43A993F320E6BD9AA6CED20C629BCF2.udd" 3757
"C:/Users/Brayan/AppData/Local/UnrealEngine/Common/DerivedDataCache/3/4/6/TEXTURE_E01F4250BECD420DA9CE63B5EECEC2C2_OODLE_AUTODXT_11_9A6D16C4455B54BC471C__FEC8CA64AAA31AC57B92D74A451C89C9831CDA4F.udd" 3758
"C:/Users/Brayan/AppData/Local/UnrealEngine/Common/DerivedDataCache/1/4/6/TEXTURE_E01F4250BECD420DA9CE63B5EECEC2C2_OODLE_AUTODXT_11_9A6D16C4455B54BC471C__818AADE38009E82BFA4FDDE684FBC295BBAD66BE.udd" 3759
"C:/Users/Brayan/AppData/Local/UnrealEngine/Common/DerivedDataCache/1/1/8/TEXTURE_E01F4250BECD420DA9CE63B5EECEC2C2_OODLE_AUTODXT_11_9A6D16C4455B54BC471C__F4F0F9157C756FDD5C5141D0C69C3DA661759462.udd" 3760
"C:/Users/Brayan/AppData/Local/UnrealEngine/Common/DerivedDataCache/2/1/6/TEXTURE_E01F4250BECD420DA9CE63B5EECEC2C2_OODLE_AUTODXT_11_9A6D16C4455B54BC471C__95537FD0092053E2B03DC90F65FFFC522A9DB2BF.udd" 3761
"C:/Users/Brayan/AppData/Local/UnrealEngine/Common/DerivedDataCache/9/3/7/TEXTURE_E01F4250BECD420DA9CE63B5EECEC2C2_OODLE_AUTODXT_11_9A6D16C4455B54BC471C__0BE4BADF00313620DDA5DE7A26EEE04CADD10FB8.udd" 3762
"C:/Users/Brayan/AppData/Local/UnrealEngine/Common/DerivedDataCache/0/9/2/TEXTURE_E01F4250BECD420DA9CE63B5EECEC2C2_OODLE_AUTODXT_11_882A82EA427E0CCDCC14__3DE886D8B7364E71FB468E1C6B143A98E926ECB3.udd" 3763
"C:/Users/Brayan/AppData/Local/UnrealEngine/Common/DerivedDataCache/9/5/1/TEXTURE_E01F4250BECD420DA9CE63B5EECEC2C2_OODLE_AUTODXT_11_882A82EA427E0CCDCC14__5D3F48504612FA7BD999FBC1782899AC2EC67D77.udd" 3764
"C:/Users/Brayan/AppData/Local/UnrealEngine/Common/DerivedDataCache/7/8/6/TEXTURE_E01F4250BECD420DA9CE63B5EECEC2C2_OODLE_AUTODXT_11_882A82EA427E0CCDCC14__8A62C1094671FC0AA4A95EE4E541D13C88D4BC43.udd" 3765
"C:/Users/Brayan/AppData/Local/UnrealEngine/Common/DerivedDataCache/1/6/7/TEXTURE_E01F4250BECD420DA9CE63B5EECEC2C2_OODLE_AUTODXT_11_882A82EA427E0CCDCC14__3B59D560F4EBA5839CBD082278C44699C71D2A10.udd" 3766
"C:/Users/Brayan/AppData/Local/UnrealEngine/Common/DerivedDataCache/9/7/3/TEXTURE_E01F4250BECD420DA9CE63B5EECEC2C2_OODLE_AUTODXT_11_882A82EA427E0CCDCC14__702CCEE4F042A085D6CACE795178491388CE6411.udd" 3767
"C:/Users/Brayan/AppData/Local/UnrealEngine/Common/DerivedDataCache/5/3/4/TEXTURE_E01F4250BECD420DA9CE63B5EECEC2C2_OODLE_AUTODXT_11_882A82EA427E0CCDCC14__8841CCD37A38AF4B489D0E742FE485D2F010D90D.udd" 3768
"C:/Users/Brayan/AppData/Local/UnrealEngine/Common/DerivedDataCache/7/6/1/TEXTURE_E01F4250BECD420DA9CE63B5EECEC2C2_OODLE_AUTODXT_11_FFCCFDF54488705AB78B__53D500EF469C50C66DD77E0FC40B3B859AF93EF4.udd" 3769
"C:/Users/Brayan/AppData/Local/UnrealEngine/Common/DerivedDataCache/1/3/0/TEXTURE_E01F4250BECD420DA9CE63B5EECEC2C2_OODLE_AUTODXT_11_FFCCFDF54488705AB78B__534ACAC0AA9683F0F29452505943A470383CB6AC.udd" 3770
"C:/Users/Brayan/AppData/Local/UnrealEngine/Common/DerivedDataCache/7/5/3/TEXTURE_E01F4250BECD420DA9CE63B5EECEC2C2_OODLE_AUTODXT_11_FFCCFDF54488705AB78B__57BD4D83170C1157B31D26771240ECFC5C1586A4.udd" 3771
"C:/Users/Brayan/AppData/Local/UnrealEngine/Common/DerivedDataCache/3/3/9/TEXTURE_E01F4250BECD420DA9CE63B5EECEC2C2_OODLE_AUTODXT_11_FFCCFDF54488705AB78B__CF2A22FCC4525294D4F379024E72856808464961.udd" 3772
"C:/Users/Brayan/AppData/Local/UnrealEngine/Common/DerivedDataCache/9/9/4/TEXTURE_E01F4250BECD420DA9CE63B5EECEC2C2_OODLE_AUTODXT_11_FFCCFDF54488705AB78B__E9C4FD2D1CE3C15FF90F85F900141009228058D2.udd" 3773
"C:/Users/Brayan/AppData/Local/UnrealEngine/Common/DerivedDataCache/0/9/7/TEXTURE_E01F4250BECD420DA9CE63B5EECEC2C2_OODLE_AUTODXT_11_FFCCFDF54488705AB78B__59147049D6FD71A46E8F9F88C6274AD7F743D083.udd" 3774
"C:/Users/Brayan/AppData/Local/UnrealEngine/Common/DerivedDataCache/2/7/9/MATSM_0BA69734E4FD45E082FA4560DBE25454_PCD3D_SM5_8__BC5N_NOCCBN_NOIRIS_DEV_SL___F2F03A46F6E14D6E480F396513106057B01D5051.udd" 3775
"C:/Users/Brayan/AppData/Local/UnrealEngine/Common/DerivedDataCache/1/9/0/TEXTURE_E01F4250BECD420DA9CE63B5EECEC2C2_OODLE_AUTODXT_11_BE6AFDDF4FC8B0FF88AE__D60BB3DA0FAD3DD5BC10945ED868BB5D8DB65321.udd" 3776
"C:/Users/Brayan/AppData/Local/UnrealEngine/Common/DerivedDataCache/8/8/8/TEXTURE_E01F4250BECD420DA9CE63B5EECEC2C2_OODLE_AUTODXT_11_BE6AFDDF4FC8B0FF88AE__149D30E790AA30CDB1667FBA0E89071283369520.udd" 3777
"C:/Users/Brayan/AppData/Local/UnrealEngine/Common/DerivedDataCache/0/3/1/TEXTURE_E01F4250BECD420DA9CE63B5EECEC2C2_OODLE_AUTODXT_11_BE6AFDDF4FC8B0FF88AE__B33E6DE1F88AD7CFD5F180F885AC30DA6683CC49.udd" 3778
"C:/Users/Brayan/AppData/Local/UnrealEngine/Common/DerivedDataCache/9/4/8/TEXTURE_E01F4250BECD420DA9CE63B5EECEC2C2_OODLE_AUTODXT_11_BE6AFDDF4FC8B0FF88AE__E743E05F02B4C5373F1E062BE882A32DAABB090B.udd" 3779
"C:/Users/Brayan/AppData/Local/UnrealEngine/Common/DerivedDataCache/7/6/3/TEXTURE_E01F4250BECD420DA9CE63B5EECEC2C2_OODLE_AUTODXT_11_BE6AFDDF4FC8B0FF88AE__209D0E424DC18B8234AE844C64EDB4F3184330BA.udd" 3780
"C:/Users/Brayan/AppData/Local/UnrealEngine/Common/DerivedDataCache/2/9/1/MATSM_0BA69734E4FD45E082FA4560DBE25454_PCD3D_SM5_8__BC5N_NOCCBN_NOIRIS_DEV_SL___A20C31C59B0A5370A6D49FDD4B2EEEF2CFB947C5.udd" 3781
"C:/Users/Brayan/AppData/Local/UnrealEngine/Common/DerivedDataCache/3/8/6/TEXTURE_E01F4250BECD420DA9CE63B5EECEC2C2_OODLE_AUTODXT_11_5B1B495A42FEDFA8B750__99C2856B8B4C390FA7282F9A55C188761539E15B.udd" 3782
"C:/Users/Brayan/AppData/Local/UnrealEngine/Common/DerivedDataCache/4/9/9/TEXTURE_E01F4250BECD420DA9CE63B5EECEC2C2_OODLE_AUTODXT_11_5B1B495A42FEDFA8B750__D10DBF6CD545870B24B187BC9C46E3CADAE0C983.udd" 3783
"C:/Users/Brayan/AppData/Local/UnrealEngine/Common/DerivedDataCache/1/9/2/TEXTURE_E01F4250BECD420DA9CE63B5EECEC2C2_OODLE_AUTODXT_11_5B1B495A42FEDFA8B750__94B55BE8E4392D75472970B304C01ADCDFBEC1D2.udd" 3784
"C:/Users/Brayan/AppData/Local/UnrealEngine/Common/DerivedDataCache/9/9/5/TEXTURE_E01F4250BECD420DA9CE63B5EECEC2C2_OODLE_AUTODXT_11_5B1B495A42FEDFA8B750__E41573635AA8737A1376F7BAEB1AB048E81B4BF7.udd" 3785
"C:/Users/Brayan/AppData/Local/UnrealEngine/Common/DerivedDataCache/2/3/8/TEXTURE_E01F4250BECD420DA9CE63B5EECEC2C2_OODLE_AUTODXT_11_5B1B495A42FEDFA8B750__7A20D794931677F6CB22186D93DBBE9E5D93CD44.udd" 3786
"C:/Users/Brayan/AppData/Local/UnrealEngine/Common/DerivedDataCache/9/8/7/TEXTURE_E01F4250BECD420DA9CE63B5EECEC2C2_OODLE_BC5_11_537F18D64365DB75D28F12AD__CA7085B69CEB83A1EF62CF15D5FAF574284027CC.udd" 3787
"C:/Users/Brayan/AppData/Local/UnrealEngine/Common/DerivedDataCache/1/1/6/TEXTURE_E01F4250BECD420DA9CE63B5EECEC2C2_OODLE_BC5_11_537F18D64365DB75D28F12AD__6F7A7C7E766D73603BD8C4832499B816457360FA.udd" 3788
"C:/Users/Brayan/AppData/Local/UnrealEngine/Common/DerivedDataCache/1/5/8/TEXTURE_E01F4250BECD420DA9CE63B5EECEC2C2_OODLE_BC5_11_537F18D64365DB75D28F12AD__85CF569B24ABEDC7D7CFDA147129ABDEE5AACD65.udd" 3789
"C:/Users/Brayan/AppData/Local/UnrealEngine/Common/DerivedDataCache/3/5/3/TEXTURE_E01F4250BECD420DA9CE63B5EECEC2C2_OODLE_BC5_11_537F18D64365DB75D28F12AD__5556736A25E756C7BBDB65659D95570BF1055BCF.udd" 3790
"C:/Users/Brayan/AppData/Local/UnrealEngine/Common/DerivedDataCache/8/1/5/TEXTURE_E01F4250BECD420DA9CE63B5EECEC2C2_OODLE_BC5_11_537F18D64365DB75D28F12AD__A4AF69D64E55B2EB67BD2C9F81F9FA832904896F.udd" 3791
"C:/Users/Brayan/AppData/Local/UnrealEngine/Common/DerivedDataCache/6/0/3/TEXTURE_E01F4250BECD420DA9CE63B5EECEC2C2_OODLE_AUTODXT_11_18B73B22419F78F9121E__6D5A691E8837D56D1AA61850B83ABD9AF68BA08D.udd" 3792
"C:/Users/Brayan/AppData/Local/UnrealEngine/Common/DerivedDataCache/6/6/7/TEXTURE_E01F4250BECD420DA9CE63B5EECEC2C2_OODLE_AUTODXT_11_18B73B22419F78F9121E__7A4593A636EBABC97DB7D512DE69ABF642EFAC2B.udd" 3793
"C:/Users/Brayan/AppData/Local/UnrealEngine/Common/DerivedDataCache/7/6/3/TEXTURE_E01F4250BECD420DA9CE63B5EECEC2C2_OODLE_AUTODXT_11_18B73B22419F78F9121E__586AFA19366398D489CA0CF450CBA8FF19718828.udd" 3794
"C:/Users/Brayan/AppData/Local/UnrealEngine/Common/DerivedDataCache/2/1/3/TEXTURE_E01F4250BECD420DA9CE63B5EECEC2C2_OODLE_AUTODXT_11_18B73B22419F78F9121E__56E1A9587228EFAEDFD3FA7F86DD73BB6BD1F191.udd" 3795
"C:/Users/Brayan/AppData/Local/UnrealEngine/Common/DerivedDataCache/4/9/7/TEXTURE_E01F4250BECD420DA9CE63B5EECEC2C2_OODLE_AUTODXT_11_18B73B22419F78F9121E__E660CA5B1A139AA076B8748B60556EB3B46A9A29.udd" 3796
"C:/Users/Brayan/AppData/Local/UnrealEngine/Common/DerivedDataCache/0/0/4/MATSM_0BA69734E4FD45E082FA4560DBE25454_PCD3D_SM5_8__BC5N_NOCCBN_NOIRIS_DEV_SL___D12FC973A15A7348385BF3A723EEBCF8B3303B7F.udd" 3797
"C:/Users/Brayan/AppData/Local/UnrealEngine/Common/DerivedDataCache/2/6/7/TEXTURE_E01F4250BECD420DA9CE63B5EECEC2C2_OODLE_AUTODXT_11_01AE430148F5EC114646__090D3A7B48304F06276F4044DD3546772D858A0A.udd" 3798
"C:/Users/Brayan/AppData/Local/UnrealEngine/Common/DerivedDataCache/3/4/6/TEXTURE_E01F4250BECD420DA9CE63B5EECEC2C2_OODLE_AUTODXT_11_01AE430148F5EC114646__58B95E4E726054166600F7FEC40675ADC38B201C.udd" 3799
"C:/Users/Brayan/AppData/Local/UnrealEngine/Common/DerivedDataCache/6/9/6/TEXTURE_E01F4250BECD420DA9CE63B5EECEC2C2_OODLE_AUTODXT_11_01AE430148F5EC114646__8405D11F46B7D039C11ABA9DF86241CF3EC6B6C0.udd" 3800
"C:/Users/Brayan/AppData/Local/UnrealEngine/Common/DerivedDataCache/4/1/7/TEXTURE_E01F4250BECD420DA9CE63B5EECEC2C2_OODLE_AUTODXT_11_01AE430148F5EC114646__86C31601E89621790A44B6FD951042A74923EA6A.udd" 3801
"C:/Users/Brayan/AppData/Local/UnrealEngine/Common/DerivedDataCache/0/0/5/TEXTURE_E01F4250BECD420DA9CE63B5EECEC2C2_OODLE_AUTODXT_11_01AE430148F5EC114646__2436A780129E6BF11C2C73418C222DA469DBA7E7.udd" 3802
"C:/Users/Brayan/AppData/Local/UnrealEngine/Common/DerivedDataCache/4/2/0/TEXTURE_E01F4250BECD420DA9CE63B5EECEC2C2_OODLE_AUTODXT_11_01AE430148F5EC114646__487FD7C6160DDD18050F448B884B347100B94DEA.udd" 3803
"C:/Users/Brayan/AppData/Local/UnrealEngine/Common/DerivedDataCache/3/3/9/TEXTURE_E01F4250BECD420DA9CE63B5EECEC2C2_OODLE_BC5_11_AA6C43734AEDEF7DA8F7BF92__DE4093A46BCBDDAB6C59FA51F3D38AFCA94994ED.udd" 3804
"C:/Users/Brayan/AppData/Local/UnrealEngine/Common/DerivedDataCache/5/6/4/TEXTURE_E01F4250BECD420DA9CE63B5EECEC2C2_OODLE_BC5_11_AA6C43734AEDEF7DA8F7BF92__E77DBBA66CA7D833FA1C92D61CFFFC7376D9C365.udd" 3805
"C:/Users/Brayan/AppData/Local/UnrealEngine/Common/DerivedDataCache/2/3/4/TEXTURE_E01F4250BECD420DA9CE63B5EECEC2C2_OODLE_BC5_11_AA6C43734AEDEF7DA8F7BF92__2A636809C9CE5E9D8B9D63EAA856FE24BA93D341.udd" 3806
"C:/Users/Brayan/AppData/Local/UnrealEngine/Common/DerivedDataCache/7/4/8/TEXTURE_E01F4250BECD420DA9CE63B5EECEC2C2_OODLE_BC5_11_AA6C43734AEDEF7DA8F7BF92__E96F8000BBE6D8576038523CB4A2CF539F4C1318.udd" 3807
"C:/Users/Brayan/AppData/Local/UnrealEngine/Common/DerivedDataCache/5/3/8/TEXTURE_E01F4250BECD420DA9CE63B5EECEC2C2_OODLE_BC5_11_AA6C43734AEDEF7DA8F7BF92__82CE8D54EF0239DE60850AB220A991E454283A4E.udd" 3808
"C:/Users/Brayan/AppData/Local/UnrealEngine/Common/DerivedDataCache/9/7/6/TEXTURE_E01F4250BECD420DA9CE63B5EECEC2C2_OODLE_BC5_11_AA6C43734AEDEF7DA8F7BF92__94F606C55F474BE18FEDA28A51AAED3D1C4E8265.udd" 3809
"C:/Users/Brayan/AppData/Local/UnrealEngine/Common/DerivedDataCache/2/2/8/TEXTURE_E01F4250BECD420DA9CE63B5EECEC2C2_OODLE_AUTODXT_11_FD03B8FB44865B5650D1__9F6918356B97522489EE0E64F245AD37750A2642.udd" 3810
"C:/Users/Brayan/AppData/Local/UnrealEngine/Common/DerivedDataCache/1/6/9/TEXTURE_E01F4250BECD420DA9CE63B5EECEC2C2_OODLE_AUTODXT_11_FD03B8FB44865B5650D1__B8855A8DB274A5B0A9E573AE30AA263C8142CBC4.udd" 3811
"C:/Users/Brayan/AppData/Local/UnrealEngine/Common/DerivedDataCache/6/1/6/TEXTURE_E01F4250BECD420DA9CE63B5EECEC2C2_OODLE_AUTODXT_11_FD03B8FB44865B5650D1__3905D0C116B48CDA2620E5E2331B0A6727FE8E4F.udd" 3812
"C:/Users/Brayan/AppData/Local/UnrealEngine/Common/DerivedDataCache/1/0/6/TEXTURE_E01F4250BECD420DA9CE63B5EECEC2C2_OODLE_AUTODXT_11_FD03B8FB44865B5650D1__DB13502F33CD22074B32832BF1D2FF283965B445.udd" 3813
"C:/Users/Brayan/AppData/Local/UnrealEngine/Common/DerivedDataCache/2/1/4/TEXTURE_E01F4250BECD420DA9CE63B5EECEC2C2_OODLE_AUTODXT_11_FD03B8FB44865B5650D1__AE44D919F265BD33526343A971DAC2E4DA424D29.udd" 3814
"C:/Users/Brayan/AppData/Local/UnrealEngine/Common/DerivedDataCache/1/6/0/TEXTURE_E01F4250BECD420DA9CE63B5EECEC2C2_OODLE_AUTODXT_11_FD03B8FB44865B5650D1__8CDD7D52B37B124EB2FD39D900F47D8CFB19CC06.udd" 3815
"C:/Users/Brayan/AppData/Local/UnrealEngine/Common/DerivedDataCache/5/7/2/MATSM_0BA69734E4FD45E082FA4560DBE25454_PCD3D_SM5_8__BC5N_NOCCBN_NOIRIS_DEV_SL___054726F7A6F751D2E9AF5A01C07D32CB9F6EFCBF.udd" 3816
"C:/Users/Brayan/AppData/Local/UnrealEngine/Common/DerivedDataCache/5/7/1/TEXTURE_E01F4250BECD420DA9CE63B5EECEC2C2_OODLE_AUTODXT_11_E231212647937230F75A__966B238AEED31DA54534FB4B814DE7CA1005F8E3.udd" 3817
"C:/Users/Brayan/AppData/Local/UnrealEngine/Common/DerivedDataCache/4/8/7/TEXTURE_E01F4250BECD420DA9CE63B5EECEC2C2_OODLE_AUTODXT_11_E231212647937230F75A__7286CEB65FE3CF1C701B596FAF15BA1887271FED.udd" 3818
"C:/Users/Brayan/AppData/Local/UnrealEngine/Common/DerivedDataCache/1/7/4/TEXTURE_E01F4250BECD420DA9CE63B5EECEC2C2_OODLE_AUTODXT_11_E231212647937230F75A__D836B4E88DF90AD798721ABBEE3D13BF8EB9EB12.udd" 3819
"C:/Users/Brayan/AppData/Local/UnrealEngine/Common/DerivedDataCache/1/7/9/TEXTURE_E01F4250BECD420DA9CE63B5EECEC2C2_OODLE_AUTODXT_11_E231212647937230F75A__C72E32AB412C069BFCEBCBCBF095FE11F1A9E4D7.udd" 3820
"C:/Users/Brayan/AppData/Local/UnrealEngine/Common/DerivedDataCache/7/8/6/TEXTURE_E01F4250BECD420DA9CE63B5EECEC2C2_OODLE_BC5_11_AEB5025A480A3C3EE4305AA4__89834EC07C1C058A248BEDF7615FC5B342EA36F0.udd" 3821
"C:/Users/Brayan/AppData/Local/UnrealEngine/Common/DerivedDataCache/3/2/1/TEXTURE_E01F4250BECD420DA9CE63B5EECEC2C2_OODLE_BC5_11_AEB5025A480A3C3EE4305AA4__08EB8ED723FA98354B1D7339F29387F2F6164AEC.udd" 3822
"C:/Users/Brayan/AppData/Local/UnrealEngine/Common/DerivedDataCache/6/7/8/TEXTURE_E01F4250BECD420DA9CE63B5EECEC2C2_OODLE_BC5_11_AEB5025A480A3C3EE4305AA4__7ECD964F872B141381AD08732E6F004B687356ED.udd" 3823
"C:/Users/Brayan/AppData/Local/UnrealEngine/Common/DerivedDataCache/4/1/4/TEXTURE_E01F4250BECD420DA9CE63B5EECEC2C2_OODLE_BC5_11_AEB5025A480A3C3EE4305AA4__F45307391F631306E3A79295819F1FCEE01075E4.udd" 3824
"C:/Users/Brayan/AppData/Local/UnrealEngine/Common/DerivedDataCache/5/5/4/TEXTURE_E01F4250BECD420DA9CE63B5EECEC2C2_OODLE_AUTODXT_11_16078DA8473C5402FA43__6B43EC0061A5AD71141F84505FE02CCE1FFE73C6.udd" 3825
"C:/Users/Brayan/AppData/Local/UnrealEngine/Common/DerivedDataCache/9/9/6/TEXTURE_E01F4250BECD420DA9CE63B5EECEC2C2_OODLE_AUTODXT_11_16078DA8473C5402FA43__B60F990409DB72EDC51E1B74640726FD6ADFC103.udd" 3826
"C:/Users/Brayan/AppData/Local/UnrealEngine/Common/DerivedDataCache/2/1/3/TEXTURE_E01F4250BECD420DA9CE63B5EECEC2C2_OODLE_AUTODXT_11_16078DA8473C5402FA43__DA865349CFD3803E078FEE745E4C14DDE04C219B.udd" 3827
"C:/Users/Brayan/AppData/Local/UnrealEngine/Common/DerivedDataCache/8/8/7/TEXTURE_E01F4250BECD420DA9CE63B5EECEC2C2_OODLE_AUTODXT_11_16078DA8473C5402FA43__5DF22A52E434EBA352B05CA715342E17CF365F3F.udd" 3828
"C:/Users/Brayan/AppData/Local/UnrealEngine/Common/DerivedDataCache/2/5/2/MATSM_0BA69734E4FD45E082FA4560DBE25454_PCD3D_SM5_8__BC5N_NOCCBN_NOIRIS_DEV_SL___A90C3F6339395200DD627EDA18220B742A0AA0C2.udd" 3829
"C:/Users/Brayan/AppData/Local/UnrealEngine/Common/DerivedDataCache/8/3/5/TEXTURE_E01F4250BECD420DA9CE63B5EECEC2C2_OODLE_AUTODXT_11_B2986CC34B0AABA2E5AB__F8D6DB75A7D740B4C8D2485FE0FD102DC258CF2F.udd" 3830
"C:/Users/Brayan/AppData/Local/UnrealEngine/Common/DerivedDataCache/8/1/2/TEXTURE_E01F4250BECD420DA9CE63B5EECEC2C2_OODLE_AUTODXT_11_B2986CC34B0AABA2E5AB__A32FE8926AE1DD56046F1825DF4C171BACE38FF0.udd" 3831
"C:/Users/Brayan/AppData/Local/UnrealEngine/Common/DerivedDataCache/4/1/0/TEXTURE_E01F4250BECD420DA9CE63B5EECEC2C2_OODLE_AUTODXT_11_B2986CC34B0AABA2E5AB__97B71581ACB0243E69EE5A4CD32AFD026DF4B7A4.udd" 3832
"C:/Users/Brayan/AppData/Local/UnrealEngine/Common/DerivedDataCache/6/0/9/TEXTURE_E01F4250BECD420DA9CE63B5EECEC2C2_OODLE_AUTODXT_11_B2986CC34B0AABA2E5AB__03F0AAC26DBF8615DF881D56486FEE0131F2D424.udd" 3833
"C:/Users/Brayan/AppData/Local/UnrealEngine/Common/DerivedDataCache/4/1/9/TEXTURE_E01F4250BECD420DA9CE63B5EECEC2C2_OODLE_BC5_11_0848CBE44C77E1C52A764C99__36575C20D7690DEF5F7AD0B486E5853213621937.udd" 3834
"C:/Users/Brayan/AppData/Local/UnrealEngine/Common/DerivedDataCache/1/7/1/TEXTURE_E01F4250BECD420DA9CE63B5EECEC2C2_OODLE_BC5_11_0848CBE44C77E1C52A764C99__34CDE7D6C7D61557A7472C51F01CC51396C9E481.udd" 3835
"C:/Users/Brayan/AppData/Local/UnrealEngine/Common/DerivedDataCache/5/7/8/TEXTURE_E01F4250BECD420DA9CE63B5EECEC2C2_OODLE_BC5_11_0848CBE44C77E1C52A764C99__1C18D0BE29885DC720B2D919B268AD72D1B55B66.udd" 3836
"C:/Users/Brayan/AppData/Local/UnrealEngine/Common/DerivedDataCache/8/1/2/TEXTURE_E01F4250BECD420DA9CE63B5EECEC2C2_OODLE_BC5_11_0848CBE44C77E1C52A764C99__066810F18DC6AF004E67B46F696EAE69E996BF52.udd" 3837
"C:/Users/Brayan/AppData/Local/UnrealEngine/Common/DerivedDataCache/6/9/9/TEXTURE_E01F4250BECD420DA9CE63B5EECEC2C2_OODLE_BC5_11_0848CBE44C77E1C52A764C99__45E1FAA13BF551DF1FE295D5FBDDADE960762E54.udd" 3838
"C:/Users/Brayan/AppData/Local/UnrealEngine/Common/DerivedDataCache/2/0/9/TEXTURE_E01F4250BECD420DA9CE63B5EECEC2C2_OODLE_AUTODXT_11_8A6E935448036BCF1F79__A01C80F8EE2D6F1A8F588189ACD21E88638ABC81.udd" 3839
"C:/Users/Brayan/AppData/Local/UnrealEngine/Common/DerivedDataCache/9/9/2/TEXTURE_E01F4250BECD420DA9CE63B5EECEC2C2_OODLE_AUTODXT_11_8A6E935448036BCF1F79__5EB7EB63A66A7A6800D3C35383AFCA2ABF2FB762.udd" 3840
"C:/Users/Brayan/AppData/Local/UnrealEngine/Common/DerivedDataCache/7/6/2/TEXTURE_E01F4250BECD420DA9CE63B5EECEC2C2_OODLE_AUTODXT_11_8A6E935448036BCF1F79__9F692E4521FD99AD4EFEDF11A23F6BEDD132EE07.udd" 3841
"C:/Users/Brayan/AppData/Local/UnrealEngine/Common/DerivedDataCache/6/9/0/TEXTURE_E01F4250BECD420DA9CE63B5EECEC2C2_OODLE_AUTODXT_11_8A6E935448036BCF1F79__25E254A7D4EE921302D4DDA9CED84A6106FB40AF.udd" 3842
"C:/Users/Brayan/AppData/Local/UnrealEngine/Common/DerivedDataCache/3/2/5/TEXTURE_E01F4250BECD420DA9CE63B5EECEC2C2_OODLE_AUTODXT_11_8A6E935448036BCF1F79__2ADFAA5E59FEE954838E03D8BE2581C63ACDAD1F.udd" 3843
"C:/Users/Brayan/AppData/Local/UnrealEngine/Common/DerivedDataCache/9/0/4/MATSM_0BA69734E4FD45E082FA4560DBE25454_PCD3D_SM5_8__BC5N_NOCCBN_NOIRIS_DEV_SL___C47E53EEF88566CA979A3DBB5FC54CF755DB5F96.udd" 3844
"C:/Users/Brayan/AppData/Local/UnrealEngine/Common/DerivedDataCache/2/6/5/TEXTURE_E01F4250BECD420DA9CE63B5EECEC2C2_OODLE_BC5_11_8E619E344041E925AACA828C__F8D6ED08B666D8ABEE697572D1129D7D33A09429.udd" 3845
"C:/Users/Brayan/AppData/Local/UnrealEngine/Common/DerivedDataCache/6/8/0/TEXTURE_E01F4250BECD420DA9CE63B5EECEC2C2_OODLE_BC5_11_8E619E344041E925AACA828C__A693E91A3761D7A89059227061E7A4C10619D27F.udd" 3846
"C:/Users/Brayan/AppData/Local/UnrealEngine/Common/DerivedDataCache/9/6/7/TEXTURE_E01F4250BECD420DA9CE63B5EECEC2C2_OODLE_BC5_11_8E619E344041E925AACA828C__234419CB7354517B4FE5E4F79DCE7D071752C70F.udd" 3847
"C:/Users/Brayan/AppData/Local/UnrealEngine/Common/DerivedDataCache/3/0/4/TEXTURE_E01F4250BECD420DA9CE63B5EECEC2C2_OODLE_BC5_11_8E619E344041E925AACA828C__ADC2185EDFB215BFA542A795A22F07144E72FA4D.udd" 3848
"C:/Users/Brayan/AppData/Local/UnrealEngine/Common/DerivedDataCache/4/2/5/TEXTURE_E01F4250BECD420DA9CE63B5EECEC2C2_OODLE_BC5_11_8E619E344041E925AACA828C__9691F93256FDBCD39870B513FF273A244511F99A.udd" 3849
"C:/Users/Brayan/AppData/Local/UnrealEngine/Common/DerivedDataCache/6/4/1/TEXTURE_E01F4250BECD420DA9CE63B5EECEC2C2_OODLE_AUTODXT_11_2CC09B04445532BBE421__FFDA862B931BBA8135C03877896107394AF28C33.udd" 3850
"C:/Users/Brayan/AppData/Local/UnrealEngine/Common/DerivedDataCache/8/0/0/TEXTURE_E01F4250BECD420DA9CE63B5EECEC2C2_OODLE_AUTODXT_11_2CC09B04445532BBE421__7D606D2FB05DD00D5D896F106E157C7C048028FC.udd" 3851
"C:/Users/Brayan/AppData/Local/UnrealEngine/Common/DerivedDataCache/5/2/5/TEXTURE_E01F4250BECD420DA9CE63B5EECEC2C2_OODLE_AUTODXT_11_2CC09B04445532BBE421__532B179AFD1E4D2CA455B1F7BF77DF12A140DCD5.udd" 3852
"C:/Users/Brayan/AppData/Local/UnrealEngine/Common/DerivedDataCache/1/0/2/TEXTURE_E01F4250BECD420DA9CE63B5EECEC2C2_OODLE_AUTODXT_11_2CC09B04445532BBE421__05785F4810E4255ABE5A60557F0C32A7C5F3B6E0.udd" 3853
"C:/Users/Brayan/AppData/Local/UnrealEngine/Common/DerivedDataCache/3/5/0/TEXTURE_E01F4250BECD420DA9CE63B5EECEC2C2_OODLE_AUTODXT_11_2CC09B04445532BBE421__78BF5A1F5C314C31B5999779AC1AAE9D9969721E.udd" 3854
"C:/Users/Brayan/AppData/Local/UnrealEngine/Common/DerivedDataCache/1/7/3/MATSM_0BA69734E4FD45E082FA4560DBE25454_PCD3D_SM5_8__BC5N_NOCCBN_NOIRIS_DEV_SL___14E98055EDB3836AD6D1BF07D75AAAFCA66B9DE2.udd" 3855
"C:/Users/Brayan/AppData/Local/UnrealEngine/Common/DerivedDataCache/1/7/6/TEXTURE_E01F4250BECD420DA9CE63B5EECEC2C2_OODLE_AUTODXT_11_37505DB2437771ECF8FF__6A5ED73E7FC273835CA9BC58853ADFABBCA807BA.udd" 3856
"C:/Users/Brayan/AppData/Local/UnrealEngine/Common/DerivedDataCache/4/5/6/TEXTURE_E01F4250BECD420DA9CE63B5EECEC2C2_OODLE_AUTODXT_11_37505DB2437771ECF8FF__68052592C4681F999ECB69B5B6BBDC96FC85E9FD.udd" 3857
"C:/Users/Brayan/AppData/Local/UnrealEngine/Common/DerivedDataCache/8/7/0/TEXTURE_E01F4250BECD420DA9CE63B5EECEC2C2_OODLE_AUTODXT_11_37505DB2437771ECF8FF__9D93CAFA0442AE2243CA96C8BFA2B7817B2B4CAB.udd" 3858
"C:/Users/Brayan/AppData/Local/UnrealEngine/Common/DerivedDataCache/7/1/8/TEXTURE_E01F4250BECD420DA9CE63B5EECEC2C2_OODLE_AUTODXT_11_37505DB2437771ECF8FF__ECBC499631A1E4FDC838CE6476A9DB66FE68CE38.udd" 3859
"C:/Users/Brayan/AppData/Local/UnrealEngine/Common/DerivedDataCache/5/7/3/TEXTURE_E01F4250BECD420DA9CE63B5EECEC2C2_OODLE_BC5_11_A47CB2F74EE8649D2DD83595__B2FC2C2C64C842C95ED842EA0E85D189A57CB942.udd" 3860
"C:/Users/Brayan/AppData/Local/UnrealEngine/Common/DerivedDataCache/4/5/9/TEXTURE_E01F4250BECD420DA9CE63B5EECEC2C2_OODLE_BC5_11_A47CB2F74EE8649D2DD83595__120214260D532CBF7CEBA72053CC04D7C6713D2E.udd" 3861
"C:/Users/Brayan/AppData/Local/UnrealEngine/Common/DerivedDataCache/8/8/7/TEXTURE_E01F4250BECD420DA9CE63B5EECEC2C2_OODLE_BC5_11_A47CB2F74EE8649D2DD83595__CAA3C488B49C34EF788CF91B7A647C5FE83D6459.udd" 3862
"C:/Users/Brayan/AppData/Local/UnrealEngine/Common/DerivedDataCache/7/4/0/TEXTURE_E01F4250BECD420DA9CE63B5EECEC2C2_OODLE_BC5_11_A47CB2F74EE8649D2DD83595__4CA7148E4ADC148F88F72AD403C992F57DD60954.udd" 3863
"C:/Users/Brayan/AppData/Local/UnrealEngine/Common/DerivedDataCache/4/9/6/TEXTURE_E01F4250BECD420DA9CE63B5EECEC2C2_OODLE_AUTODXT_11_C1B6446144E8AEF1F386__7C7D6215B49537DE1CAB1B9E17C1DCC6F53B21F5.udd" 3864
"C:/Users/Brayan/AppData/Local/UnrealEngine/Common/DerivedDataCache/7/7/8/TEXTURE_E01F4250BECD420DA9CE63B5EECEC2C2_OODLE_AUTODXT_11_C1B6446144E8AEF1F386__165588A4D7A8AB393DABE72A7C94E376773910AA.udd" 3865
"C:/Users/Brayan/AppData/Local/UnrealEngine/Common/DerivedDataCache/0/2/7/TEXTURE_E01F4250BECD420DA9CE63B5EECEC2C2_OODLE_AUTODXT_11_C1B6446144E8AEF1F386__21133F97BBC6EAAEB85036DBE40D5F15D4824E4D.udd" 3866
"C:/Users/Brayan/AppData/Local/UnrealEngine/Common/DerivedDataCache/1/9/5/TEXTURE_E01F4250BECD420DA9CE63B5EECEC2C2_OODLE_AUTODXT_11_C1B6446144E8AEF1F386__590A0DD23ADCC3224997909F17B140F34F4CBF02.udd" 3867
"C:/Users/Brayan/AppData/Local/UnrealEngine/Common/DerivedDataCache/9/9/5/MATSM_0BA69734E4FD45E082FA4560DBE25454_PCD3D_SM5_8__BC5N_NOCCBN_NOIRIS_DEV_SL___A43117C5080F240DD798732A448908318446D808.udd" 3868
"C:/Users/Brayan/AppData/Local/UnrealEngine/Common/DerivedDataCache/0/9/1/TEXTURE_E01F4250BECD420DA9CE63B5EECEC2C2_OODLE_AUTODXT_11_C8DDA37A438527C913B0__36CAF1A6319E12B7E87D828838ABE7AA17877386.udd" 3869
"C:/Users/Brayan/AppData/Local/UnrealEngine/Common/DerivedDataCache/2/5/8/TEXTURE_E01F4250BECD420DA9CE63B5EECEC2C2_OODLE_AUTODXT_11_C8DDA37A438527C913B0__AE07ACB352458DBF172B34B10134F9AA2693D610.udd" 3870
"C:/Users/Brayan/AppData/Local/UnrealEngine/Common/DerivedDataCache/7/7/9/TEXTURE_E01F4250BECD420DA9CE63B5EECEC2C2_OODLE_AUTODXT_11_C8DDA37A438527C913B0__6C6E29117B5F6BF009525DD8C53BB8818DC47E1E.udd" 3871
"C:/Users/Brayan/AppData/Local/UnrealEngine/Common/DerivedDataCache/1/7/7/TEXTURE_E01F4250BECD420DA9CE63B5EECEC2C2_OODLE_AUTODXT_11_C8DDA37A438527C913B0__FC526777B1E4445ADE165415A413D9EDC1BBB1A8.udd" 3872
"C:/Users/Brayan/AppData/Local/UnrealEngine/Common/DerivedDataCache/9/6/1/TEXTURE_E01F4250BECD420DA9CE63B5EECEC2C2_OODLE_AUTODXT_11_C8DDA37A438527C913B0__1CC5294E7069071147130CD25579CB2BD6D6D9C2.udd" 3873
"C:/Users/Brayan/AppData/Local/UnrealEngine/Common/DerivedDataCache/2/0/5/TEXTURE_E01F4250BECD420DA9CE63B5EECEC2C2_OODLE_BC5_11_BD686D964EE65E034D9DBAB9__623A3092AC730EE9B6C30D705B0259EA85563947.udd" 3874
"C:/Users/Brayan/AppData/Local/UnrealEngine/Common/DerivedDataCache/0/6/6/TEXTURE_E01F4250BECD420DA9CE63B5EECEC2C2_OODLE_BC5_11_BD686D964EE65E034D9DBAB9__903489004AFDBC77F614445062E00A9F93454FC9.udd" 3875
"C:/Users/Brayan/AppData/Local/UnrealEngine/Common/DerivedDataCache/6/0/2/TEXTURE_E01F4250BECD420DA9CE63B5EECEC2C2_OODLE_BC5_11_BD686D964EE65E034D9DBAB9__93DAF6B7E23AA23CF397A6A7F10CBAB1D264AFF4.udd" 3876
"C:/Users/Brayan/AppData/Local/UnrealEngine/Common/DerivedDataCache/7/7/9/TEXTURE_E01F4250BECD420DA9CE63B5EECEC2C2_OODLE_BC5_11_BD686D964EE65E034D9DBAB9__62E6FC4A420C055897491B8B46B3F3FB82C7A83D.udd" 3877
"C:/Users/Brayan/AppData/Local/UnrealEngine/Common/DerivedDataCache/8/1/8/TEXTURE_E01F4250BECD420DA9CE63B5EECEC2C2_OODLE_BC5_11_BD686D964EE65E034D9DBAB9__A72DFB3ED071E61B6170F80E3F89B7E9AC3DC94A.udd" 3878
"C:/Users/Brayan/AppData/Local/UnrealEngine/Common/DerivedDataCache/2/2/0/TEXTURE_E01F4250BECD420DA9CE63B5EECEC2C2_OODLE_AUTODXT_11_E2A5CABA411AF61F1C92__F9F458CA7635B157DEEED8834750F6CD53DBFC5D.udd" 3879
"C:/Users/Brayan/AppData/Local/UnrealEngine/Common/DerivedDataCache/7/8/9/TEXTURE_E01F4250BECD420DA9CE63B5EECEC2C2_OODLE_AUTODXT_11_E2A5CABA411AF61F1C92__C50B5BA7CE31390FC85B832372981F6E2FACDCB5.udd" 3880
"C:/Users/Brayan/AppData/Local/UnrealEngine/Common/DerivedDataCache/7/6/2/TEXTURE_E01F4250BECD420DA9CE63B5EECEC2C2_OODLE_AUTODXT_11_E2A5CABA411AF61F1C92__5BE7D1FF3833F8BAE48C1EFAEA6CC6EBBDF097E7.udd" 3881
"C:/Users/Brayan/AppData/Local/UnrealEngine/Common/DerivedDataCache/7/1/1/TEXTURE_E01F4250BECD420DA9CE63B5EECEC2C2_OODLE_AUTODXT_11_E2A5CABA411AF61F1C92__751B492BF86CF74D695C6A972BF32B124EA6F8B3.udd" 3882
"C:/Users/Brayan/AppData/Local/UnrealEngine/Common/DerivedDataCache/6/2/4/TEXTURE_E01F4250BECD420DA9CE63B5EECEC2C2_OODLE_AUTODXT_11_E2A5CABA411AF61F1C92__DA9A188D9171ABC656501F5D065060809B3EAED6.udd" 3883
"C:/Users/Brayan/AppData/Local/UnrealEngine/Common/DerivedDataCache/3/7/3/MATSM_0BA69734E4FD45E082FA4560DBE25454_PCD3D_SM5_8__BC5N_NOCCBN_NOIRIS_DEV_SL___4CEF3EBC97963FCADC84D730005881549FB25810.udd" 3884
"C:/Users/Brayan/AppData/Local/UnrealEngine/Common/DerivedDataCache/5/2/6/TEXTURE_E01F4250BECD420DA9CE63B5EECEC2C2_OODLE_AUTODXT_11_F4ABFA584012507A6DF8__25400E5E215E73FAD2E5F108701320BE40B58686.udd" 3885
"C:/Users/Brayan/AppData/Local/UnrealEngine/Common/DerivedDataCache/1/0/2/TEXTURE_E01F4250BECD420DA9CE63B5EECEC2C2_OODLE_AUTODXT_11_F4ABFA584012507A6DF8__BC0FFCF1F34A621AE3DBAD8E008A711DFD57FC7C.udd" 3886
"C:/Users/Brayan/AppData/Local/UnrealEngine/Common/DerivedDataCache/6/5/3/TEXTURE_E01F4250BECD420DA9CE63B5EECEC2C2_OODLE_AUTODXT_11_F4ABFA584012507A6DF8__ED0276103060D61471CD926270621379F85639DD.udd" 3887
"C:/Users/Brayan/AppData/Local/UnrealEngine/Common/DerivedDataCache/8/6/9/TEXTURE_E01F4250BECD420DA9CE63B5EECEC2C2_OODLE_AUTODXT_11_F4ABFA584012507A6DF8__288430AF95BC68D1775A77748BD8FA61C4309F5C.udd" 3888
"C:/Users/Brayan/AppData/Local/UnrealEngine/Common/DerivedDataCache/2/4/7/TEXTURE_E01F4250BECD420DA9CE63B5EECEC2C2_OODLE_BC5_11_4E6FA52C43897F644C53EF85__292785E9EF84141994A8466EC042E2EE29B8044D.udd" 3889
"C:/Users/Brayan/AppData/Local/UnrealEngine/Common/DerivedDataCache/7/5/5/TEXTURE_E01F4250BECD420DA9CE63B5EECEC2C2_OODLE_BC5_11_4E6FA52C43897F644C53EF85__6CB745C71AD7ECF2C6F1F466AC9914B8D961CCD8.udd" 3890
"C:/Users/Brayan/AppData/Local/UnrealEngine/Common/DerivedDataCache/4/8/1/TEXTURE_E01F4250BECD420DA9CE63B5EECEC2C2_OODLE_BC5_11_4E6FA52C43897F644C53EF85__F172F3A7F0C828FFE9933946BE761806D5EF2B58.udd" 3891
"C:/Users/Brayan/AppData/Local/UnrealEngine/Common/DerivedDataCache/4/2/4/TEXTURE_E01F4250BECD420DA9CE63B5EECEC2C2_OODLE_BC5_11_4E6FA52C43897F644C53EF85__299210780AA0ABA690A3EDF337FC80ABD1D8A0F4.udd" 3892
"C:/Users/Brayan/AppData/Local/UnrealEngine/Common/DerivedDataCache/6/7/0/TEXTURE_E01F4250BECD420DA9CE63B5EECEC2C2_OODLE_BC5_11_4E6FA52C43897F644C53EF85__38497E00358952BA9D91F5336ED9B8B2F5556804.udd" 3893
"C:/Users/Brayan/AppData/Local/UnrealEngine/Common/DerivedDataCache/3/5/3/TEXTURE_E01F4250BECD420DA9CE63B5EECEC2C2_OODLE_AUTODXT_11_E1028987486D260A0DD6__3A26E22CB05FDE3B9871FD625B0E3936F4970B36.udd" 3894
"C:/Users/Brayan/AppData/Local/UnrealEngine/Common/DerivedDataCache/8/3/3/TEXTURE_E01F4250BECD420DA9CE63B5EECEC2C2_OODLE_AUTODXT_11_E1028987486D260A0DD6__80FA091A3CE93E0D86101787E9915F679B46D6AC.udd" 3895
"C:/Users/Brayan/AppData/Local/UnrealEngine/Common/DerivedDataCache/9/8/3/TEXTURE_E01F4250BECD420DA9CE63B5EECEC2C2_OODLE_AUTODXT_11_E1028987486D260A0DD6__FF0D369CD70E75C99F935DABB7EC22101670EC3B.udd" 3896
"C:/Users/Brayan/AppData/Local/UnrealEngine/Common/DerivedDataCache/0/4/9/TEXTURE_E01F4250BECD420DA9CE63B5EECEC2C2_OODLE_AUTODXT_11_E1028987486D260A0DD6__12B7752EC61EE3398479FBF68CDD3EC4F5413981.udd" 3897
"C:/Users/Brayan/AppData/Local/UnrealEngine/Common/DerivedDataCache/9/1/2/TEXTURE_E01F4250BECD420DA9CE63B5EECEC2C2_OODLE_AUTODXT_11_E1028987486D260A0DD6__82B5CF52F44207EB4A4D240BE71D99773A2883AB.udd" 3898
"C:/Users/Brayan/AppData/Local/UnrealEngine/Common/DerivedDataCache/9/8/2/MATSM_0BA69734E4FD45E082FA4560DBE25454_PCD3D_SM5_8__BC5N_NOCCBN_NOIRIS_DEV_SL___BE1F847227A08ABD204417753FC48D9E57B116CB.udd" 3899
"C:/Users/Brayan/AppData/Local/UnrealEngine/Common/DerivedDataCache/0/3/3/TEXTURE_E01F4250BECD420DA9CE63B5EECEC2C2_OODLE_AUTODXT_11_01E0DFD74A581D840394__C5D1C19DAEFC9A6E9E53DE3EFDD87ED7C0B88E64.udd" 3900
"C:/Users/Brayan/AppData/Local/UnrealEngine/Common/DerivedDataCache/4/4/9/TEXTURE_E01F4250BECD420DA9CE63B5EECEC2C2_OODLE_AUTODXT_11_01E0DFD74A581D840394__7ACEDA0C304EF089BBA348DEE2758FFC55025BD2.udd" 3901
"C:/Users/Brayan/AppData/Local/UnrealEngine/Common/DerivedDataCache/1/3/2/TEXTURE_E01F4250BECD420DA9CE63B5EECEC2C2_OODLE_AUTODXT_11_01E0DFD74A581D840394__239AB484575A8ACB5C3FC98941A8B63D529C8101.udd" 3902
"C:/Users/Brayan/AppData/Local/UnrealEngine/Common/DerivedDataCache/5/1/5/TEXTURE_E01F4250BECD420DA9CE63B5EECEC2C2_OODLE_AUTODXT_11_01E0DFD74A581D840394__0352D5194984AEB3008BAFAD671DA4A63939A00D.udd" 3903
"C:/Users/Brayan/AppData/Local/UnrealEngine/Common/DerivedDataCache/3/3/0/TEXTURE_E01F4250BECD420DA9CE63B5EECEC2C2_OODLE_AUTODXT_11_01E0DFD74A581D840394__8BC39BDE47D56487F722F5F258FC6EDA78CCB76D.udd" 3904
"C:/Users/Brayan/AppData/Local/UnrealEngine/Common/DerivedDataCache/2/3/5/TEXTURE_E01F4250BECD420DA9CE63B5EECEC2C2_OODLE_AUTODXT_11_01E0DFD74A581D840394__A3D01D8CA254D94B35445C565881983710BBE40F.udd" 3905
"C:/Users/Brayan/AppData/Local/UnrealEngine/Common/DerivedDataCache/1/4/8/TEXTURE_E01F4250BECD420DA9CE63B5EECEC2C2_OODLE_BC5_11_16B168E1432FC9010EAD92B2__25089445EF4F287A62320847E573F3E5FDE97B99.udd" 3906
"C:/Users/Brayan/AppData/Local/UnrealEngine/Common/DerivedDataCache/0/3/4/TEXTURE_E01F4250BECD420DA9CE63B5EECEC2C2_OODLE_BC5_11_16B168E1432FC9010EAD92B2__9AE7D60E299E9563D586A4D1C535D28EB8B228F7.udd" 3907
"C:/Users/Brayan/AppData/Local/UnrealEngine/Common/DerivedDataCache/1/4/8/TEXTURE_E01F4250BECD420DA9CE63B5EECEC2C2_OODLE_BC5_11_16B168E1432FC9010EAD92B2__41719CBC807204CF3C641541E506281A445F3142.udd" 3908
"C:/Users/Brayan/AppData/Local/UnrealEngine/Common/DerivedDataCache/6/4/2/TEXTURE_E01F4250BECD420DA9CE63B5EECEC2C2_OODLE_BC5_11_16B168E1432FC9010EAD92B2__3965A0251775D455E70A5607B5816E5C9A7DB333.udd" 3909
"C:/Users/Brayan/AppData/Local/UnrealEngine/Common/DerivedDataCache/2/1/4/TEXTURE_E01F4250BECD420DA9CE63B5EECEC2C2_OODLE_BC5_11_16B168E1432FC9010EAD92B2__F26ABABB14077716736C6AED227D553D4C5827C5.udd" 3910
"C:/Users/Brayan/AppData/Local/UnrealEngine/Common/DerivedDataCache/2/1/3/TEXTURE_E01F4250BECD420DA9CE63B5EECEC2C2_OODLE_BC5_11_16B168E1432FC9010EAD92B2__EE23816206B560340CCBE13137E44D07605396C0.udd" 3911
"C:/Users/Brayan/AppData/Local/UnrealEngine/Common/DerivedDataCache/3/5/0/TEXTURE_E01F4250BECD420DA9CE63B5EECEC2C2_OODLE_AUTODXT_11_1DDF714748FD6C97646E__DFC5E3646BAB0BD9FE79A23C0EB7DFFE474C1883.udd" 3912
"C:/Users/Brayan/AppData/Local/UnrealEngine/Common/DerivedDataCache/4/1/3/TEXTURE_E01F4250BECD420DA9CE63B5EECEC2C2_OODLE_AUTODXT_11_1DDF714748FD6C97646E__A975288E5812258E7451385A45DEB251C616426E.udd" 3913
"C:/Users/Brayan/AppData/Local/UnrealEngine/Common/DerivedDataCache/1/8/8/TEXTURE_E01F4250BECD420DA9CE63B5EECEC2C2_OODLE_AUTODXT_11_1DDF714748FD6C97646E__7A79BACB040A27284D3F025E403BF5543D979D54.udd" 3914
"C:/Users/Brayan/AppData/Local/UnrealEngine/Common/DerivedDataCache/1/4/1/TEXTURE_E01F4250BECD420DA9CE63B5EECEC2C2_OODLE_AUTODXT_11_1DDF714748FD6C97646E__BC66A115751CEDB2566D97A9F50B949B20F0F150.udd" 3915
"C:/Users/Brayan/AppData/Local/UnrealEngine/Common/DerivedDataCache/9/0/3/TEXTURE_E01F4250BECD420DA9CE63B5EECEC2C2_OODLE_AUTODXT_11_1DDF714748FD6C97646E__F4F1BA39CA6EB342608DE85A3254AB30B33379A9.udd" 3916
"C:/Users/Brayan/AppData/Local/UnrealEngine/Common/DerivedDataCache/9/0/2/TEXTURE_E01F4250BECD420DA9CE63B5EECEC2C2_OODLE_AUTODXT_11_1DDF714748FD6C97646E__08F70C943DF56362C8C0F4F567BD36A12BCFDFAD.udd" 3917
"C:/Users/Brayan/AppData/Local/UnrealEngine/Common/DerivedDataCache/2/1/3/MATSM_0BA69734E4FD45E082FA4560DBE25454_PCD3D_SM5_8__BC5N_NOCCBN_NOIRIS_DEV_SL___7C95B989380A8DF832A1147268BB51E81B2A6C54.udd" 3918
"C:/Users/Brayan/AppData/Local/UnrealEngine/Common/DerivedDataCache/7/5/2/TEXTURE_E01F4250BECD420DA9CE63B5EECEC2C2_OODLE_AUTODXT_11_F88F98D74DBB7972864E__AA508AE0C11609F34A57E3AD4CEE0CEAF574E12E.udd" 3919
"C:/Users/Brayan/AppData/Local/UnrealEngine/Common/DerivedDataCache/3/6/8/TEXTURE_E01F4250BECD420DA9CE63B5EECEC2C2_OODLE_AUTODXT_11_F88F98D74DBB7972864E__3CC4C15F69B8293F6175504EBFF3956E4EA0AD3D.udd" 3920
"C:/Users/Brayan/AppData/Local/UnrealEngine/Common/DerivedDataCache/7/3/1/TEXTURE_E01F4250BECD420DA9CE63B5EECEC2C2_OODLE_AUTODXT_11_F88F98D74DBB7972864E__44941A9926709E41E4537E57B704139D6AE1521F.udd" 3921
"C:/Users/Brayan/AppData/Local/UnrealEngine/Common/DerivedDataCache/3/1/9/TEXTURE_E01F4250BECD420DA9CE63B5EECEC2C2_OODLE_AUTODXT_11_F88F98D74DBB7972864E__F41B7CBD10578CB60B8893306929C4C9A9D4D048.udd" 3922
"C:/Users/Brayan/AppData/Local/UnrealEngine/Common/DerivedDataCache/7/8/0/TEXTURE_E01F4250BECD420DA9CE63B5EECEC2C2_OODLE_AUTODXT_11_F88F98D74DBB7972864E__184095C0A43CBEF72C164526649BAF042C99A9B9.udd" 3923
"C:/Users/Brayan/AppData/Local/UnrealEngine/Common/DerivedDataCache/0/5/3/TEXTURE_E01F4250BECD420DA9CE63B5EECEC2C2_OODLE_BC5_11_2FB46C2640D8CF3BFE181593__2CDE92D3A83820067D5BB037CA8027DC1AA41401.udd" 3924
"C:/Users/Brayan/AppData/Local/UnrealEngine/Common/DerivedDataCache/9/3/0/TEXTURE_E01F4250BECD420DA9CE63B5EECEC2C2_OODLE_BC5_11_2FB46C2640D8CF3BFE181593__81B1BC723DA2D0CF448D07CF638EC2C404AD2C2A.udd" 3925
"C:/Users/Brayan/AppData/Local/UnrealEngine/Common/DerivedDataCache/1/7/0/TEXTURE_E01F4250BECD420DA9CE63B5EECEC2C2_OODLE_BC5_11_2FB46C2640D8CF3BFE181593__354F0954B80F2A45DFA907B4E8570BB4299844EA.udd" 3926
"C:/Users/Brayan/AppData/Local/UnrealEngine/Common/DerivedDataCache/5/9/8/TEXTURE_E01F4250BECD420DA9CE63B5EECEC2C2_OODLE_BC5_11_2FB46C2640D8CF3BFE181593__00012A2E04A4129B4E124695375267B644A27B69.udd" 3927
"C:/Users/Brayan/AppData/Local/UnrealEngine/Common/DerivedDataCache/8/4/4/TEXTURE_E01F4250BECD420DA9CE63B5EECEC2C2_OODLE_BC5_11_2FB46C2640D8CF3BFE181593__396D10662E45F91CBDF51B3B400980416F69A81E.udd" 3928
"C:/Users/Brayan/AppData/Local/UnrealEngine/Common/DerivedDataCache/9/8/2/TEXTURE_E01F4250BECD420DA9CE63B5EECEC2C2_OODLE_AUTODXT_11_A5B82D7447519855FA2B__4FBE30D512C5A079D054275727789DD471433061.udd" 3929
"C:/Users/Brayan/AppData/Local/UnrealEngine/Common/DerivedDataCache/7/0/3/TEXTURE_E01F4250BECD420DA9CE63B5EECEC2C2_OODLE_AUTODXT_11_A5B82D7447519855FA2B__BE235F5F29C888EFFA07BF835EACAEBAB3030B42.udd" 3930
"C:/Users/Brayan/AppData/Local/UnrealEngine/Common/DerivedDataCache/5/2/0/TEXTURE_E01F4250BECD420DA9CE63B5EECEC2C2_OODLE_AUTODXT_11_A5B82D7447519855FA2B__2A90D34A940FA11B6D4CCE3012A74DD0DCC1E54F.udd" 3931
"C:/Users/Brayan/AppData/Local/UnrealEngine/Common/DerivedDataCache/7/4/7/TEXTURE_E01F4250BECD420DA9CE63B5EECEC2C2_OODLE_AUTODXT_11_A5B82D7447519855FA2B__620BBA74D2FD378DCDFF7C0176365DB6AF9CA630.udd" 3932
"C:/Users/Brayan/AppData/Local/UnrealEngine/Common/DerivedDataCache/2/7/3/TEXTURE_E01F4250BECD420DA9CE63B5EECEC2C2_OODLE_AUTODXT_11_A5B82D7447519855FA2B__834B9C5B70CFDA34A6E6A380AD3DD6BE45C78286.udd" 3933
"C:/Users/Brayan/AppData/Local/UnrealEngine/Common/DerivedDataCache/3/7/8/MATSM_0BA69734E4FD45E082FA4560DBE25454_PCD3D_SM5_8__BC5N_NOCCBN_NOIRIS_DEV_SL___724E3BE29214FFCE2710B035CE9F109A16FFE920.udd" 3934
"C:/Users/Brayan/AppData/Local/UnrealEngine/Common/DerivedDataCache/6/7/7/TEXTURE_E01F4250BECD420DA9CE63B5EECEC2C2_OODLE_AUTODXT_11_3465FAFF4E8C0DDC6C09__5DDC5F314E6E603BF98D76A82F8175ABB8BDD141.udd" 3935
"C:/Users/Brayan/AppData/Local/UnrealEngine/Common/DerivedDataCache/0/7/5/TEXTURE_E01F4250BECD420DA9CE63B5EECEC2C2_OODLE_AUTODXT_11_3465FAFF4E8C0DDC6C09__A0C6300907F4DF3179E362CFC339A2B783167D92.udd" 3936
"C:/Users/Brayan/AppData/Local/UnrealEngine/Common/DerivedDataCache/7/5/5/TEXTURE_E01F4250BECD420DA9CE63B5EECEC2C2_OODLE_AUTODXT_11_3465FAFF4E8C0DDC6C09__BF78F6ECEB74E85D004830EC0667AD443F1FD27A.udd" 3937
"C:/Users/Brayan/AppData/Local/UnrealEngine/Common/DerivedDataCache/3/1/6/TEXTURE_E01F4250BECD420DA9CE63B5EECEC2C2_OODLE_AUTODXT_11_3465FAFF4E8C0DDC6C09__6B61D290EAED4EB91BAF8F9AEB7EEDCBEF712ECE.udd" 3938
"C:/Users/Brayan/AppData/Local/UnrealEngine/Common/DerivedDataCache/6/6/2/TEXTURE_E01F4250BECD420DA9CE63B5EECEC2C2_OODLE_AUTODXT_11_3465FAFF4E8C0DDC6C09__AEF1274CC1DE77CC5D07677336A0DFC212EE3BEF.udd" 3939
"C:/Users/Brayan/AppData/Local/UnrealEngine/Common/DerivedDataCache/0/0/0/TEXTURE_E01F4250BECD420DA9CE63B5EECEC2C2_OODLE_BC5_11_5C67545B4A8516E56F5D17A0__997784E3ADE3503D5138BA60FC2163D75658BA03.udd" 3940
"C:/Users/Brayan/AppData/Local/UnrealEngine/Common/DerivedDataCache/9/9/8/TEXTURE_E01F4250BECD420DA9CE63B5EECEC2C2_OODLE_BC5_11_5C67545B4A8516E56F5D17A0__1E2D9808F07F0DAD6D67AB5195D9749DC51FEAE4.udd" 3941
"C:/Users/Brayan/AppData/Local/UnrealEngine/Common/DerivedDataCache/6/2/6/TEXTURE_E01F4250BECD420DA9CE63B5EECEC2C2_OODLE_BC5_11_5C67545B4A8516E56F5D17A0__70C2EE7BF6E82B73721C97B12B3053B9BD337EBB.udd" 3942
"C:/Users/Brayan/AppData/Local/UnrealEngine/Common/DerivedDataCache/7/1/9/TEXTURE_E01F4250BECD420DA9CE63B5EECEC2C2_OODLE_BC5_11_5C67545B4A8516E56F5D17A0__A0E4589DF957035711B3EEA5C43ABB659BACC317.udd" 3943
"C:/Users/Brayan/AppData/Local/UnrealEngine/Common/DerivedDataCache/5/3/6/TEXTURE_E01F4250BECD420DA9CE63B5EECEC2C2_OODLE_BC5_11_5C67545B4A8516E56F5D17A0__8E0363313E30F7657535B4D9925CF8CEC7E2B467.udd" 3944
"C:/Users/Brayan/AppData/Local/UnrealEngine/Common/DerivedDataCache/4/0/2/TEXTURE_E01F4250BECD420DA9CE63B5EECEC2C2_OODLE_AUTODXT_11_C09538D8447149EE2BC7__5A0C93FBC1EC1D5BA4386462AD79821FF3A3CACE.udd" 3945
"C:/Users/Brayan/AppData/Local/UnrealEngine/Common/DerivedDataCache/6/6/5/TEXTURE_E01F4250BECD420DA9CE63B5EECEC2C2_OODLE_AUTODXT_11_C09538D8447149EE2BC7__B0F3B03AF47E94B2C3C48718F8B824C456EA4F59.udd" 3946
"C:/Users/Brayan/AppData/Local/UnrealEngine/Common/DerivedDataCache/1/8/9/TEXTURE_E01F4250BECD420DA9CE63B5EECEC2C2_OODLE_AUTODXT_11_C09538D8447149EE2BC7__C69305DB9ABC7AE55247296B60096EC7A1939462.udd" 3947
"C:/Users/Brayan/AppData/Local/UnrealEngine/Common/DerivedDataCache/4/8/4/TEXTURE_E01F4250BECD420DA9CE63B5EECEC2C2_OODLE_AUTODXT_11_C09538D8447149EE2BC7__51B4D8BE4C0CCC15FCB09EA22BF8E7F05A4DC300.udd" 3948
"C:/Users/Brayan/AppData/Local/UnrealEngine/Common/DerivedDataCache/9/1/0/TEXTURE_E01F4250BECD420DA9CE63B5EECEC2C2_OODLE_AUTODXT_11_C09538D8447149EE2BC7__93DF51EF79923B2DBB11D834770608DFD5801C58.udd" 3949
"C:/Users/Brayan/AppData/Local/UnrealEngine/Common/DerivedDataCache/1/7/5/MATSM_0BA69734E4FD45E082FA4560DBE25454_PCD3D_SM5_8__BC5N_NOCCBN_NOIRIS_DEV_SL___056FB00C5E0C71C31701908D932F956C329408E9.udd" 3950
"C:/Users/Brayan/AppData/Local/UnrealEngine/Common/DerivedDataCache/8/5/3/TEXTURE_E01F4250BECD420DA9CE63B5EECEC2C2_OODLE_AUTODXT_11_D26C292F4270C15856DB__908B7CE79A6A970041789210C423AAD05A0784D1.udd" 3951
"C:/Users/Brayan/AppData/Local/UnrealEngine/Common/DerivedDataCache/0/1/5/TEXTURE_E01F4250BECD420DA9CE63B5EECEC2C2_OODLE_AUTODXT_11_D26C292F4270C15856DB__20B6D880FF2A318DFC0AC8C5C60366AE2FC61489.udd" 3952
"C:/Users/Brayan/AppData/Local/UnrealEngine/Common/DerivedDataCache/7/3/0/TEXTURE_E01F4250BECD420DA9CE63B5EECEC2C2_OODLE_AUTODXT_11_D26C292F4270C15856DB__3A7C881FE106C4B357B415E0680C457D55D1EA25.udd" 3953
"C:/Users/Brayan/AppData/Local/UnrealEngine/Common/DerivedDataCache/6/8/0/TEXTURE_E01F4250BECD420DA9CE63B5EECEC2C2_OODLE_AUTODXT_11_D26C292F4270C15856DB__8678559762163A0F6B0620FD8607CA8E616D2E73.udd" 3954
"C:/Users/Brayan/AppData/Local/UnrealEngine/Common/DerivedDataCache/8/1/2/TEXTURE_E01F4250BECD420DA9CE63B5EECEC2C2_OODLE_AUTODXT_11_D26C292F4270C15856DB__D879F6CBD6AFC3BC3DFDED6296F2E3692A6AEB38.udd" 3955
"C:/Users/Brayan/AppData/Local/UnrealEngine/Common/DerivedDataCache/8/3/1/TEXTURE_E01F4250BECD420DA9CE63B5EECEC2C2_OODLE_BC5_11_592C6354497540FBD4F76EAF__1687AE101D4E64A565A89BCB21677D0C384F2F81.udd" 3956
"C:/Users/Brayan/AppData/Local/UnrealEngine/Common/DerivedDataCache/4/6/0/TEXTURE_E01F4250BECD420DA9CE63B5EECEC2C2_OODLE_BC5_11_592C6354497540FBD4F76EAF__AB36BAB8D99E568252A8DD69FC6E8ADDE891B95F.udd" 3957
"C:/Users/Brayan/AppData/Local/UnrealEngine/Common/DerivedDataCache/6/3/8/TEXTURE_E01F4250BECD420DA9CE63B5EECEC2C2_OODLE_BC5_11_592C6354497540FBD4F76EAF__56D3BC98A6E7FF8CF9FF01B8F5C8AB83F616002C.udd" 3958
"C:/Users/Brayan/AppData/Local/UnrealEngine/Common/DerivedDataCache/2/1/3/TEXTURE_E01F4250BECD420DA9CE63B5EECEC2C2_OODLE_BC5_11_592C6354497540FBD4F76EAF__916C2BF2B3E7DBE0302C74A4AE1E39A70FC28E6C.udd" 3959
"C:/Users/Brayan/AppData/Local/UnrealEngine/Common/DerivedDataCache/1/8/0/TEXTURE_E01F4250BECD420DA9CE63B5EECEC2C2_OODLE_BC5_11_592C6354497540FBD4F76EAF__DBA0CB4663E4927C9BA82089FBCFF8F21B9C3711.udd" 3960
"C:/Users/Brayan/AppData/Local/UnrealEngine/Common/DerivedDataCache/3/3/9/TEXTURE_E01F4250BECD420DA9CE63B5EECEC2C2_OODLE_AUTODXT_11_C4AB5E2E46F014AFEA6E__C4631F70E76ED227006C475922C3AA77B67988DB.udd" 3961
"C:/Users/Brayan/AppData/Local/UnrealEngine/Common/DerivedDataCache/0/4/1/TEXTURE_E01F4250BECD420DA9CE63B5EECEC2C2_OODLE_AUTODXT_11_C4AB5E2E46F014AFEA6E__3EA2CFB98336FEB70DBD47C1B101E2B23B2BDD03.udd" 3962
"C:/Users/Brayan/AppData/Local/UnrealEngine/Common/DerivedDataCache/1/6/9/TEXTURE_E01F4250BECD420DA9CE63B5EECEC2C2_OODLE_AUTODXT_11_C4AB5E2E46F014AFEA6E__65EDBB60543D567488ABDCD643E95CCD0A268D24.udd" 3963
"C:/Users/Brayan/AppData/Local/UnrealEngine/Common/DerivedDataCache/7/5/8/TEXTURE_E01F4250BECD420DA9CE63B5EECEC2C2_OODLE_AUTODXT_11_C4AB5E2E46F014AFEA6E__BAC03BE9F531852909188BCC31DD9874ECE27C18.udd" 3964
"C:/Users/Brayan/AppData/Local/UnrealEngine/Common/DerivedDataCache/0/4/2/TEXTURE_E01F4250BECD420DA9CE63B5EECEC2C2_OODLE_AUTODXT_11_C4AB5E2E46F014AFEA6E__B53CB93FC98B95FC0B9F8927EC20B27E3390CC41.udd" 3965
"C:/Users/Brayan/AppData/Local/UnrealEngine/Common/DerivedDataCache/5/4/5/MATSM_0BA69734E4FD45E082FA4560DBE25454_PCD3D_SM5_8__BC5N_NOCCBN_NOIRIS_DEV_SL___696053B77031F29028C4882E81C081B9145CC2A4.udd" 3966
"C:/Users/Brayan/AppData/Local/UnrealEngine/Common/DerivedDataCache/4/0/4/TEXTURE_E01F4250BECD420DA9CE63B5EECEC2C2_OODLE_AUTODXT_11_3B8411554A285CF45BF8__3FB8B61EEF1FAE60633959D76CDE316732805306.udd" 3967
"C:/Users/Brayan/AppData/Local/UnrealEngine/Common/DerivedDataCache/1/7/8/TEXTURE_E01F4250BECD420DA9CE63B5EECEC2C2_OODLE_AUTODXT_11_3B8411554A285CF45BF8__2373EF566218999B78C6B0FC3EB52354FFCEE8F5.udd" 3968
"C:/Users/Brayan/AppData/Local/UnrealEngine/Common/DerivedDataCache/6/1/2/TEXTURE_E01F4250BECD420DA9CE63B5EECEC2C2_OODLE_AUTODXT_11_3B8411554A285CF45BF8__CF450ADC618811C7327CFF2A7AF7AB45B652D481.udd" 3969
"C:/Users/Brayan/AppData/Local/UnrealEngine/Common/DerivedDataCache/8/2/1/TEXTURE_E01F4250BECD420DA9CE63B5EECEC2C2_OODLE_AUTODXT_11_3B8411554A285CF45BF8__1F57D7BDF3A6620510C615011A51439B2A8FC998.udd" 3970
"C:/Users/Brayan/AppData/Local/UnrealEngine/Common/DerivedDataCache/9/5/7/TEXTURE_E01F4250BECD420DA9CE63B5EECEC2C2_OODLE_AUTODXT_11_3B8411554A285CF45BF8__1A2CC357D89EF5AD11E0F8B4298691A147CE72F8.udd" 3971
"C:/Users/Brayan/AppData/Local/UnrealEngine/Common/DerivedDataCache/4/6/1/TEXTURE_E01F4250BECD420DA9CE63B5EECEC2C2_OODLE_BC5_11_35976A5E4B0FB4BB100EBFAC__DBF101BF4CDDA16D990EB444CA72162F1828284E.udd" 3972
"C:/Users/Brayan/AppData/Local/UnrealEngine/Common/DerivedDataCache/6/6/7/TEXTURE_E01F4250BECD420DA9CE63B5EECEC2C2_OODLE_BC5_11_35976A5E4B0FB4BB100EBFAC__46D2AD1D8C8986E9B25EB78AA5DF2227A6A40563.udd" 3973
"C:/Users/Brayan/AppData/Local/UnrealEngine/Common/DerivedDataCache/0/8/5/TEXTURE_E01F4250BECD420DA9CE63B5EECEC2C2_OODLE_BC5_11_35976A5E4B0FB4BB100EBFAC__B006B98C258776ED4CD50486BB586F999F97BA23.udd" 3974
"C:/Users/Brayan/AppData/Local/UnrealEngine/Common/DerivedDataCache/0/9/2/TEXTURE_E01F4250BECD420DA9CE63B5EECEC2C2_OODLE_BC5_11_35976A5E4B0FB4BB100EBFAC__7414B7B115502EBC7140A957893DDBF89B4CE8A7.udd" 3975
"C:/Users/Brayan/AppData/Local/UnrealEngine/Common/DerivedDataCache/3/0/4/TEXTURE_E01F4250BECD420DA9CE63B5EECEC2C2_OODLE_BC5_11_35976A5E4B0FB4BB100EBFAC__3DD7827B89F6C2373F4DA7D98FC3B21DA62428B3.udd" 3976
"C:/Users/Brayan/AppData/Local/UnrealEngine/Common/DerivedDataCache/4/4/0/TEXTURE_E01F4250BECD420DA9CE63B5EECEC2C2_OODLE_AUTODXT_11_AC1BC4F744734A9C56BE__F742EF078B184C7AC0FA8053A3057A4972CEC062.udd" 3977
"C:/Users/Brayan/AppData/Local/UnrealEngine/Common/DerivedDataCache/7/0/3/TEXTURE_E01F4250BECD420DA9CE63B5EECEC2C2_OODLE_AUTODXT_11_AC1BC4F744734A9C56BE__34F779C2B11DDA7B04C13F98E8EFD86C7DC641DF.udd" 3978
"C:/Users/Brayan/AppData/Local/UnrealEngine/Common/DerivedDataCache/3/6/1/TEXTURE_E01F4250BECD420DA9CE63B5EECEC2C2_OODLE_AUTODXT_11_AC1BC4F744734A9C56BE__551E5BD19696FFF6B69F7DA2990BA4AF76EB4183.udd" 3979
"C:/Users/Brayan/AppData/Local/UnrealEngine/Common/DerivedDataCache/7/3/4/TEXTURE_E01F4250BECD420DA9CE63B5EECEC2C2_OODLE_AUTODXT_11_AC1BC4F744734A9C56BE__6A75CD8B28704AD723493853FF9E2D7575EA6135.udd" 3980
"C:/Users/Brayan/AppData/Local/UnrealEngine/Common/DerivedDataCache/0/5/6/TEXTURE_E01F4250BECD420DA9CE63B5EECEC2C2_OODLE_AUTODXT_11_AC1BC4F744734A9C56BE__470400834F1AF346F7920AC0493E979B1B29D7CF.udd" 3981
"C:/Users/Brayan/AppData/Local/UnrealEngine/Common/DerivedDataCache/4/9/1/MATSM_0BA69734E4FD45E082FA4560DBE25454_PCD3D_SM5_8__BC5N_NOCCBN_NOIRIS_DEV_SL___7EE0B6EE1D8BDCAE3C954A2E26DC1FF833ABEEB9.udd" 3982
"C:/Users/Brayan/AppData/Local/UnrealEngine/Common/DerivedDataCache/5/7/9/TEXTURE_E01F4250BECD420DA9CE63B5EECEC2C2_OODLE_AUTODXT_11_E8E2F8844DA834472348__7BF9F192C9262D80F32FF4BCA590D3D54397CEE8.udd" 3983
"C:/Users/Brayan/AppData/Local/UnrealEngine/Common/DerivedDataCache/1/0/0/TEXTURE_E01F4250BECD420DA9CE63B5EECEC2C2_OODLE_AUTODXT_11_E8E2F8844DA834472348__2FAAA86CA9A702B7779CB3B5F66940D0BFBAB2BF.udd" 3984
"C:/Users/Brayan/AppData/Local/UnrealEngine/Common/DerivedDataCache/3/3/3/TEXTURE_E01F4250BECD420DA9CE63B5EECEC2C2_OODLE_AUTODXT_11_E8E2F8844DA834472348__B7C82EEC346C0D795C8CE9907B06E5E555353DB9.udd" 3985
"C:/Users/Brayan/AppData/Local/UnrealEngine/Common/DerivedDataCache/6/5/6/TEXTURE_E01F4250BECD420DA9CE63B5EECEC2C2_OODLE_AUTODXT_11_E8E2F8844DA834472348__C45B4833A04982153907CA364867459D5A6669C9.udd" 3986
"C:/Users/Brayan/AppData/Local/UnrealEngine/Common/DerivedDataCache/0/7/8/TEXTURE_E01F4250BECD420DA9CE63B5EECEC2C2_OODLE_AUTODXT_11_E8E2F8844DA834472348__A53EA087CF6042D54C535778439DC77CFB41F076.udd" 3987
"C:/Users/Brayan/AppData/Local/UnrealEngine/Common/DerivedDataCache/2/1/4/TEXTURE_E01F4250BECD420DA9CE63B5EECEC2C2_OODLE_AUTODXT_11_2916BE184046E9DFEB6F__0D95785CF27E777762704E7099F49FBF1B82A53D.udd" 3988
"C:/Users/Brayan/AppData/Local/UnrealEngine/Common/DerivedDataCache/9/6/3/TEXTURE_E01F4250BECD420DA9CE63B5EECEC2C2_OODLE_AUTODXT_11_2916BE184046E9DFEB6F__67A099A2AD1D88CE87279CA3F458856855FDE72F.udd" 3989
"C:/Users/Brayan/AppData/Local/UnrealEngine/Common/DerivedDataCache/0/0/0/TEXTURE_E01F4250BECD420DA9CE63B5EECEC2C2_OODLE_AUTODXT_11_2916BE184046E9DFEB6F__C38413068CA23DABF98F073BE5FD8ABFA0226D56.udd" 3990
"C:/Users/Brayan/AppData/Local/UnrealEngine/Common/DerivedDataCache/6/9/8/TEXTURE_E01F4250BECD420DA9CE63B5EECEC2C2_OODLE_AUTODXT_11_2916BE184046E9DFEB6F__5361916E60C8AB13410FAA8EFCADF4161F1F462B.udd" 3991
"C:/Users/Brayan/AppData/Local/UnrealEngine/Common/DerivedDataCache/4/7/8/TEXTURE_E01F4250BECD420DA9CE63B5EECEC2C2_OODLE_AUTODXT_11_2916BE184046E9DFEB6F__B3ACB1018E846CAAE6337D4F547D7237E3C42DA0.udd" 3992
"C:/Users/Brayan/AppData/Local/UnrealEngine/Common/DerivedDataCache/7/3/8/TEXTURE_E01F4250BECD420DA9CE63B5EECEC2C2_OODLE_AUTODXT_11_2916BE184046E9DFEB6F__61F8156E09E1C2B6E3B5332AB879A1122159B7F1.udd" 3993
"C:/Users/Brayan/AppData/Local/UnrealEngine/Common/DerivedDataCache/9/9/3/TEXTURE_E01F4250BECD420DA9CE63B5EECEC2C2_OODLE_BC5_11_1DED09A440E36891EBD62E93__2BF85B1C901EBEAC6F29D0D1554A2E5A02FAB06C.udd" 3994
"C:/Users/Brayan/AppData/Local/UnrealEngine/Common/DerivedDataCache/0/1/4/TEXTURE_E01F4250BECD420DA9CE63B5EECEC2C2_OODLE_BC5_11_1DED09A440E36891EBD62E93__012252B8CF3B4C8312C5CE83B5B8BAC4A3F5FFE8.udd" 3995
"C:/Users/Brayan/AppData/Local/UnrealEngine/Common/DerivedDataCache/2/7/8/TEXTURE_E01F4250BECD420DA9CE63B5EECEC2C2_OODLE_BC5_11_1DED09A440E36891EBD62E93__087B1066EA914C50BAC4E61EEA27A83A718D2979.udd" 3996
"C:/Users/Brayan/AppData/Local/UnrealEngine/Common/DerivedDataCache/3/7/1/TEXTURE_E01F4250BECD420DA9CE63B5EECEC2C2_OODLE_BC5_11_1DED09A440E36891EBD62E93__9DACF740464F6F0044B624B863CEA7C27A0CE1B9.udd" 3997
"C:/Users/Brayan/AppData/Local/UnrealEngine/Common/DerivedDataCache/0/4/9/TEXTURE_E01F4250BECD420DA9CE63B5EECEC2C2_OODLE_BC5_11_1DED09A440E36891EBD62E93__2B677960870EC6EF5F86B4DA4C99D766BFE1A1DA.udd" 3998
"C:/Users/Brayan/AppData/Local/UnrealEngine/Common/DerivedDataCache/4/8/9/TEXTURE_E01F4250BECD420DA9CE63B5EECEC2C2_OODLE_BC5_11_1DED09A440E36891EBD62E93__DA09799F06162B3665FF608535A4F38AF805C423.udd" 3999
"C:/Users/Brayan/AppData/Local/UnrealEngine/Common/DerivedDataCache/1/9/9/TEXTURE_E01F4250BECD420DA9CE63B5EECEC2C2_OODLE_AUTODXT_11_FA2A05BF44116BB068E0__B94F4779317437BBF146CBEEB6405C6CBBCEA4CA.udd" 4000
"C:/Users/Brayan/AppData/Local/UnrealEngine/Common/DerivedDataCache/1/9/9/TEXTURE_E01F4250BECD420DA9CE63B5EECEC2C2_OODLE_AUTODXT_11_FA2A05BF44116BB068E0__B695000A24F455CC15A5BF78937F54A171C7087B.udd" 4001
"C:/Users/Brayan/AppData/Local/UnrealEngine/Common/DerivedDataCache/8/8/2/TEXTURE_E01F4250BECD420DA9CE63B5EECEC2C2_OODLE_AUTODXT_11_FA2A05BF44116BB068E0__317D26FC7770109F934303F327030546627FA63D.udd" 4002
"C:/Users/Brayan/AppData/Local/UnrealEngine/Common/DerivedDataCache/3/2/6/TEXTURE_E01F4250BECD420DA9CE63B5EECEC2C2_OODLE_AUTODXT_11_FA2A05BF44116BB068E0__7E6191879DB5FA068384B20028785FB7A38F284C.udd" 4003
"C:/Users/Brayan/AppData/Local/UnrealEngine/Common/DerivedDataCache/0/6/5/TEXTURE_E01F4250BECD420DA9CE63B5EECEC2C2_OODLE_AUTODXT_11_FA2A05BF44116BB068E0__A8353A9EA914E8F380A4CDEC783C573BAB18C625.udd" 4004
"C:/Users/Brayan/AppData/Local/UnrealEngine/Common/DerivedDataCache/0/9/3/TEXTURE_E01F4250BECD420DA9CE63B5EECEC2C2_OODLE_AUTODXT_11_FA2A05BF44116BB068E0__1B93E27AF13C3790F76F7FB0360DAD3FF20709FD.udd" 4005
"C:/Users/Brayan/AppData/Local/UnrealEngine/Common/DerivedDataCache/3/6/3/MATSM_0BA69734E4FD45E082FA4560DBE25454_PCD3D_SM5_8__BC5N_NOCCBN_NOIRIS_DEV_SL___5D98B461AEE6DB2F96313354AF7C9B90151D2AF1.udd" 4006
"C:/Users/Brayan/AppData/Local/UnrealEngine/Common/DerivedDataCache/9/1/7/TEXTURE_E01F4250BECD420DA9CE63B5EECEC2C2_OODLE_AUTODXT_11_8F8DCC2944D01200F33A__950290104A56D7311F98A61BA1F5F643C410CADB.udd" 4007
"C:/Users/Brayan/AppData/Local/UnrealEngine/Common/DerivedDataCache/5/0/5/TEXTURE_E01F4250BECD420DA9CE63B5EECEC2C2_OODLE_AUTODXT_11_8F8DCC2944D01200F33A__C4B88385BD70727F68EA58EEA7E7C01376301C60.udd" 4008
"C:/Users/Brayan/AppData/Local/UnrealEngine/Common/DerivedDataCache/1/9/0/TEXTURE_E01F4250BECD420DA9CE63B5EECEC2C2_OODLE_AUTODXT_11_8F8DCC2944D01200F33A__318681BB157F9809450CB5253B768335B60933F4.udd" 4009
"C:/Users/Brayan/AppData/Local/UnrealEngine/Common/DerivedDataCache/7/9/3/TEXTURE_E01F4250BECD420DA9CE63B5EECEC2C2_OODLE_AUTODXT_11_8F8DCC2944D01200F33A__BC5C90933103BEEBA6A45BBD7F6377C61BF120FE.udd" 4010
"C:/Users/Brayan/AppData/Local/UnrealEngine/Common/DerivedDataCache/5/0/7/TEXTURE_E01F4250BECD420DA9CE63B5EECEC2C2_OODLE_AUTODXT_11_8F8DCC2944D01200F33A__44D6DA6315B83E89449837ADE00D7F09AC02A8E5.udd" 4011
"C:/Users/Brayan/AppData/Local/UnrealEngine/Common/DerivedDataCache/9/8/2/TEXTURE_E01F4250BECD420DA9CE63B5EECEC2C2_OODLE_BC5_11_378238EC4831C16209209EBC__8C8F7A1F0F02E6E4311E2CC37FB95C10DA8D0DDC.udd" 4012
"C:/Users/Brayan/AppData/Local/UnrealEngine/Common/DerivedDataCache/9/7/1/TEXTURE_E01F4250BECD420DA9CE63B5EECEC2C2_OODLE_BC5_11_378238EC4831C16209209EBC__1006B79A6B1F9A5180E173E1FA72F004BCA4324D.udd" 4013
"C:/Users/Brayan/AppData/Local/UnrealEngine/Common/DerivedDataCache/9/8/0/TEXTURE_E01F4250BECD420DA9CE63B5EECEC2C2_OODLE_BC5_11_378238EC4831C16209209EBC__C5935D3AA85ECE0D7D6E5E0A2420BD2041E3105F.udd" 4014
"C:/Users/Brayan/AppData/Local/UnrealEngine/Common/DerivedDataCache/4/2/7/TEXTURE_E01F4250BECD420DA9CE63B5EECEC2C2_OODLE_BC5_11_378238EC4831C16209209EBC__F0BC6B9939CFE67B159030B249F893652213EA14.udd" 4015
"C:/Users/Brayan/AppData/Local/UnrealEngine/Common/DerivedDataCache/5/6/2/TEXTURE_E01F4250BECD420DA9CE63B5EECEC2C2_OODLE_BC5_11_378238EC4831C16209209EBC__F7813B427AC2F1CC47FD0F35CA5D9E17CC8BDB9A.udd" 4016
"C:/Users/Brayan/AppData/Local/UnrealEngine/Common/DerivedDataCache/0/9/2/TEXTURE_E01F4250BECD420DA9CE63B5EECEC2C2_OODLE_AUTODXT_11_E860E41C478390141815__9144C2B3FCFEC5767B5BD932E5A40E97882AA0EE.udd" 4017
"C:/Users/Brayan/AppData/Local/UnrealEngine/Common/DerivedDataCache/8/9/4/TEXTURE_E01F4250BECD420DA9CE63B5EECEC2C2_OODLE_AUTODXT_11_E860E41C478390141815__87DD1201DF9FEBC2E1DDCA281D16CB623D84BF7C.udd" 4018
"C:/Users/Brayan/AppData/Local/UnrealEngine/Common/DerivedDataCache/7/0/9/TEXTURE_E01F4250BECD420DA9CE63B5EECEC2C2_OODLE_AUTODXT_11_E860E41C478390141815__59C97D81DFC4B49A5AB57D3AE75B0F69E58921FC.udd" 4019
"C:/Users/Brayan/AppData/Local/UnrealEngine/Common/DerivedDataCache/0/5/7/TEXTURE_E01F4250BECD420DA9CE63B5EECEC2C2_OODLE_AUTODXT_11_E860E41C478390141815__EF1634A87CBEE94CB194F8DAE2A0913FEAC9CB59.udd" 4020
"C:/Users/Brayan/AppData/Local/UnrealEngine/Common/DerivedDataCache/6/6/0/TEXTURE_E01F4250BECD420DA9CE63B5EECEC2C2_OODLE_AUTODXT_11_E860E41C478390141815__F155756A00BBF4B9F9EFE03968DE265D656438F1.udd" 4021
"C:/Users/Brayan/AppData/Local/UnrealEngine/Common/DerivedDataCache/3/6/5/MATSM_0BA69734E4FD45E082FA4560DBE25454_PCD3D_SM5_8__BC5N_NOCCBN_NOIRIS_DEV_SL___C3F017B82BF501E61F20713452F0550E6518A7D4.udd" 4022
"C:/Users/Brayan/AppData/Local/UnrealEngine/Common/DerivedDataCache/5/4/4/MATSM_0BA69734E4FD45E082FA4560DBE25454_PCD3D_SM5_8__BC5N_NOCCBN_NOIRIS_DEV_SL___66562CD2585378B76ED0C4E840978E8696217D97.udd" 4023
"C:/Users/Brayan/AppData/Local/UnrealEngine/Common/DerivedDataCache/8/5/9/MATSM_0BA69734E4FD45E082FA4560DBE25454_PCD3D_SM5_8__BC5N_NOCCBN_NOIRIS_DEV_SL___1CA45A6C278694826D7BF75246FB95B744FE28E8.udd" 4024
"C:/Users/Brayan/AppData/Local/UnrealEngine/Common/DerivedDataCache/4/4/5/TEXTURE_E01F4250BECD420DA9CE63B5EECEC2C2_OODLE_AUTODXT_11_18E0DAE548CA08B81A84__71A9B5037973E68AA4DEC25F00AA08453727C14E.udd" 4025
"C:/Users/Brayan/AppData/Local/UnrealEngine/Common/DerivedDataCache/6/1/4/TEXTURE_E01F4250BECD420DA9CE63B5EECEC2C2_OODLE_AUTODXT_11_18E0DAE548CA08B81A84__9426D20719AA3334543B8E5C80C4647AE46A2016.udd" 4026
"C:/Users/Brayan/AppData/Local/UnrealEngine/Common/DerivedDataCache/3/4/0/TEXTURE_E01F4250BECD420DA9CE63B5EECEC2C2_OODLE_AUTODXT_11_18E0DAE548CA08B81A84__26C739CE735066AA5310FE86E38E9768EEAAB058.udd" 4027
"C:/Users/Brayan/AppData/Local/UnrealEngine/Common/DerivedDataCache/4/7/6/TEXTURE_E01F4250BECD420DA9CE63B5EECEC2C2_OODLE_AUTODXT_11_18E0DAE548CA08B81A84__C88EA192BD4CB731AA97C78A6D2999FEB84C4EE1.udd" 4028
"C:/Users/Brayan/AppData/Local/UnrealEngine/Common/DerivedDataCache/2/1/3/TEXTURE_E01F4250BECD420DA9CE63B5EECEC2C2_OODLE_AUTODXT_11_18E0DAE548CA08B81A84__1FE21848889F3880C3249F5C9AE471F11E54DFDC.udd" 4029
"C:/Users/Brayan/AppData/Local/UnrealEngine/Common/DerivedDataCache/9/9/6/TEXTURE_E01F4250BECD420DA9CE63B5EECEC2C2_OODLE_BC5_11_E4B89E4F43744BDD5BD370B2__30829921FFA9F1BD3314B46849702B7FCA5E5B11.udd" 4030
"C:/Users/Brayan/AppData/Local/UnrealEngine/Common/DerivedDataCache/0/2/9/TEXTURE_E01F4250BECD420DA9CE63B5EECEC2C2_OODLE_BC5_11_E4B89E4F43744BDD5BD370B2__AECE4ABF2C1941C4153B448659E3E239C1A95DD9.udd" 4031
"C:/Users/Brayan/AppData/Local/UnrealEngine/Common/DerivedDataCache/5/7/3/TEXTURE_E01F4250BECD420DA9CE63B5EECEC2C2_OODLE_BC5_11_E4B89E4F43744BDD5BD370B2__04A1A84092A631E0C2921E3AB881B87921E43FC9.udd" 4032
"C:/Users/Brayan/AppData/Local/UnrealEngine/Common/DerivedDataCache/1/0/3/TEXTURE_E01F4250BECD420DA9CE63B5EECEC2C2_OODLE_BC5_11_E4B89E4F43744BDD5BD370B2__AF6FB360DC10BFA363CF8B4578FC9881C0B81939.udd" 4033
"C:/Users/Brayan/AppData/Local/UnrealEngine/Common/DerivedDataCache/7/4/9/TEXTURE_E01F4250BECD420DA9CE63B5EECEC2C2_OODLE_BC5_11_E4B89E4F43744BDD5BD370B2__8E049C0CB117127ACF756C5BC2680832CB5554CD.udd" 4034
"C:/Users/Brayan/AppData/Local/UnrealEngine/Common/DerivedDataCache/1/1/0/TEXTURE_E01F4250BECD420DA9CE63B5EECEC2C2_OODLE_AUTODXT_11_486901A04B0980585763__21084B31FAD77AF896DDB068DD870100880163A4.udd" 4035
"C:/Users/Brayan/AppData/Local/UnrealEngine/Common/DerivedDataCache/1/1/0/TEXTURE_E01F4250BECD420DA9CE63B5EECEC2C2_OODLE_AUTODXT_11_486901A04B0980585763__FA12F9850FA55B6EDBD73BC446670732C1D2F82A.udd" 4036
"C:/Users/Brayan/AppData/Local/UnrealEngine/Common/DerivedDataCache/1/6/9/TEXTURE_E01F4250BECD420DA9CE63B5EECEC2C2_OODLE_AUTODXT_11_486901A04B0980585763__1728D64560CBE060AF5E72CA2544DDD6B656D52A.udd" 4037
"C:/Users/Brayan/AppData/Local/UnrealEngine/Common/DerivedDataCache/2/3/7/TEXTURE_E01F4250BECD420DA9CE63B5EECEC2C2_OODLE_AUTODXT_11_486901A04B0980585763__9163D0BDA6AF36259FFACEAD2CC87BC7B2D4BCD9.udd" 4038
"C:/Users/Brayan/AppData/Local/UnrealEngine/Common/DerivedDataCache/9/9/7/TEXTURE_E01F4250BECD420DA9CE63B5EECEC2C2_OODLE_AUTODXT_11_486901A04B0980585763__CA9BB17DA8715755E3DF92E605E4DC2EE3232469.udd" 4039
"C:/Users/Brayan/AppData/Local/UnrealEngine/Common/DerivedDataCache/1/5/7/MATSM_0BA69734E4FD45E082FA4560DBE25454_PCD3D_SM5_8__BC5N_NOCCBN_NOIRIS_DEV_SL___D7A57F343052F1994377BC014AC6645F97673363.udd" 4040
"C:/Users/Brayan/AppData/Local/UnrealEngine/Common/DerivedDataCache/9/0/7/TEXTURE_E01F4250BECD420DA9CE63B5EECEC2C2_OODLE_AUTODXT_11_78592F6E4705D2BEA934__12761BB3790BCCC06E7F1CF232677CB08DD23F10.udd" 4041
"C:/Users/Brayan/AppData/Local/UnrealEngine/Common/DerivedDataCache/7/8/1/TEXTURE_E01F4250BECD420DA9CE63B5EECEC2C2_OODLE_AUTODXT_11_78592F6E4705D2BEA934__EF5DBEDE505214DB4E74B215B8FD221C696B3E8B.udd" 4042
"C:/Users/Brayan/AppData/Local/UnrealEngine/Common/DerivedDataCache/7/3/3/TEXTURE_E01F4250BECD420DA9CE63B5EECEC2C2_OODLE_AUTODXT_11_78592F6E4705D2BEA934__4E533A41FE3B9F821E8E6C2774F740DC49865DEE.udd" 4043
"C:/Users/Brayan/AppData/Local/UnrealEngine/Common/DerivedDataCache/0/7/5/TEXTURE_E01F4250BECD420DA9CE63B5EECEC2C2_OODLE_AUTODXT_11_78592F6E4705D2BEA934__EE2287B2E11714C3E304C888B55A6B1D3024FB55.udd" 4044
"C:/Users/Brayan/AppData/Local/UnrealEngine/Common/DerivedDataCache/8/0/2/TEXTURE_E01F4250BECD420DA9CE63B5EECEC2C2_OODLE_AUTODXT_11_D56E02E4499CDF5836FB__5CA683680F42CD74B557E532D26A963A21BAA370.udd" 4045
"C:/Users/Brayan/AppData/Local/UnrealEngine/Common/DerivedDataCache/1/1/6/TEXTURE_E01F4250BECD420DA9CE63B5EECEC2C2_OODLE_AUTODXT_11_D56E02E4499CDF5836FB__5FFC1BE8B6FA71916C9859919B3C60AE34A0ACBF.udd" 4046
"C:/Users/Brayan/AppData/Local/UnrealEngine/Common/DerivedDataCache/4/2/0/TEXTURE_E01F4250BECD420DA9CE63B5EECEC2C2_OODLE_AUTODXT_11_D56E02E4499CDF5836FB__5CA0F905250A78A873C56FE17A102EE0DC597BA1.udd" 4047
"C:/Users/Brayan/AppData/Local/UnrealEngine/Common/DerivedDataCache/9/3/6/TEXTURE_E01F4250BECD420DA9CE63B5EECEC2C2_OODLE_AUTODXT_11_D56E02E4499CDF5836FB__16F5F317AA66541141D43F7D5F24CAFDF3163ABA.udd" 4048
"C:/Users/Brayan/AppData/Local/UnrealEngine/Common/DerivedDataCache/8/2/8/TEXTURE_E01F4250BECD420DA9CE63B5EECEC2C2_OODLE_AUTODXT_11_D56E02E4499CDF5836FB__3804A2348099D10A11DA01364258DF7E5ABA4BD8.udd" 4049
"C:/Users/Brayan/AppData/Local/UnrealEngine/Common/DerivedDataCache/0/5/9/MATSM_0BA69734E4FD45E082FA4560DBE25454_PCD3D_SM5_8__BC5N_NOCCBN_NOIRIS_DEV_SL___F77914BE893FCC526F40A39C0B1DF36756302271.udd" 4050
"C:/Users/Brayan/AppData/Local/UnrealEngine/Common/DerivedDataCache/6/6/5/TEXTURE_E01F4250BECD420DA9CE63B5EECEC2C2_OODLE_AUTODXT_11_7108FFEE44917CC26453__040FF685F57399DBDF5260942D2DD5201488891D.udd" 4051
"C:/Users/Brayan/AppData/Local/UnrealEngine/Common/DerivedDataCache/9/7/5/TEXTURE_E01F4250BECD420DA9CE63B5EECEC2C2_OODLE_AUTODXT_11_CD8860194ABCE8D2D13A__0E67E9A0D9317F6989ADCEB87E7CD2845135F3BC.udd" 4052
"C:/Users/Brayan/AppData/Local/UnrealEngine/Common/DerivedDataCache/0/3/5/TEXTURE_E01F4250BECD420DA9CE63B5EECEC2C2_OODLE_AUTODXT_11_7108FFEE44917CC26453__C50C30D0307682203D2112DCA7F9123AC3240165.udd" 4053
"C:/Users/Brayan/AppData/Local/UnrealEngine/Common/DerivedDataCache/1/4/8/TEXTURE_E01F4250BECD420DA9CE63B5EECEC2C2_OODLE_AUTODXT_11_35084812487ACF8F46E4__17511ADC495C1AF2607CD7A70C78B50963B3F932.udd" 4054
"C:/Users/Brayan/AppData/Local/UnrealEngine/Common/DerivedDataCache/1/6/9/TEXTURE_E01F4250BECD420DA9CE63B5EECEC2C2_OODLE_AUTODXT_11_7108FFEE44917CC26453__D286A7B0AFB35BE8D7320EFE66EE9D9929162375.udd" 4055
"C:/Users/Brayan/AppData/Local/UnrealEngine/Common/DerivedDataCache/4/8/9/TEXTURE_E01F4250BECD420DA9CE63B5EECEC2C2_OODLE_AUTODXT_11_CD8860194ABCE8D2D13A__3F3230F649C13872EF5CA9B469E1EE4F1074330B.udd" 4056
"C:/Users/Brayan/AppData/Local/UnrealEngine/Common/DerivedDataCache/1/9/6/TEXTURE_E01F4250BECD420DA9CE63B5EECEC2C2_OODLE_AUTODXT_11_CD8860194ABCE8D2D13A__AC409B823C31E64B1A601A2ADDFEFE0C047614F8.udd" 4057
"C:/Users/Brayan/AppData/Local/UnrealEngine/Common/DerivedDataCache/8/0/4/TEXTURE_E01F4250BECD420DA9CE63B5EECEC2C2_OODLE_AUTODXT_11_CD8860194ABCE8D2D13A__C0C6EFBF7245B6C5901546E3F7E609BA89CC2183.udd" 4058
"C:/Users/Brayan/AppData/Local/UnrealEngine/Common/DerivedDataCache/4/9/3/TEXTURE_E01F4250BECD420DA9CE63B5EECEC2C2_OODLE_AUTODXT_11_36A5C19846174A4879FA__BF542A1403995B2D6547A271DC80D07382A05A49.udd" 4059
"C:/Users/Brayan/AppData/Local/UnrealEngine/Common/DerivedDataCache/3/6/7/TEXTURE_E01F4250BECD420DA9CE63B5EECEC2C2_OODLE_AUTODXT_11_35084812487ACF8F46E4__DC120C4DFE8EBE38388E09115B759E9C349CCF39.udd" 4060
"C:/Users/Brayan/AppData/Local/UnrealEngine/Common/DerivedDataCache/5/3/5/TEXTURE_E01F4250BECD420DA9CE63B5EECEC2C2_OODLE_AUTODXT_11_35084812487ACF8F46E4__0C93AF57B6E7364FCA666CE25E51E4A95EC240B0.udd" 4061
"C:/Users/Brayan/AppData/Local/UnrealEngine/Common/DerivedDataCache/4/9/1/TEXTURE_E01F4250BECD420DA9CE63B5EECEC2C2_OODLE_AUTODXT_11_7894B3D14A2E13153029__76D70C9AED70FD66ED6234E160862C2E2BCB4195.udd" 4062
"C:/Users/Brayan/AppData/Local/UnrealEngine/Common/DerivedDataCache/0/6/6/TEXTURE_E01F4250BECD420DA9CE63B5EECEC2C2_OODLE_AUTODXT_11_36A5C19846174A4879FA__4B3C5A5A86E0F2AEB23552D8C00D88514FAC525E.udd" 4063
"C:/Users/Brayan/AppData/Local/UnrealEngine/Common/DerivedDataCache/1/6/1/TEXTURE_E01F4250BECD420DA9CE63B5EECEC2C2_OODLE_AUTODXT_11_36A5C19846174A4879FA__39DE9D3051EE6225F7B281D866AEFD66D210286D.udd" 4064
"C:/Users/Brayan/AppData/Local/UnrealEngine/Common/DerivedDataCache/6/1/7/TEXTURE_E01F4250BECD420DA9CE63B5EECEC2C2_OODLE_AUTODXT_11_36A5C19846174A4879FA__37B6665E5B6E015BECB155762DFCFEA6BB1839E2.udd" 4065
"C:/Users/Brayan/AppData/Local/UnrealEngine/Common/DerivedDataCache/6/6/9/TEXTURE_E01F4250BECD420DA9CE63B5EECEC2C2_OODLE_AUTODXT_11_BEC021A74B9FB342B174__C4A5033556E146B368DEC390A2CDA16878C9C24A.udd" 4066
"C:/Users/Brayan/AppData/Local/UnrealEngine/Common/DerivedDataCache/5/4/5/TEXTURE_E01F4250BECD420DA9CE63B5EECEC2C2_OODLE_AUTODXT_11_7894B3D14A2E13153029__36E21E313583D55AA45FE5CC6636B8F5E8F4C5E0.udd" 4067
"C:/Users/Brayan/AppData/Local/UnrealEngine/Common/DerivedDataCache/7/0/5/TEXTURE_E01F4250BECD420DA9CE63B5EECEC2C2_OODLE_AUTODXT_11_7894B3D14A2E13153029__E90CC21390D30A5AC2ACAEDC48067A2C0044E616.udd" 4068
"C:/Users/Brayan/AppData/Local/UnrealEngine/Common/DerivedDataCache/9/1/4/TEXTURE_E01F4250BECD420DA9CE63B5EECEC2C2_OODLE_AUTODXT_11_7894B3D14A2E13153029__087389A35DB5E4706730DA8C7E3557F926D29974.udd" 4069
"C:/Users/Brayan/AppData/Local/UnrealEngine/Common/DerivedDataCache/8/7/4/TEXTURE_E01F4250BECD420DA9CE63B5EECEC2C2_OODLE_AUTODXT_11_760DA0074FA5460658E3__015440887CA84B64ED851BFBFD734CF69135303A.udd" 4070
"C:/Users/Brayan/AppData/Local/UnrealEngine/Common/DerivedDataCache/9/1/9/TEXTURE_E01F4250BECD420DA9CE63B5EECEC2C2_OODLE_AUTODXT_11_BEC021A74B9FB342B174__CFF45222C2D90EADF890B4C75E003F60FCE41C49.udd" 4071
"C:/Users/Brayan/AppData/Local/UnrealEngine/Common/DerivedDataCache/6/9/7/TEXTURE_E01F4250BECD420DA9CE63B5EECEC2C2_OODLE_AUTODXT_11_BEC021A74B9FB342B174__066B8164E2FFE0C454D40516D55CC9CBF6A4233C.udd" 4072
"C:/Users/Brayan/AppData/Local/UnrealEngine/Common/DerivedDataCache/5/7/9/TEXTURE_E01F4250BECD420DA9CE63B5EECEC2C2_OODLE_AUTODXT_11_BEC021A74B9FB342B174__E4B1D93210B0F23078C0A94A8CD6F05A3D2D4654.udd" 4073
"C:/Users/Brayan/AppData/Local/UnrealEngine/Common/DerivedDataCache/7/3/4/TEXTURE_E01F4250BECD420DA9CE63B5EECEC2C2_OODLE_AUTODXT_11_C31E6E504DF7EE1CCF6F__D766216381CE1F863DEA49FC2D2A8A2C831B9549.udd" 4074
"C:/Users/Brayan/AppData/Local/UnrealEngine/Common/DerivedDataCache/3/7/3/TEXTURE_E01F4250BECD420DA9CE63B5EECEC2C2_OODLE_AUTODXT_11_760DA0074FA5460658E3__C537E74D946C5F1FC1DFE9FBF882C255120134EF.udd" 4075
"C:/Users/Brayan/AppData/Local/UnrealEngine/Common/DerivedDataCache/8/3/7/TEXTURE_E01F4250BECD420DA9CE63B5EECEC2C2_OODLE_AUTODXT_11_240E77544216BA350D32__4D15A21A84E47D9D661D992E4A53EF554150C1A3.udd" 4076
"C:/Users/Brayan/AppData/Local/UnrealEngine/Common/DerivedDataCache/4/8/4/TEXTURE_E01F4250BECD420DA9CE63B5EECEC2C2_OODLE_AUTODXT_11_C31E6E504DF7EE1CCF6F__19F1D6B7A5AA9D29CB381F2EE6C030C2742860CE.udd" 4077
"C:/Users/Brayan/AppData/Local/UnrealEngine/Common/DerivedDataCache/5/3/4/TEXTURE_E01F4250BECD420DA9CE63B5EECEC2C2_OODLE_AUTODXT_11_8178DFE043BD7C2EB52D__4145BFA751278C1F64D19D47A0EF6621E3CE51C4.udd" 4078
"C:/Users/Brayan/AppData/Local/UnrealEngine/Common/DerivedDataCache/7/2/9/TEXTURE_E01F4250BECD420DA9CE63B5EECEC2C2_OODLE_AUTODXT_11_240E77544216BA350D32__1A19B80AF10DC8DE20177E8BCD85E1D088BD6E0E.udd" 4079
"C:/Users/Brayan/AppData/Local/UnrealEngine/Common/DerivedDataCache/1/2/8/TEXTURE_E01F4250BECD420DA9CE63B5EECEC2C2_OODLE_AUTODXT_11_240E77544216BA350D32__65E95335B75390FCFB5CE325530753960FC3DA14.udd" 4080
"C:/Users/Brayan/AppData/Local/UnrealEngine/Common/DerivedDataCache/0/7/2/TEXTURE_E01F4250BECD420DA9CE63B5EECEC2C2_OODLE_AUTODXT_11_240E77544216BA350D32__4F6F8769E31956B4C9CFEDA562829EFBE9D796AE.udd" 4081
"C:/Users/Brayan/AppData/Local/UnrealEngine/Common/DerivedDataCache/0/0/4/TEXTURE_E01F4250BECD420DA9CE63B5EECEC2C2_OODLE_AUTODXT_11_36E9F12A482F8ED59280__BF8252C0354898F4AF19AAA22947971362782279.udd" 4082
"C:/Users/Brayan/AppData/Local/UnrealEngine/Common/DerivedDataCache/3/9/1/TEXTURE_E01F4250BECD420DA9CE63B5EECEC2C2_OODLE_AUTODXT_11_8178DFE043BD7C2EB52D__4004BBBEC99B07EDC6F26056690DB08FEC685647.udd" 4083
"C:/Users/Brayan/AppData/Local/UnrealEngine/Common/DerivedDataCache/2/6/0/TEXTURE_E01F4250BECD420DA9CE63B5EECEC2C2_OODLE_AUTODXT_11_8178DFE043BD7C2EB52D__63D587AAB0D8A13ACDE540645C7769438FC366A3.udd" 4084
"C:/Users/Brayan/AppData/Local/UnrealEngine/Common/DerivedDataCache/5/8/3/TEXTURE_E01F4250BECD420DA9CE63B5EECEC2C2_OODLE_AUTODXT_11_9461C5664985FF4C4B44__CA76F135AE094AD41B81DE42F958A0AFE8A8F290.udd" 4085
"C:/Users/Brayan/AppData/Local/UnrealEngine/Common/DerivedDataCache/9/2/8/TEXTURE_E01F4250BECD420DA9CE63B5EECEC2C2_OODLE_DXT1_11_D1D0BE1F41C6AA2D22A03FB__83FBA16353858A635C840C3160BA7480671F4479.udd" 4086
"C:/Users/Brayan/AppData/Local/UnrealEngine/Common/DerivedDataCache/2/9/3/TEXTURE_E01F4250BECD420DA9CE63B5EECEC2C2_OODLE_AUTODXT_11_FC46F78C4BEC9281E0E0__FE3A061CC0060B25080DF477DA633455F07FEBF2.udd" 4087
"C:/Users/Brayan/AppData/Local/UnrealEngine/Common/DerivedDataCache/5/2/9/TEXTURE_E01F4250BECD420DA9CE63B5EECEC2C2_OODLE_AUTODXT_11_808C44F2405F2AC29910__C0B323C7237D53DC0DE93FD3D65CC31CA64B7B63.udd" 4088
"C:/Users/Brayan/AppData/Local/UnrealEngine/Common/DerivedDataCache/4/5/6/TEXTURE_E01F4250BECD420DA9CE63B5EECEC2C2_OODLE_AUTODXT_11_27A4BCAC431B3049B2E7__C67D6DA4668F9288451A0089540FF224C2CCB3F8.udd" 4089
"C:/Users/Brayan/AppData/Local/UnrealEngine/Common/DerivedDataCache/9/2/9/TEXTURE_E01F4250BECD420DA9CE63B5EECEC2C2_OODLE_DXT1_11_5DD9CE3142D57D67AD8476B__0A27DB7FDF54D02D4243B343AA31F233A28C656E.udd" 4090
"C:/Users/Brayan/AppData/Local/UnrealEngine/Common/DerivedDataCache/4/1/7/TEXTURE_E01F4250BECD420DA9CE63B5EECEC2C2_OODLE_DXT1_11_C992CC034AEB377D9F42C29__B89F68F74AB3289631B0C2C05461DE9034DD5679.udd" 4091
"C:/Users/Brayan/AppData/Local/UnrealEngine/Common/DerivedDataCache/6/0/4/TEXTURE_E01F4250BECD420DA9CE63B5EECEC2C2_OODLE_DXT1_11_950E584F4DE21B0DAFA32F9__02EE4FDAB589FA5A2A2E3BF248CA2780631D2D6C.udd" 4092
"C:/Users/Brayan/AppData/Local/UnrealEngine/Common/DerivedDataCache/3/9/8/TEXTURE_E01F4250BECD420DA9CE63B5EECEC2C2_OODLE_DXT1_11_8D346EFA40E0D4AA61849DA__4A8CCEB14EB1CA8E2E2917C274BE0BF506489DB2.udd" 4093
"C:/Users/Brayan/AppData/Local/UnrealEngine/Common/DerivedDataCache/3/0/0/TEXTURE_E01F4250BECD420DA9CE63B5EECEC2C2_OODLE_DXT1_11_C6461F804E07ED1436CAB4A__8D47169D2356F80F5EA8AE95CC8A01E43AD65A34.udd" 4094
"C:/Users/Brayan/AppData/Local/UnrealEngine/Common/DerivedDataCache/5/2/8/TEXTURE_E01F4250BECD420DA9CE63B5EECEC2C2_OODLE_AUTODXT_11_36E9F12A482F8ED59280__E34FBFAA91D6B4CF3171A566E00BE72F0BF39ACC.udd" 4095
"C:/Users/Brayan/AppData/Local/UnrealEngine/Common/DerivedDataCache/0/0/9/TEXTURE_E01F4250BECD420DA9CE63B5EECEC2C2_OODLE_AUTODXT_11_36E9F12A482F8ED59280__2DF0AA0664D7C4BE17CD78574DDC9F79ED0F36F7.udd" 4096
"C:/Users/Brayan/AppData/Local/UnrealEngine/Common/DerivedDataCache/3/4/4/TEXTURE_E01F4250BECD420DA9CE63B5EECEC2C2_OODLE_DXT1_11_74BBB21A43BB06FDB62160B__18509E3EC11ABE44AE75004F0B8EB249DF0C1AC9.udd" 4097
"C:/Users/Brayan/AppData/Local/UnrealEngine/Common/DerivedDataCache/3/9/5/TEXTURE_E01F4250BECD420DA9CE63B5EECEC2C2_OODLE_DXT1_11_D1D0BE1F41C6AA2D22A03FB__C4472F33BE2AB543ED95E6E8011E1B14EA0C72C3.udd" 4098
"C:/Users/Brayan/AppData/Local/UnrealEngine/Common/DerivedDataCache/3/8/6/TEXTURE_E01F4250BECD420DA9CE63B5EECEC2C2_OODLE_DXT1_11_55B8E0ED419CD363A2739DB__C3414982746B0B529709B68BADAD77B20F200CB0.udd" 4099
"C:/Users/Brayan/AppData/Local/UnrealEngine/Common/DerivedDataCache/0/8/3/TEXTURE_E01F4250BECD420DA9CE63B5EECEC2C2_OODLE_AUTODXT_11_27A4BCAC431B3049B2E7__3AAF01A4EA826549A8E31906C78EF9DEBF356EF1.udd" 4100
"C:/Users/Brayan/AppData/Local/UnrealEngine/Common/DerivedDataCache/1/5/3/TEXTURE_E01F4250BECD420DA9CE63B5EECEC2C2_OODLE_AUTODXT_11_FC46F78C4BEC9281E0E0__FFC8919AE4901067E5EAE7CB1E4AA989CBA6F542.udd" 4101
"C:/Users/Brayan/AppData/Local/UnrealEngine/Common/DerivedDataCache/4/2/0/TEXTURE_E01F4250BECD420DA9CE63B5EECEC2C2_OODLE_DXT1_11_5DD9CE3142D57D67AD8476B__42A36E8F726B556C15E21155D9B01CCE5D7CA350.udd" 4102
"C:/Users/Brayan/AppData/Local/UnrealEngine/Common/DerivedDataCache/4/5/8/TEXTURE_E01F4250BECD420DA9CE63B5EECEC2C2_OODLE_AUTODXT_11_9461C5664985FF4C4B44__FF6C70C162E7B63C033393A823C0BC3E6D7EF80A.udd" 4103
"C:/Users/Brayan/AppData/Local/UnrealEngine/Common/DerivedDataCache/4/1/3/TEXTURE_E01F4250BECD420DA9CE63B5EECEC2C2_OODLE_AUTODXT_11_808C44F2405F2AC29910__28D5B3E84FE1B88A7654D844E1B797E5D0119980.udd" 4104
"C:/Users/Brayan/AppData/Local/UnrealEngine/Common/DerivedDataCache/4/7/8/TEXTURE_E01F4250BECD420DA9CE63B5EECEC2C2_OODLE_DXT1_11_8D346EFA40E0D4AA61849DA__EECD4B5803E036C4A04C0F3E2EA154B1B5E6C720.udd" 4105
"C:/Users/Brayan/AppData/Local/UnrealEngine/Common/DerivedDataCache/0/2/4/TEXTURE_E01F4250BECD420DA9CE63B5EECEC2C2_OODLE_DXT1_11_950E584F4DE21B0DAFA32F9__F51A0265BB9E8B81B3F08974D3B1E0F34E53DABF.udd" 4106
"C:/Users/Brayan/AppData/Local/UnrealEngine/Common/DerivedDataCache/6/1/3/TEXTURE_E01F4250BECD420DA9CE63B5EECEC2C2_OODLE_DXT1_11_C992CC034AEB377D9F42C29__6B4599F39FBD58B3EF899BB36A51A96F6CDE6F4F.udd" 4107
"C:/Users/Brayan/AppData/Local/UnrealEngine/Common/DerivedDataCache/1/3/7/TEXTURE_E01F4250BECD420DA9CE63B5EECEC2C2_OODLE_DXT1_11_950E584F4DE21B0DAFA32F9__A4668F123C6A2A8BFA000DDF4E1D22F4F694545C.udd" 4108
"C:/Users/Brayan/AppData/Local/UnrealEngine/Common/DerivedDataCache/4/3/3/TEXTURE_E01F4250BECD420DA9CE63B5EECEC2C2_OODLE_DXT1_11_8D346EFA40E0D4AA61849DA__FB24D784D34EC3F4B10D879B45207C002409CB39.udd" 4109
"C:/Users/Brayan/AppData/Local/UnrealEngine/Common/DerivedDataCache/8/2/5/TEXTURE_E01F4250BECD420DA9CE63B5EECEC2C2_OODLE_DXT1_11_46E6FF554CA160F20652FF9__9CF1427BCA3CC51BAADDE92B0B29698F2B57DC4E.udd" 4110
"C:/Users/Brayan/AppData/Local/UnrealEngine/Common/DerivedDataCache/2/8/6/TEXTURE_E01F4250BECD420DA9CE63B5EECEC2C2_OODLE_DXT1_11_C992CC034AEB377D9F42C29__817C68F0FA7267CEBC1018E2103A554DC519460A.udd" 4111
"C:/Users/Brayan/AppData/Local/UnrealEngine/Common/DerivedDataCache/6/9/4/TEXTURE_E01F4250BECD420DA9CE63B5EECEC2C2_OODLE_DXT1_11_C992CC034AEB377D9F42C29__8E2C4334DFED8385C66F378FF1A6DDC0D706229D.udd" 4112
"C:/Users/Brayan/AppData/Local/UnrealEngine/Common/DerivedDataCache/3/2/0/TEXTURE_E01F4250BECD420DA9CE63B5EECEC2C2_OODLE_DXT1_11_74BBB21A43BB06FDB62160B__B77CF3F695687C66A7DAEB522CCC55B7232491DF.udd" 4113
"C:/Users/Brayan/AppData/Local/UnrealEngine/Common/DerivedDataCache/1/4/9/TEXTURE_E01F4250BECD420DA9CE63B5EECEC2C2_OODLE_DXT1_11_55B8E0ED419CD363A2739DB__FF150F744997318590F9B85F02133330A149502D.udd" 4114
"C:/Users/Brayan/AppData/Local/UnrealEngine/Common/DerivedDataCache/4/1/5/TEXTURE_E01F4250BECD420DA9CE63B5EECEC2C2_OODLE_DXT1_11_C6461F804E07ED1436CAB4A__06261E728EDC43C28CD9F0F72784F8B2298F3528.udd" 4115
"C:/Users/Brayan/AppData/Local/UnrealEngine/Common/DerivedDataCache/8/2/9/TEXTURE_E01F4250BECD420DA9CE63B5EECEC2C2_OODLE_DXT1_11_74BBB21A43BB06FDB62160B__261D636FD56CA540D522A21F3C733CE3E2B9D40E.udd" 4116
"C:/Users/Brayan/AppData/Local/UnrealEngine/Common/DerivedDataCache/2/7/6/TEXTURE_E01F4250BECD420DA9CE63B5EECEC2C2_OODLE_DXT1_11_C6461F804E07ED1436CAB4A__AACB0EF86AA37E0557569F0BE5A2490F67219F26.udd" 4117
"C:/Users/Brayan/AppData/Local/UnrealEngine/Common/DerivedDataCache/9/5/8/TEXTURE_E01F4250BECD420DA9CE63B5EECEC2C2_OODLE_DXT1_11_163F05FA408C8A6C57AFD19__F39C5DE938C2E00680B7D4B92C625FCD7E233F31.udd" 4118
"C:/Users/Brayan/AppData/Local/UnrealEngine/Common/DerivedDataCache/3/4/5/TEXTURE_E01F4250BECD420DA9CE63B5EECEC2C2_OODLE_DXT1_11_5DD9CE3142D57D67AD8476B__CDEE49993889D31FBDEC2697F99B73EA9387FB03.udd" 4119
"C:/Users/Brayan/AppData/Local/UnrealEngine/Common/DerivedDataCache/1/0/8/TEXTURE_E01F4250BECD420DA9CE63B5EECEC2C2_OODLE_DXT1_11_74BBB21A43BB06FDB62160B__106F2785A49CCF3F596064D6907C4C2C1E584DD5.udd" 4120
"C:/Users/Brayan/AppData/Local/UnrealEngine/Common/DerivedDataCache/0/8/3/TEXTURE_E01F4250BECD420DA9CE63B5EECEC2C2_OODLE_DXT1_11_46E6FF554CA160F20652FF9__EAAB6155DCE4041951D791157A82BE571EF4F9CE.udd" 4121
"C:/Users/Brayan/AppData/Local/UnrealEngine/Common/DerivedDataCache/3/7/5/TEXTURE_E01F4250BECD420DA9CE63B5EECEC2C2_OODLE_DXT1_11_8D346EFA40E0D4AA61849DA__F697E1AFEC826CD4A1879A6899773F3F4663CC07.udd" 4122
"C:/Users/Brayan/AppData/Local/UnrealEngine/Common/DerivedDataCache/8/6/4/TEXTURE_E01F4250BECD420DA9CE63B5EECEC2C2_OODLE_DXT1_11_46E6FF554CA160F20652FF9__72B7935A7EDEEE2D7F2BC457D14E6945B29357ED.udd" 4123
"C:/Users/Brayan/AppData/Local/UnrealEngine/Common/DerivedDataCache/3/6/2/TEXTURE_E01F4250BECD420DA9CE63B5EECEC2C2_OODLE_DXT1_11_46E6FF554CA160F20652FF9__8D0BC8388994715C07E4D038BB2AEB160723A87E.udd" 4124
"C:/Users/Brayan/AppData/Local/UnrealEngine/Common/DerivedDataCache/4/9/9/TEXTURE_E01F4250BECD420DA9CE63B5EECEC2C2_OODLE_DXT1_11_D7A50149482788D7954A5AB__D06F4A36B39987B2CBFA7FB0077C2FDA98BF0C13.udd" 4125
"C:/Users/Brayan/AppData/Local/UnrealEngine/Common/DerivedDataCache/0/6/6/TEXTURE_E01F4250BECD420DA9CE63B5EECEC2C2_OODLE_DXT1_11_C6461F804E07ED1436CAB4A__D3BB59515845D53EB9DE2C0EA0021EF82DDBFAB8.udd" 4126
"C:/Users/Brayan/AppData/Local/UnrealEngine/Common/DerivedDataCache/7/9/9/TEXTURE_E01F4250BECD420DA9CE63B5EECEC2C2_OODLE_DXT1_11_A1248C4D4F8C0C33AD5D3CB__F3828F5A02FF25EC0CCA152B2B2198B766DE9CAD.udd" 4127
"C:/Users/Brayan/AppData/Local/UnrealEngine/Common/DerivedDataCache/6/6/7/TEXTURE_E01F4250BECD420DA9CE63B5EECEC2C2_OODLE_DXT1_11_163F05FA408C8A6C57AFD19__BC303ACCA5F4162B391E713F530C27FAF3ED42EF.udd" 4128
"C:/Users/Brayan/AppData/Local/UnrealEngine/Common/DerivedDataCache/8/5/4/TEXTURE_E01F4250BECD420DA9CE63B5EECEC2C2_OODLE_DXT1_11_163F05FA408C8A6C57AFD19__146443DA41CB35A42D59C200D27EEAAE45973AD2.udd" 4129
"C:/Users/Brayan/AppData/Local/UnrealEngine/Common/DerivedDataCache/1/0/5/TEXTURE_E01F4250BECD420DA9CE63B5EECEC2C2_OODLE_DXT1_11_F8F3E24C4B8083EEC29B648__E399F7E6526406AF0C03DDACB1F450459FFF28F4.udd" 4130
"C:/Users/Brayan/AppData/Local/UnrealEngine/Common/DerivedDataCache/6/2/7/TEXTURE_E01F4250BECD420DA9CE63B5EECEC2C2_OODLE_DXT1_11_D7A50149482788D7954A5AB__A432AF4B23AC83722DF56A049D0CBEE0BEE0134C.udd" 4131
"C:/Users/Brayan/AppData/Local/UnrealEngine/Common/DerivedDataCache/4/7/6/TEXTURE_E01F4250BECD420DA9CE63B5EECEC2C2_OODLE_DXT1_11_A1248C4D4F8C0C33AD5D3CB__B7A862C5B551D5FA1983535FA67AECDA998FDC02.udd" 4132
"C:/Users/Brayan/AppData/Local/UnrealEngine/Common/DerivedDataCache/6/4/0/TEXTURE_E01F4250BECD420DA9CE63B5EECEC2C2_OODLE_DXT1_11_D7A50149482788D7954A5AB__6062A495CCFC37D24D96E06A12A452A742EB1DD2.udd" 4133
"C:/Users/Brayan/AppData/Local/UnrealEngine/Common/DerivedDataCache/0/8/8/TEXTURE_E01F4250BECD420DA9CE63B5EECEC2C2_OODLE_DXT1_11_DBC5C15644E713A3E735C78__9B50518E5C8680045455F2E954EC3F219FB71E0D.udd" 4134
"C:/Users/Brayan/AppData/Local/UnrealEngine/Common/DerivedDataCache/6/0/0/TEXTURE_E01F4250BECD420DA9CE63B5EECEC2C2_OODLE_DXT1_11_F8F3E24C4B8083EEC29B648__FC422F42BCECC6B12BC82B6F0308E982145AE06B.udd" 4135
"C:/Users/Brayan/AppData/Local/UnrealEngine/Common/DerivedDataCache/2/3/1/TEXTURE_E01F4250BECD420DA9CE63B5EECEC2C2_OODLE_DXT1_11_22F130344812213093E57F9__0128C975734684C099090284A19DF0053F144AEA.udd" 4136
"C:/Users/Brayan/AppData/Local/UnrealEngine/Common/DerivedDataCache/5/2/2/TEXTURE_E01F4250BECD420DA9CE63B5EECEC2C2_OODLE_DXT1_11_DBC5C15644E713A3E735C78__B6EEE0DE21C6BCDAFC537DB6022F0E92DBF7DD25.udd" 4137
"C:/Users/Brayan/AppData/Local/UnrealEngine/Common/DerivedDataCache/3/4/1/TEXTURE_E01F4250BECD420DA9CE63B5EECEC2C2_OODLE_DXT1_11_22F130344812213093E57F9__A20290127FDC7BC4CB801D4F6B94162CE4438D25.udd" 4138
"C:/Users/Brayan/AppData/Local/UnrealEngine/Common/DerivedDataCache/2/2/4/TEXTURE_E01F4250BECD420DA9CE63B5EECEC2C2_OODLE_AUTODXT_11_DFF45FEA4CBAE7089BBB__C4644C24EA4FDA867F2B1FBA78E52D614EA8798F.udd" 4139
"C:/Users/Brayan/AppData/Local/UnrealEngine/Common/DerivedDataCache/1/7/3/TEXTURE_E01F4250BECD420DA9CE63B5EECEC2C2_OODLE_AUTODXT_11_DFF45FEA4CBAE7089BBB__FF5CAD38061E207829A4023E8F85D77033C66F72.udd" 4140
"C:/Users/Brayan/AppData/Local/UnrealEngine/Common/DerivedDataCache/6/3/6/TEXTURE_E01F4250BECD420DA9CE63B5EECEC2C2_OODLE_AUTODXT_11_DFF45FEA4CBAE7089BBB__C787A62744BA8BC499DAE02B4FF2FFF7987790B2.udd" 4141
"C:/Users/Brayan/AppData/Local/UnrealEngine/Common/DerivedDataCache/6/8/4/TEXTURE_E01F4250BECD420DA9CE63B5EECEC2C2_OODLE_AUTODXT_11_DFF45FEA4CBAE7089BBB__33648D51E130C606DB892C69C614894F23623C43.udd" 4142
"C:/Users/Brayan/AppData/Local/UnrealEngine/Common/DerivedDataCache/2/2/6/TEXTURE_E01F4250BECD420DA9CE63B5EECEC2C2_OODLE_AUTODXT_11_DFF45FEA4CBAE7089BBB__318C4F18E48AA427F71E9B13E14CFCBA968178AF.udd" 4143
"C:/Users/Brayan/AppData/Local/UnrealEngine/Common/DerivedDataCache/1/2/0/TEXTURE_E01F4250BECD420DA9CE63B5EECEC2C2_OODLE_AUTODXT_11_DFF45FEA4CBAE7089BBB__E5C73E25E97861C8732EBF15C676CC27C96C8E3C.udd" 4144
"C:/Users/Brayan/AppData/Local/UnrealEngine/Common/DerivedDataCache/1/0/1/TEXTURE_E01F4250BECD420DA9CE63B5EECEC2C2_OODLE_BC5_11_A0AF828D4220E3266EFABB82__9388EECD05439DFD276ABD588658245B21A8F99C.udd" 4145
"C:/Users/Brayan/AppData/Local/UnrealEngine/Common/DerivedDataCache/6/8/7/TEXTURE_E01F4250BECD420DA9CE63B5EECEC2C2_OODLE_BC5_11_A0AF828D4220E3266EFABB82__CB4DBF5DC2F7878722165D9642513724620A6DE1.udd" 4146
"C:/Users/Brayan/AppData/Local/UnrealEngine/Common/DerivedDataCache/5/4/6/TEXTURE_E01F4250BECD420DA9CE63B5EECEC2C2_OODLE_BC5_11_A0AF828D4220E3266EFABB82__C629004D461AD1A1B27E6656ABFDA2EFFB55125D.udd" 4147
"C:/Users/Brayan/AppData/Local/UnrealEngine/Common/DerivedDataCache/3/5/5/TEXTURE_E01F4250BECD420DA9CE63B5EECEC2C2_OODLE_BC5_11_A0AF828D4220E3266EFABB82__D8167A1842D467006F114D3A1E4E44E9ECD235CB.udd" 4148
"C:/Users/Brayan/AppData/Local/UnrealEngine/Common/DerivedDataCache/2/2/7/TEXTURE_E01F4250BECD420DA9CE63B5EECEC2C2_OODLE_BC5_11_A0AF828D4220E3266EFABB82__D01574D771849E8D877DF09DA0DE51353F5AC4D3.udd" 4149
"C:/Users/Brayan/AppData/Local/UnrealEngine/Common/DerivedDataCache/8/9/3/TEXTURE_E01F4250BECD420DA9CE63B5EECEC2C2_OODLE_BC5_11_A0AF828D4220E3266EFABB82__8F58A408782F2FD02BBC5BD4BEE4257FBF7ECB38.udd" 4150
"C:/Users/Brayan/Desktop/banana odyssey/banana_odyssey/Content/niveles/texturas_nivel_1/pared_y_piso/T_Neo_Bathroom_Wall_S.uasset" 4151
"C:/Users/Brayan/Desktop/banana odyssey/banana_odyssey/Content/niveles/texturas_nivel_1/pared_y_piso/T_Neo_Bathroom_Wall_N.uasset" 4152
"C:/Users/Brayan/Desktop/banana odyssey/banana_odyssey/Content/niveles/texturas_nivel_1/pared_y_piso/T_Neo_Bathroom_Wall_D.uasset" 4153
"C:/Users/Brayan/Desktop/banana odyssey/banana_odyssey/Content/niveles/nivel_1/nivel_1_ba?o_Default__BrickSimple_AAA_SolidWall_C.uasset" 4154
"C:/Users/Brayan/Desktop/banana odyssey/banana_odyssey/Content/niveles/nivel_1/MI_FORT_Brick_Simple_200c2f18.uasset" 4155
"C:/Users/Brayan/Desktop/banana odyssey/banana_odyssey/Content/niveles/texturas_nivel_1/muebles/T_CozySoup_BathTub_A_A_D.uasset" 4156
"C:/Users/Brayan/Desktop/banana odyssey/banana_odyssey/Content/niveles/texturas_nivel_1/muebles/T_CozySoup_BathTub_A_A_N.uasset" 4157
"C:/Users/Brayan/Desktop/banana odyssey/banana_odyssey/Content/niveles/texturas_nivel_1/muebles/T_CozySoup_BathTub_A_A_S.uasset" 4158
"C:/Users/Brayan/Desktop/banana odyssey/banana_odyssey/Content/niveles/nivel_1/MI_Creative_Waterfall_03b_b490e56.uasset" 4159
"C:/Users/Brayan/Desktop/banana odyssey/banana_odyssey/Content/niveles/nivel_1/nivel_1_ba?o_Default__BP_CozySoup_BathTub_A_A_C.uasset" 4160
"C:/Users/Brayan/Desktop/banana odyssey/banana_odyssey/Content/niveles/texturas_nivel_1/objetos/T_Commerce_Trashcan_A_A_S.uasset" 4161
"C:/Users/Brayan/Desktop/banana odyssey/banana_odyssey/Content/niveles/texturas_nivel_1/objetos/T_Commerce_Trashcan_A_A_N.uasset" 4162
"C:/Users/Brayan/Desktop/banana odyssey/banana_odyssey/Content/niveles/texturas_nivel_1/objetos/T_Commerce_Trashcan_A_A_D.uasset" 4163
"C:/Users/Brayan/Desktop/banana odyssey/banana_odyssey/Content/niveles/nivel_1/MI_Commerce_Trashcan_A_A_cd01d7b.uasset" 4164
"C:/Users/Brayan/AppData/Local/UnrealEngine/Common/DerivedDataCache/8/5/1/SKELETALMESH_91550326BADA436B92C8BF16C910465C_FB00550243948FB022B841A561322AED__981205D8720B31B4B5428766F6FC5359A249897A.udd" 4165
"C:/Users/Brayan/AppData/Local/UnrealEngine/Common/DerivedDataCache/0/2/5/SKELETALMESH_91550326BADA436B92C8BF16C910465C_217D86AC46380E66D5E7F98AA5CBAA62__F52E9B93529FD53FAF618147803A0D82A4427F43.udd" 4166
"C:/Users/Brayan/Desktop/banana odyssey/banana_odyssey/Content/niveles/nivel_1/nivel_1_ba?o_Default__BP_Commerce_TrashCan_B_B_C_007.uasset" 4167
"C:/Users/Brayan/Desktop/banana odyssey/banana_odyssey/Content/niveles/nivel_1/nivel_1_ba?o_Default__BP_Commerce_TrashCan_B_B_C_006.uasset" 4168
"C:/Users/Brayan/Desktop/banana odyssey/banana_odyssey/Content/niveles/nivel_1/nivel_1_ba?o_Default__BP_Commerce_TrashCan_B_B_C_005.uasset" 4169
"C:/Users/Brayan/Desktop/banana odyssey/banana_odyssey/Content/niveles/nivel_1/nivel_1_ba?o_Default__BP_Commerce_TrashCan_B_B_C_003.uasset" 4170
"C:/Users/Brayan/Desktop/banana odyssey/banana_odyssey/Content/niveles/nivel_1/nivel_1_ba?o_Default__BP_Commerce_TrashCan_B_B_C_002.uasset" 4171
"C:/Users/Brayan/Desktop/banana odyssey/banana_odyssey/Content/niveles/nivel_1/nivel_1_ba?o_Default__BP_Commerce_TrashCan_B_B_C_001.uasset" 4172
"C:/Users/Brayan/AppData/Local/UnrealEngine/Common/DerivedDataCache/4/9/8/STATICMESH_9CE2B6FB46754B699726C4AA1515F12E_228332BAE0224DD294E232B87D83948FQU__7A1DBFD8CF8060043DF58BB4D32C79430A055A8F.udd" 4173
"C:/Users/Brayan/AppData/Local/UnrealEngine/Common/DerivedDataCache/6/5/3/PHYSX_A08609EF508D460CBB6710540B03AACF_PHYSXPC_592F478D4A1CC73938BD219E27F1551__418C1101D0F78DDF9E2583D7208B11D446ED33D0.udd" 4174
"C:/Users/Brayan/AppData/Local/UnrealEngine/Common/DerivedDataCache/3/4/3/NAVCOLLISION_2983273BE5D6425391E8C0B3D1C0A55D_NAVCOLLISION_X_592F478D4A1CC7393__45324C5CA779F067D561D96087181ED990FC6937.udd" 4175
"C:/Users/Brayan/Desktop/banana odyssey/banana_odyssey/Content/niveles/nivel_1/nivel_1_ba?o_Default__BP_Commerce_TrashCan_B_B_C.uasset" 4176
"C:/Users/Brayan/Desktop/banana odyssey/banana_odyssey/Content/niveles/nivel_1/Material_003.uasset" 4177
"C:/Users/Brayan/Desktop/banana odyssey/banana_odyssey/Content/niveles/nivel_1/nivel_1_ba?o_Default__BP_Commerce_LobbyStall_B_C_012.uasset" 4178
"C:/Users/Brayan/Desktop/banana odyssey/banana_odyssey/Content/niveles/texturas_nivel_1/muebles/T_Commerce_LobbyStall_A_A_S.uasset" 4179
"C:/Users/Brayan/Desktop/banana odyssey/banana_odyssey/Content/niveles/texturas_nivel_1/muebles/T_Commerce_LobbyStall_A_A_N.uasset" 4180
"C:/Users/Brayan/AppData/Local/UnrealEngine/Common/DerivedDataCache/3/7/2/STATICMESH_9CE2B6FB46754B699726C4AA1515F12E_228332BAE0224DD294E232B87D83948FQU__8B1228AADE7E508CB2D641D1EAAF0AF996782485.udd" 4181
"C:/Users/Brayan/AppData/Local/UnrealEngine/Common/DerivedDataCache/9/7/5/PHYSX_A08609EF508D460CBB6710540B03AACF_PHYSXPC_3BD45BB5457AC76B0D7F19AF56980D8__029675A07D1550E7853F6D0BF9207BDEB881C52B.udd" 4182
"C:/Users/Brayan/AppData/Local/UnrealEngine/Common/DerivedDataCache/9/0/5/NAVCOLLISION_2983273BE5D6425391E8C0B3D1C0A55D_NAVCOLLISION_X_3BD45BB5457AC76B0__34619E05F75B9A51431C85EE858BA36B3942CE4B.udd" 4183
"C:/Users/Brayan/Desktop/banana odyssey/banana_odyssey/Content/niveles/texturas_nivel_1/muebles/T_Commerce_LobbyStall_A_A_D.uasset" 4184
"C:/Users/Brayan/Desktop/banana odyssey/banana_odyssey/Content/niveles/texturas_nivel_1/muebles/T_Commerce_LobbyStall_A_B_D.uasset" 4185
"C:/Users/Brayan/Desktop/banana odyssey/banana_odyssey/Content/niveles/nivel_1/MI_Commerce_LobbyStall_A_705b415b.uasset" 4186
"C:/Users/Brayan/Desktop/banana odyssey/banana_odyssey/Content/niveles/nivel_1/nivel_1_ba?o_Default__BP_Commerce_LobbyStall_B_C_011.uasset" 4187
"C:/Users/Brayan/Desktop/banana odyssey/banana_odyssey/Content/niveles/nivel_1/nivel_1_ba?o_Default__BP_Commerce_LobbyStall_B_C_010.uasset" 4188
"C:/Users/Brayan/AppData/Local/UnrealEngine/Common/DerivedDataCache/7/7/2/STATICMESH_9CE2B6FB46754B699726C4AA1515F12E_228332BAE0224DD294E232B87D83948FQU__3502CD5FECFDC6CE92CBC4E21E8444B7BD00D847.udd" 4189
"C:/Users/Brayan/AppData/Local/UnrealEngine/Common/DerivedDataCache/0/7/3/PHYSX_A08609EF508D460CBB6710540B03AACF_PHYSXPC_6EAF3EAF4768A8182B2DA5B7EF7795F__E43EFD1BDA5ECAA665C24D8C3B76E457D68A5085.udd" 4190
"C:/Users/Brayan/AppData/Local/UnrealEngine/Common/DerivedDataCache/0/1/4/NAVCOLLISION_2983273BE5D6425391E8C0B3D1C0A55D_NAVCOLLISION_X_6EAF3EAF4768A8182__3139F2BEEDC9A76BEDFE9D2C074AF960B45805F9.udd" 4191
"C:/Users/Brayan/Desktop/banana odyssey/banana_odyssey/Content/niveles/nivel_1/nivel_1_ba?o_Default__BP_Commerce_LobbyStall_B_C_009.uasset" 4192
"C:/Users/Brayan/AppData/Local/UnrealEngine/Common/DerivedDataCache/9/7/1/STATICMESH_9CE2B6FB46754B699726C4AA1515F12E_228332BAE0224DD294E232B87D83948FQU__FF28EFDE582540B1FD908C90F6E1970D03A7EEA5.udd" 4193
"C:/Users/Brayan/AppData/Local/UnrealEngine/Common/DerivedDataCache/7/3/2/PHYSX_A08609EF508D460CBB6710540B03AACF_PHYSXPC_6564499F40F11862294A84915D064AD__E2382036E534BA8118DDA0517E7C6FD7276C2D7A.udd" 4194
"C:/Users/Brayan/AppData/Local/UnrealEngine/Common/DerivedDataCache/4/9/6/NAVCOLLISION_2983273BE5D6425391E8C0B3D1C0A55D_NAVCOLLISION_X_6564499F40F118622__8D6A11B1BA1CD5B135B8B6EE0BC03F6B5BF545F3.udd" 4195
"C:/Users/Brayan/Desktop/banana odyssey/banana_odyssey/Content/niveles/nivel_1/nivel_1_ba?o_Default__BP_Commerce_LobbyStall_B_C_008.uasset" 4196
"C:/Users/Brayan/AppData/Local/UnrealEngine/Common/DerivedDataCache/9/5/9/STATICMESH_9CE2B6FB46754B699726C4AA1515F12E_228332BAE0224DD294E232B87D83948FQU__0904D65175A9AB42DFD9D81D4626D2EF42002B69.udd" 4197
"C:/Users/Brayan/AppData/Local/UnrealEngine/Common/DerivedDataCache/7/5/3/PHYSX_A08609EF508D460CBB6710540B03AACF_PHYSXPC_40749410416FB796237A1EAB4814E1B__8E57CA2DBA9CD4CB57B36181F91CDDB658ADAA86.udd" 4198
"C:/Users/Brayan/AppData/Local/UnrealEngine/Common/DerivedDataCache/1/8/2/NAVCOLLISION_2983273BE5D6425391E8C0B3D1C0A55D_NAVCOLLISION_X_40749410416FB7962__BBC0F42281E5D7C7786E0746668E4580FA8A02AC.udd" 4199
"C:/Users/Brayan/Desktop/banana odyssey/banana_odyssey/Content/niveles/nivel_1/nivel_1_ba?o_Default__BP_Commerce_LobbyStall_B_C_007.uasset" 4200
"C:/Users/Brayan/AppData/Local/UnrealEngine/Common/DerivedDataCache/6/3/1/STATICMESH_9CE2B6FB46754B699726C4AA1515F12E_228332BAE0224DD294E232B87D83948FQU__E2151B2F7E298EE751794478326F6E9DADDD5BC3.udd" 4201
"C:/Users/Brayan/AppData/Local/UnrealEngine/Common/DerivedDataCache/8/8/8/PHYSX_A08609EF508D460CBB6710540B03AACF_PHYSXPC_CA688FE24FFCAB8497A26FA85F0A750__7922B0CE6179C91E594C394A0BFA743153853F42.udd" 4202
"C:/Users/Brayan/AppData/Local/UnrealEngine/Common/DerivedDataCache/5/8/9/NAVCOLLISION_2983273BE5D6425391E8C0B3D1C0A55D_NAVCOLLISION_X_CA688FE24FFCAB849__7E5795DBF46ECD93D2B35392DE1A865E594A77A2.udd" 4203
"C:/Users/Brayan/Desktop/banana odyssey/banana_odyssey/Content/niveles/nivel_1/nivel_1_ba?o_Default__BP_Commerce_LobbyStall_B_C_006.uasset" 4204
"C:/Users/Brayan/AppData/Local/UnrealEngine/Common/DerivedDataCache/0/6/7/STATICMESH_9CE2B6FB46754B699726C4AA1515F12E_228332BAE0224DD294E232B87D83948FQU__EBE67A124989B7D586C53E6290D7859EC569EBDA.udd" 4205
"C:/Users/Brayan/AppData/Local/UnrealEngine/Common/DerivedDataCache/8/1/7/PHYSX_A08609EF508D460CBB6710540B03AACF_PHYSXPC_8B9981FF44267F81619BA29A573FD05__8E12104F7CA26A6BB5B111F2C4342E897C19C745.udd" 4206
"C:/Users/Brayan/AppData/Local/UnrealEngine/Common/DerivedDataCache/7/3/4/NAVCOLLISION_2983273BE5D6425391E8C0B3D1C0A55D_NAVCOLLISION_X_8B9981FF44267F816__942D9E877344D105553E9F12314B4E3276CEF733.udd" 4207
"C:/Users/Brayan/Desktop/banana odyssey/banana_odyssey/Content/niveles/nivel_1/nivel_1_ba?o_Default__BP_Commerce_LobbyStall_B_C_005.uasset" 4208
"C:/Users/Brayan/AppData/Local/UnrealEngine/Common/DerivedDataCache/2/3/4/STATICMESH_9CE2B6FB46754B699726C4AA1515F12E_228332BAE0224DD294E232B87D83948FQU__8D4926ECD160F91258A8DEAC3EB40C60F5C9D321.udd" 4209
"C:/Users/Brayan/AppData/Local/UnrealEngine/Common/DerivedDataCache/4/0/9/PHYSX_A08609EF508D460CBB6710540B03AACF_PHYSXPC_6A222D7E42CFE6106FCEE48947DA510__715EB76FF36F678F687C9EC42563A7B06B1C19C3.udd" 4210
"C:/Users/Brayan/AppData/Local/UnrealEngine/Common/DerivedDataCache/4/0/1/NAVCOLLISION_2983273BE5D6425391E8C0B3D1C0A55D_NAVCOLLISION_X_6A222D7E42CFE6106__60C2CA6FD3442EBC19ADDA984C53801170975D48.udd" 4211
"C:/Users/Brayan/Desktop/banana odyssey/banana_odyssey/Content/niveles/nivel_1/nivel_1_ba?o_Default__BP_Commerce_LobbyStall_B_C_004.uasset" 4212
"C:/Users/Brayan/AppData/Local/UnrealEngine/Common/DerivedDataCache/7/2/5/STATICMESH_9CE2B6FB46754B699726C4AA1515F12E_228332BAE0224DD294E232B87D83948FQU__99AE02CCBE4A3D4ABBA1EED8A9239D21DAECB21E.udd" 4213
"C:/Users/Brayan/AppData/Local/UnrealEngine/Common/DerivedDataCache/1/5/7/PHYSX_A08609EF508D460CBB6710540B03AACF_PHYSXPC_F48622434B93A607CB8D5A9E0B82054__636670E22357F65C4A4BECB79EE975D4C8D50C38.udd" 4214
"C:/Users/Brayan/AppData/Local/UnrealEngine/Common/DerivedDataCache/3/0/1/NAVCOLLISION_2983273BE5D6425391E8C0B3D1C0A55D_NAVCOLLISION_X_F48622434B93A607C__1DA815F5FCDBB8E367BA6D91DDFFA0BFBD59D358.udd" 4215
"C:/Users/Brayan/Desktop/banana odyssey/banana_odyssey/Content/niveles/nivel_1/nivel_1_ba?o_Default__BP_Commerce_LobbyStall_B_C_003.uasset" 4216
"C:/Users/Brayan/Desktop/banana odyssey/banana_odyssey/Content/niveles/nivel_1/nivel_1_ba?o_Default__BP_Commerce_LobbyStall_B_C_002.uasset" 4217
"C:/Users/Brayan/AppData/Local/UnrealEngine/Common/DerivedDataCache/5/0/3/STATICMESH_9CE2B6FB46754B699726C4AA1515F12E_228332BAE0224DD294E232B87D83948FQU__350B76848EDF374B6DF04B0295E7AF9ECA587D23.udd" 4218
"C:/Users/Brayan/AppData/Local/UnrealEngine/Common/DerivedDataCache/3/5/1/PHYSX_A08609EF508D460CBB6710540B03AACF_PHYSXPC_DDB6AE5A42B11A9EE6B997B13C6ACF2__6942D33196AA45BD2C5AC67CA6547984D8239138.udd" 4219
"C:/Users/Brayan/AppData/Local/UnrealEngine/Common/DerivedDataCache/0/1/1/NAVCOLLISION_2983273BE5D6425391E8C0B3D1C0A55D_NAVCOLLISION_X_DDB6AE5A42B11A9EE__0D3BE9D8535FE2C225126813C13FA82241882E01.udd" 4220
"C:/Users/Brayan/Desktop/banana odyssey/banana_odyssey/Content/niveles/nivel_1/nivel_1_ba?o_Default__BP_Commerce_LobbyStall_B_C_001.uasset" 4221
"C:/Users/Brayan/Desktop/banana odyssey/banana_odyssey/Content/niveles/nivel_1/nivel_1_ba?o_Default__BP_Commerce_LobbyStall_B_C.uasset" 4222
"C:/Users/Brayan/Desktop/banana odyssey/banana_odyssey/Content/niveles/texturas_nivel_1/muebles/T_Commerce_LobbyStall_A_B_S.uasset" 4223
"C:/Users/Brayan/Desktop/banana odyssey/banana_odyssey/Content/niveles/texturas_nivel_1/muebles/T_Commerce_LobbyStall_A_B_N.uasset" 4224
"C:/Users/Brayan/Desktop/banana odyssey/banana_odyssey/Content/niveles/nivel_1/Material_002.uasset" 4225
"C:/Users/Brayan/Desktop/banana odyssey/banana_odyssey/Content/niveles/nivel_1/nivel_1_ba?o_Default__BP_Commerce_LobbyStall_A_C_015.uasset" 4226
"C:/Users/Brayan/AppData/Local/UnrealEngine/Common/DerivedDataCache/8/8/4/STATICMESH_9CE2B6FB46754B699726C4AA1515F12E_228332BAE0224DD294E232B87D83948FQU__C811D2A111C3D918439121246297735E0F019D40.udd" 4227
"C:/Users/Brayan/AppData/Local/UnrealEngine/Common/DerivedDataCache/8/4/3/PHYSX_A08609EF508D460CBB6710540B03AACF_PHYSXPC_39007FD044543A60BE38BA8BA3731B0__799858778E27FD45DE888BDD21317F124C2BF20D.udd" 4228
"C:/Users/Brayan/AppData/Local/UnrealEngine/Common/DerivedDataCache/1/1/8/NAVCOLLISION_2983273BE5D6425391E8C0B3D1C0A55D_NAVCOLLISION_X_39007FD044543A60B__49E1239404DFD335A14B3AE97C715FDC9B99CDD3.udd" 4229
"C:/Users/Brayan/Desktop/banana odyssey/banana_odyssey/Content/niveles/nivel_1/nivel_1_ba?o_Default__BP_Commerce_LobbyStall_A_C_014.uasset" 4230
"C:/Users/Brayan/AppData/Local/UnrealEngine/Common/DerivedDataCache/4/8/3/STATICMESH_9CE2B6FB46754B699726C4AA1515F12E_228332BAE0224DD294E232B87D83948FQU__F62FB86662D698BFEEB4D3378DF3EF1061403D65.udd" 4231
"C:/Users/Brayan/AppData/Local/UnrealEngine/Common/DerivedDataCache/3/6/8/PHYSX_A08609EF508D460CBB6710540B03AACF_PHYSXPC_7F0157F140C49B1A03E0CFAFE11AD90__BAC47323042493F7FF922F158C033B7E75E0066F.udd" 4232
"C:/Users/Brayan/AppData/Local/UnrealEngine/Common/DerivedDataCache/0/0/4/NAVCOLLISION_2983273BE5D6425391E8C0B3D1C0A55D_NAVCOLLISION_X_7F0157F140C49B1A0__7F6D14D6ED1EDCAB2BA95A3CF358E0B8BAD28782.udd" 4233
"C:/Users/Brayan/Desktop/banana odyssey/banana_odyssey/Content/niveles/nivel_1/Material_004.uasset" 4234
"C:/Users/Brayan/AppData/Local/UnrealEngine/Common/DerivedDataCache/8/7/0/STATICMESH_9CE2B6FB46754B699726C4AA1515F12E_228332BAE0224DD294E232B87D83948FQU__A110DB4F37B7533D44E770C00088EA2D124BE3C2.udd" 4235
"C:/Users/Brayan/AppData/Local/UnrealEngine/Common/DerivedDataCache/7/5/3/PHYSX_A08609EF508D460CBB6710540B03AACF_PHYSXPC_7BDE93034EDCC59C2ED335AA1440291__F02A5CA3B44F2B10DBFF5B13F00F43B56F4FF1FA.udd" 4236
"C:/Users/Brayan/AppData/Local/UnrealEngine/Common/DerivedDataCache/6/5/3/NAVCOLLISION_2983273BE5D6425391E8C0B3D1C0A55D_NAVCOLLISION_X_7BDE93034EDCC59C2__E75ED91AE44E3DE9F963388B69E9D995D43B6EC8.udd" 4237
"C:/Users/Brayan/Desktop/banana odyssey/banana_odyssey/Content/niveles/nivel_1/nivel_1_ba?o_Default__BP_Commerce_LobbyStall_A_C_013.uasset" 4238
"C:/Users/Brayan/AppData/Local/UnrealEngine/Common/DerivedDataCache/5/5/3/STATICMESH_9CE2B6FB46754B699726C4AA1515F12E_228332BAE0224DD294E232B87D83948FQU__D7DD32C07BFA1CB87762CBEA52BC1F6CFC18D9C5.udd" 4239
"C:/Users/Brayan/AppData/Local/UnrealEngine/Common/DerivedDataCache/2/9/3/PHYSX_A08609EF508D460CBB6710540B03AACF_PHYSXPC_14142F0E43E61AAA6E99959BACD5FA5__3718843A4FDE0D4503CF545EC876F7ED3B58633C.udd" 4240
"C:/Users/Brayan/AppData/Local/UnrealEngine/Common/DerivedDataCache/8/3/0/NAVCOLLISION_2983273BE5D6425391E8C0B3D1C0A55D_NAVCOLLISION_X_14142F0E43E61AAA6__73A78C36F58388A3BB9BFC95FE5A76F8DD00E559.udd" 4241
"C:/Users/Brayan/Desktop/banana odyssey/banana_odyssey/Content/2DSideScrollerBP/Maps/nivel1_BuiltData.uasset" 4242
"C:/Users/Brayan/AppData/Local/UnrealEngine/Common/DerivedDataCache/5/1/5/STATICMESH_9CE2B6FB46754B699726C4AA1515F12E_228332BAE0224DD294E232B87D83948FQU__6F5686C0F06DAD49FF78F1D45772CC057E28879B.udd" 4243
"C:/Users/Brayan/AppData/Local/UnrealEngine/Common/DerivedDataCache/0/6/3/PHYSX_A08609EF508D460CBB6710540B03AACF_PHYSXPC_C770A91341E00D729083AAB42C495A8__99AAE680701A98AF39A9FC060512E846D58AF5A1.udd" 4244
"C:/Users/Brayan/AppData/Local/UnrealEngine/Common/DerivedDataCache/5/5/3/NAVCOLLISION_2983273BE5D6425391E8C0B3D1C0A55D_NAVCOLLISION_X_C770A91341E00D729__D02EEB8CD4877D3A091A76E87117A2E0D1A8AB4A.udd" 4245
"C:/Users/Brayan/Desktop/banana odyssey/banana_odyssey/Content/niveles/nivel_1/nivel_1_ba?o_Default__BP_Commerce_LobbyStall_A_C_012.uasset" 4246
"C:/Users/Brayan/AppData/Local/UnrealEngine/Common/DerivedDataCache/4/8/3/STATICMESH_9CE2B6FB46754B699726C4AA1515F12E_228332BAE0224DD294E232B87D83948FQU__36EE3055CEA2F4ABEB55E56210C5469FE15D39E7.udd" 4247
"C:/Users/Brayan/AppData/Local/UnrealEngine/Common/DerivedDataCache/5/4/0/PHYSX_A08609EF508D460CBB6710540B03AACF_PHYSXPC_F70D00354B9CA4092EAFB6BCA22D7DB__E4C3EA5CD05DBD75321C8CCFDE6AA723619268F2.udd" 4248
"C:/Users/Brayan/AppData/Local/UnrealEngine/Common/DerivedDataCache/8/8/4/NAVCOLLISION_2983273BE5D6425391E8C0B3D1C0A55D_NAVCOLLISION_X_F70D00354B9CA4092__FC89B8B913C81EE87EF7128C7AD6200681ED3381.udd" 4249
"C:/Users/Brayan/Desktop/banana odyssey/banana_odyssey/Content/niveles/nivel_1/nivel_1_ba?o_Default__BP_Commerce_LobbyStall_A_C_011.uasset" 4250
"C:/Users/Brayan/AppData/Local/UnrealEngine/Common/DerivedDataCache/3/6/9/STATICMESH_9CE2B6FB46754B699726C4AA1515F12E_228332BAE0224DD294E232B87D83948FQU__DD263D6B974BFDB6CEE0C78559AD2A56E2855E1B.udd" 4251
"C:/Users/Brayan/AppData/Local/UnrealEngine/Common/DerivedDataCache/6/7/4/PHYSX_A08609EF508D460CBB6710540B03AACF_PHYSXPC_8014F4384829702D973510AF382170B__EF567F79A3F2120147DBCA6BC62948C1D0656C1C.udd" 4252
"C:/Users/Brayan/AppData/Local/UnrealEngine/Common/DerivedDataCache/3/3/3/NAVCOLLISION_2983273BE5D6425391E8C0B3D1C0A55D_NAVCOLLISION_X_8014F4384829702D9__6C71B98A3ABEC8184B3EBD5F429705A76950B2FD.udd" 4253
"C:/Users/Brayan/Desktop/banana odyssey/banana_odyssey/Content/niveles/nivel_1/nivel_1_ba?o_Default__BP_Commerce_LobbyStall_A_C_010.uasset" 4254
"C:/Users/Brayan/AppData/Local/UnrealEngine/Common/DerivedDataCache/6/9/1/STATICMESH_9CE2B6FB46754B699726C4AA1515F12E_228332BAE0224DD294E232B87D83948FQU__2EE5CD423C225D6D5BA23D8D41D1A6396DD398EB.udd" 4255
"C:/Users/Brayan/AppData/Local/UnrealEngine/Common/DerivedDataCache/0/6/3/PHYSX_A08609EF508D460CBB6710540B03AACF_PHYSXPC_23D328164A92BAAA74DA19929E82D63__9E5A270A1B6C36E61031F6DB347734A25D9CC95B.udd" 4256
"C:/Users/Brayan/AppData/Local/UnrealEngine/Common/DerivedDataCache/0/2/1/NAVCOLLISION_2983273BE5D6425391E8C0B3D1C0A55D_NAVCOLLISION_X_23D328164A92BAAA7__FDD34C6D8955B5F5EEBD15FFC204FB3E3AF18F5A.udd" 4257
"C:/Users/Brayan/Desktop/banana odyssey/banana_odyssey/Content/niveles/nivel_1/nivel_1_ba?o_Default__BP_Commerce_LobbyStall_A_C_009.uasset" 4258
"C:/Users/Brayan/AppData/Local/UnrealEngine/Common/DerivedDataCache/2/3/3/STATICMESH_9CE2B6FB46754B699726C4AA1515F12E_228332BAE0224DD294E232B87D83948FQU__F5B25582FCCB4149845912D237249048C9C86A5E.udd" 4259
"C:/Users/Brayan/AppData/Local/UnrealEngine/Common/DerivedDataCache/4/9/8/PHYSX_A08609EF508D460CBB6710540B03AACF_PHYSXPC_9AEDC8624D201ADD1BB696931243615__F3470E4FD99B804727181BF4E3EE0514BC458283.udd" 4260
"C:/Users/Brayan/AppData/Local/UnrealEngine/Common/DerivedDataCache/0/3/5/NAVCOLLISION_2983273BE5D6425391E8C0B3D1C0A55D_NAVCOLLISION_X_9AEDC8624D201ADD1__EBFC497EFB7A04CB63A9B54A9EE166D76FA49938.udd" 4261
"C:/Users/Brayan/Desktop/banana odyssey/banana_odyssey/Content/niveles/nivel_1/nivel_1_ba?o_Default__BP_Commerce_LobbyStall_A_C_008.uasset" 4262
"C:/Users/Brayan/AppData/Local/UnrealEngine/Common/DerivedDataCache/5/3/8/STATICMESH_9CE2B6FB46754B699726C4AA1515F12E_228332BAE0224DD294E232B87D83948FQU__5F61770623B8C364A4BB7B0164D6914C8B77C26D.udd" 4263
"C:/Users/Brayan/AppData/Local/UnrealEngine/Common/DerivedDataCache/1/7/5/PHYSX_A08609EF508D460CBB6710540B03AACF_PHYSXPC_4340310B4DBAE820D66B9B97B2DEDD6__78CD7FD3F22033D02DDD1BBF2593C4A8B4EC4045.udd" 4264
"C:/Users/Brayan/AppData/Local/UnrealEngine/Common/DerivedDataCache/1/3/9/NAVCOLLISION_2983273BE5D6425391E8C0B3D1C0A55D_NAVCOLLISION_X_4340310B4DBAE820D__3EF1BEC2F9C33D535B7FA28271BCE57210ABD2E0.udd" 4265
"C:/Users/Brayan/Desktop/banana odyssey/banana_odyssey/Content/niveles/nivel_1/nivel_1_ba?o_Default__BP_Commerce_LobbyStall_A_C_007.uasset" 4266
"C:/Users/Brayan/AppData/Local/UnrealEngine/Common/DerivedDataCache/8/9/7/STATICMESH_9CE2B6FB46754B699726C4AA1515F12E_228332BAE0224DD294E232B87D83948FQU__6192C608D91C822D7925A9F05564E68B26B80DE9.udd" 4267
"C:/Users/Brayan/AppData/Local/UnrealEngine/Common/DerivedDataCache/1/2/5/PHYSX_A08609EF508D460CBB6710540B03AACF_PHYSXPC_929FF7B3486B6D0D1A0398900D9D0A6__32C188EF529DF986EC56A07788F1B1920F64481E.udd" 4268
"C:/Users/Brayan/AppData/Local/UnrealEngine/Common/DerivedDataCache/8/1/2/NAVCOLLISION_2983273BE5D6425391E8C0B3D1C0A55D_NAVCOLLISION_X_929FF7B3486B6D0D1__72D71229ECC3472F650C380F45AF733FB612AE72.udd" 4269
"C:/Users/Brayan/Desktop/banana odyssey/banana_odyssey/Content/niveles/nivel_1/nivel_1_ba?o_Default__BP_Commerce_LobbyStall_A_C_006.uasset" 4270
"C:/Users/Brayan/AppData/Local/UnrealEngine/Common/DerivedDataCache/0/0/7/STATICMESH_9CE2B6FB46754B699726C4AA1515F12E_228332BAE0224DD294E232B87D83948FQU__16C6B7E8B82E41068B2D49DF51D90235BDEC42CB.udd" 4271
"C:/Users/Brayan/AppData/Local/UnrealEngine/Common/DerivedDataCache/3/3/4/PHYSX_A08609EF508D460CBB6710540B03AACF_PHYSXPC_B07681D9441F73EBBFB5CE801DAC00B__B9C70DC246555E228F890D2C474DEEA868003D31.udd" 4272
"C:/Users/Brayan/AppData/Local/UnrealEngine/Common/DerivedDataCache/7/1/7/NAVCOLLISION_2983273BE5D6425391E8C0B3D1C0A55D_NAVCOLLISION_X_B07681D9441F73EBB__4CCE0B581D91290FEAB49C1B9F015FDE0DC00DB4.udd" 4273
"C:/Users/Brayan/Desktop/banana odyssey/banana_odyssey/Content/niveles/nivel_1/nivel_1_ba?o_Default__BP_Commerce_LobbyStall_A_C_005.uasset" 4274
"C:/Users/Brayan/Desktop/banana odyssey/banana_odyssey/Content/niveles/nivel_1/nivel_1_ba?o_Default__BP_Commerce_LobbyStall_A_C_004.uasset" 4275
"C:/Users/Brayan/Desktop/banana odyssey/banana_odyssey/Content/niveles/nivel_1/nivel_1_ba?o_Default__BP_Commerce_LobbyStall_A_C_003.uasset" 4276
"C:/Users/Brayan/Desktop/banana odyssey/banana_odyssey/Content/niveles/nivel_1/nivel_1_ba?o_Default__BP_Commerce_LobbyStall_A_C_002.uasset" 4277
"C:/Users/Brayan/AppData/Local/UnrealEngine/Common/DerivedDataCache/4/0/5/STATICMESH_9CE2B6FB46754B699726C4AA1515F12E_228332BAE0224DD294E232B87D83948FQU__399E29FDD1E1E830E6A776BE86C2186DC97C972F.udd" 4278
"C:/Users/Brayan/AppData/Local/UnrealEngine/Common/DerivedDataCache/6/7/8/PHYSX_A08609EF508D460CBB6710540B03AACF_PHYSXPC_239F02D8436EE133626FBB865682244__278E2EC8406553B2DCB957BB7C858E21D79F40A6.udd" 4279
"C:/Users/Brayan/AppData/Local/UnrealEngine/Common/DerivedDataCache/2/1/7/NAVCOLLISION_2983273BE5D6425391E8C0B3D1C0A55D_NAVCOLLISION_X_239F02D8436EE1336__1D660DC176CD3270E622532BCF5F0294C047F956.udd" 4280
"C:/Users/Brayan/Desktop/banana odyssey/banana_odyssey/Content/niveles/nivel_1/nivel_1_ba?o_Default__BP_Commerce_LobbyStall_A_C_001.uasset" 4281
"C:/Users/Brayan/AppData/Local/UnrealEngine/Common/DerivedDataCache/6/7/9/STATICMESH_9CE2B6FB46754B699726C4AA1515F12E_228332BAE0224DD294E232B87D83948FQU__1D7EC6C781270346945D45EEC6078D383C5AD9C2.udd" 4282
"C:/Users/Brayan/AppData/Local/UnrealEngine/Common/DerivedDataCache/1/1/1/PHYSX_A08609EF508D460CBB6710540B03AACF_PHYSXPC_0331CF2F4D12094B32C90FB8E955263__6111DC41D45E93EA970A20FBCA3E32D1703B8895.udd" 4283
"C:/Users/Brayan/AppData/Local/UnrealEngine/Common/DerivedDataCache/6/2/3/NAVCOLLISION_2983273BE5D6425391E8C0B3D1C0A55D_NAVCOLLISION_X_0331CF2F4D12094B3__0EE618E9B1716CE34C7895A888B9AAD2C8CA7132.udd" 4284
"C:/Users/Brayan/Desktop/banana odyssey/banana_odyssey/Content/niveles/texturas_nivel_1/muebles/T_Commerce_Dresser_A_A_S.uasset" 4285
"C:/Users/Brayan/Desktop/banana odyssey/banana_odyssey/Content/niveles/texturas_nivel_1/muebles/T_Commerce_Dresser_A_A_N.uasset" 4286
"C:/Users/Brayan/AppData/Local/UnrealEngine/Common/DerivedDataCache/9/1/3/STATICMESH_9CE2B6FB46754B699726C4AA1515F12E_228332BAE0224DD294E232B87D83948FQU__EEF6C1CF7C274DC1638D84177C462A28C951DBF8.udd" 4287
"C:/Users/Brayan/AppData/Local/UnrealEngine/Common/DerivedDataCache/6/1/5/PHYSX_A08609EF508D460CBB6710540B03AACF_PHYSXPC_15691EB04E3F16A0828692A5C7C5778__414DB8A1C5CAC24A13045AA49709020ADA310501.udd" 4288
"C:/Users/Brayan/AppData/Local/UnrealEngine/Common/DerivedDataCache/7/8/4/NAVCOLLISION_2983273BE5D6425391E8C0B3D1C0A55D_NAVCOLLISION_X_15691EB04E3F16A08__423413BDA2273F2CB9A778B70B8F5EF2A878336F.udd" 4289
"C:/Users/Brayan/Desktop/banana odyssey/banana_odyssey/Content/niveles/texturas_nivel_1/muebles/T_Commerce_Dresser_A_A_D.uasset" 4290
"C:/Users/Brayan/Desktop/banana odyssey/banana_odyssey/Content/niveles/nivel_1/MI_Commerce_Dresser_A_4cfc81fc.uasset" 4291
"C:/Users/Brayan/AppData/Local/UnrealEngine/Common/DerivedDataCache/9/4/1/STATICMESH_9CE2B6FB46754B699726C4AA1515F12E_228332BAE0224DD294E232B87D83948FQU__63B1CDD655337338F009C82AD7C88B4293FAD8BA.udd" 4292
"C:/Users/Brayan/AppData/Local/UnrealEngine/Common/DerivedDataCache/1/5/9/PHYSX_A08609EF508D460CBB6710540B03AACF_PHYSXPC_6A8EF28D468107C07C91FDA09E3800E__907A23D6A9388289001CC66F2610D490BAB09773.udd" 4293
"C:/Users/Brayan/AppData/Local/UnrealEngine/Common/DerivedDataCache/4/4/9/NAVCOLLISION_2983273BE5D6425391E8C0B3D1C0A55D_NAVCOLLISION_X_6A8EF28D468107C07__2831598D09DA32F1524026AE0C91D58DFF0823CB.udd" 4294
"C:/Users/Brayan/Desktop/banana odyssey/banana_odyssey/Content/niveles/nivel_1/nivel_1_ba?o_Default__BP_Commerce_Dresser_A_PlaceSetting_A_C_006.uasset" 4295
"C:/Users/Brayan/AppData/Local/UnrealEngine/Common/DerivedDataCache/4/1/0/STATICMESH_9CE2B6FB46754B699726C4AA1515F12E_228332BAE0224DD294E232B87D83948FQU__03FBEA1977CA831082E4D6552BBE0D0F3DD6CF6D.udd" 4296
"C:/Users/Brayan/AppData/Local/UnrealEngine/Common/DerivedDataCache/1/2/7/PHYSX_A08609EF508D460CBB6710540B03AACF_PHYSXPC_3403FF524C31F8639BB58F843E42DFD__C49EFB7C21CEB0809E368189D094C62126106BC8.udd" 4297
"C:/Users/Brayan/AppData/Local/UnrealEngine/Common/DerivedDataCache/6/7/4/NAVCOLLISION_2983273BE5D6425391E8C0B3D1C0A55D_NAVCOLLISION_X_3403FF524C31F8639__0074ED95B1F86EC0AB9F95CD0A228156ADC5BA40.udd" 4298
"C:/Users/Brayan/Desktop/banana odyssey/banana_odyssey/Content/niveles/nivel_1/nivel_1_ba?o_Default__BP_Commerce_Dresser_A_PlaceSetting_A_C_005.uasset" 4299
"C:/Users/Brayan/AppData/Local/UnrealEngine/Common/DerivedDataCache/0/8/7/STATICMESH_9CE2B6FB46754B699726C4AA1515F12E_228332BAE0224DD294E232B87D83948FQU__F8C5C002E671B553BFCA84460746D9E10DEE1856.udd" 4300
"C:/Users/Brayan/AppData/Local/UnrealEngine/Common/DerivedDataCache/9/1/2/PHYSX_A08609EF508D460CBB6710540B03AACF_PHYSXPC_0D661DF9448CED7863C8028A6F02E54__66EE52A97A0848785098B10CF65169D1ECAF4071.udd" 4301
"C:/Users/Brayan/AppData/Local/UnrealEngine/Common/DerivedDataCache/8/9/8/NAVCOLLISION_2983273BE5D6425391E8C0B3D1C0A55D_NAVCOLLISION_X_0D661DF9448CED786__B81BC6AEB8937C235FD27C71C425E431B949CEEB.udd" 4302
"C:/Users/Brayan/Desktop/banana odyssey/banana_odyssey/Content/niveles/nivel_1/nivel_1_ba?o_Default__BP_Commerce_Dresser_A_PlaceSetting_A_C_004.uasset" 4303
"C:/Users/Brayan/AppData/Local/UnrealEngine/Common/DerivedDataCache/0/9/0/STATICMESH_9CE2B6FB46754B699726C4AA1515F12E_228332BAE0224DD294E232B87D83948FQU__1AA43C8AD6F7982618A09698BAD8BD4E753CCCBD.udd" 4304
"C:/Users/Brayan/AppData/Local/UnrealEngine/Common/DerivedDataCache/2/9/3/PHYSX_A08609EF508D460CBB6710540B03AACF_PHYSXPC_AF728DAB4B562CF35A6E87BB6A51AE5__120B6E017D0457AF3F11053C92D1A1E84D9BBFCB.udd" 4305
"C:/Users/Brayan/AppData/Local/UnrealEngine/Common/DerivedDataCache/8/8/5/NAVCOLLISION_2983273BE5D6425391E8C0B3D1C0A55D_NAVCOLLISION_X_AF728DAB4B562CF35__E6B6D1B06B73CF25407EA47A0BA716FF3D2EFE22.udd" 4306
"C:/Users/Brayan/Desktop/banana odyssey/banana_odyssey/Content/niveles/nivel_1/nivel_1_ba?o_Default__BP_Commerce_Dresser_A_PlaceSetting_A_C_003.uasset" 4307
"C:/Users/Brayan/AppData/Local/UnrealEngine/Common/DerivedDataCache/7/8/1/STATICMESH_9CE2B6FB46754B699726C4AA1515F12E_228332BAE0224DD294E232B87D83948FQU__ABFAE7E4AD446F32A26ECDBB77FD59D7BD6EC8B6.udd" 4308
"C:/Users/Brayan/AppData/Local/UnrealEngine/Common/DerivedDataCache/7/0/0/PHYSX_A08609EF508D460CBB6710540B03AACF_PHYSXPC_7D9CBD154258AC1A124CADACF008009__7358870153FDFF0CF7F34AD38B0B69EB8BE56618.udd" 4309
"C:/Users/Brayan/AppData/Local/UnrealEngine/Common/DerivedDataCache/9/2/8/NAVCOLLISION_2983273BE5D6425391E8C0B3D1C0A55D_NAVCOLLISION_X_7D9CBD154258AC1A1__849D1BE3B123DCF38B95809191BBCC5CC204A641.udd" 4310
"C:/Users/Brayan/Desktop/banana odyssey/banana_odyssey/Content/niveles/nivel_1/nivel_1_ba?o_Default__BP_Commerce_Dresser_A_PlaceSetting_A_C_002.uasset" 4311
"C:/Users/Brayan/AppData/Local/UnrealEngine/Common/DerivedDataCache/8/3/1/STATICMESH_9CE2B6FB46754B699726C4AA1515F12E_228332BAE0224DD294E232B87D83948FQU__4F2B16B1445170D5EC0BAA93207028D91203029D.udd" 4312
"C:/Users/Brayan/AppData/Local/UnrealEngine/Common/DerivedDataCache/2/2/1/PHYSX_A08609EF508D460CBB6710540B03AACF_PHYSXPC_09D7EC6542C1C1AD2819C7B4BA131C7__51D0C71DA898A7B4A85BCCCA03F4A1A7E33DF032.udd" 4313
"C:/Users/Brayan/AppData/Local/UnrealEngine/Common/DerivedDataCache/7/0/6/NAVCOLLISION_2983273BE5D6425391E8C0B3D1C0A55D_NAVCOLLISION_X_09D7EC6542C1C1AD2__F2BB5F059CC51F87BE245D4685BCCF90CDCA21B1.udd" 4314
"C:/Users/Brayan/Desktop/banana odyssey/banana_odyssey/Content/niveles/nivel_1/nivel_1_ba?o_Default__BP_Commerce_Dresser_A_PlaceSetting_A_C_001.uasset" 4315
"C:/Users/Brayan/AppData/Local/UnrealEngine/Common/DerivedDataCache/5/9/5/STATICMESH_9CE2B6FB46754B699726C4AA1515F12E_228332BAE0224DD294E232B87D83948FQU__29A198E14779687DA1CF0E729A03E2C109845BC1.udd" 4316
"C:/Users/Brayan/AppData/Local/UnrealEngine/Common/DerivedDataCache/9/6/9/PHYSX_A08609EF508D460CBB6710540B03AACF_PHYSXPC_2EDEDC7D42992D66D16F2F8A10782B8__A8E8637FBCF4ACB8884A60BC6CC65A45DB417E78.udd" 4317
"C:/Users/Brayan/AppData/Local/UnrealEngine/Common/DerivedDataCache/6/5/3/NAVCOLLISION_2983273BE5D6425391E8C0B3D1C0A55D_NAVCOLLISION_X_2EDEDC7D42992D66D__19BD771B2AA473AF969CD0436E0895760081B160.udd" 4318
"C:/Users/Brayan/Desktop/banana odyssey/banana_odyssey/Content/niveles/nivel_1/nivel_1_ba?o_Default__BP_Commerce_Dresser_A_PlaceSetting_A_C.uasset" 4319
"C:/Users/Brayan/AppData/Local/UnrealEngine/Common/DerivedDataCache/0/9/4/STATICMESH_9CE2B6FB46754B699726C4AA1515F12E_228332BAE0224DD294E232B87D83948FQU__131825D3AEA15FF470977306503C644697853825.udd" 4320
"C:/Users/Brayan/AppData/Local/UnrealEngine/Common/DerivedDataCache/8/2/2/PHYSX_A08609EF508D460CBB6710540B03AACF_PHYSXPC_A16C4F554AB57703261E919AF71FDC4__6EA7116AFB992D19D4109484D991EB54BE77E2FA.udd" 4321
"C:/Users/Brayan/AppData/Local/UnrealEngine/Common/DerivedDataCache/9/9/6/NAVCOLLISION_2983273BE5D6425391E8C0B3D1C0A55D_NAVCOLLISION_X_A16C4F554AB577032__969E0804A87CC02E447D88CD11DE91BCEAA3D991.udd" 4322
"C:/Users/Brayan/Desktop/banana odyssey/banana_odyssey/Content/niveles/texturas_nivel_1/objetos/T_Commerce_BathroomToiletry_A_B_S.uasset" 4323
"C:/Users/Brayan/AppData/Local/UnrealEngine/Common/DerivedDataCache/5/4/7/STATICMESH_9CE2B6FB46754B699726C4AA1515F12E_228332BAE0224DD294E232B87D83948FQU__17678B8D54DA801DC06F5A63A64F68236133BD59.udd" 4324
"C:/Users/Brayan/AppData/Local/UnrealEngine/Common/DerivedDataCache/6/6/8/PHYSX_A08609EF508D460CBB6710540B03AACF_PHYSXPC_2EDE2FE149F7F1CA6DC3AB938191485__ECB2AC83AA76413098DA1DC68F9B83E393EF8F0D.udd" 4325
"C:/Users/Brayan/AppData/Local/UnrealEngine/Common/DerivedDataCache/5/5/0/NAVCOLLISION_2983273BE5D6425391E8C0B3D1C0A55D_NAVCOLLISION_X_2EDE2FE149F7F1CA6__D623CA8B6288ABA4A3BBDFA65DF671133AA7FE67.udd" 4326
"C:/Users/Brayan/Desktop/banana odyssey/banana_odyssey/Content/niveles/texturas_nivel_1/objetos/T_Commerce_BathroomToiletry_A_B_N.uasset" 4327
"C:/Users/Brayan/AppData/Local/UnrealEngine/Common/DerivedDataCache/8/1/0/STATICMESH_9CE2B6FB46754B699726C4AA1515F12E_228332BAE0224DD294E232B87D83948FQU__A78A80D5AC0F70D8FEBCC0615E04F97D5943E744.udd" 4328
"C:/Users/Brayan/AppData/Local/UnrealEngine/Common/DerivedDataCache/3/4/1/PHYSX_A08609EF508D460CBB6710540B03AACF_PHYSXPC_7DCF36FD4CA337F946C531B3546BF5A__4DE9329389F0764B23675D1E3468A2E10A42B4E6.udd" 4329
"C:/Users/Brayan/AppData/Local/UnrealEngine/Common/DerivedDataCache/7/4/5/NAVCOLLISION_2983273BE5D6425391E8C0B3D1C0A55D_NAVCOLLISION_X_7DCF36FD4CA337F94__039E0262EE6D4010222365CD78311FD72C728BC4.udd" 4330
"C:/Users/Brayan/Desktop/banana odyssey/banana_odyssey/Content/niveles/texturas_nivel_1/objetos/T_Commerce_BathroomToiletry_A_B_D.uasset" 4331
"C:/Users/Brayan/AppData/Local/UnrealEngine/Common/DerivedDataCache/1/2/5/STATICMESH_9CE2B6FB46754B699726C4AA1515F12E_228332BAE0224DD294E232B87D83948FQU__595258E85D512C25C2DDB58CB7F390AB4D83C3DA.udd" 4332
"C:/Users/Brayan/AppData/Local/UnrealEngine/Common/DerivedDataCache/9/2/4/PHYSX_A08609EF508D460CBB6710540B03AACF_PHYSXPC_D066674044EC93FF77C4629C1813C50__CD8F82BA00A68251948D1C1DEA193E36EB4F8C86.udd" 4333
"C:/Users/Brayan/AppData/Local/UnrealEngine/Common/DerivedDataCache/4/4/2/NAVCOLLISION_2983273BE5D6425391E8C0B3D1C0A55D_NAVCOLLISION_X_D066674044EC93FF7__44AF5D2A29DA4D6031E1E6DCB0C01B01D819FCA3.udd" 4334
"C:/Users/Brayan/Desktop/banana odyssey/banana_odyssey/Content/niveles/nivel_1/MI_Commerce_BathroomToiletry_A_25b63d81.uasset" 4335
"C:/Users/Brayan/AppData/Local/UnrealEngine/Common/DerivedDataCache/8/4/0/STATICMESH_9CE2B6FB46754B699726C4AA1515F12E_228332BAE0224DD294E232B87D83948FQU__698142458BD96C9B57283EA27B4B64BA44C2B32E.udd" 4336
"C:/Users/Brayan/AppData/Local/UnrealEngine/Common/DerivedDataCache/3/2/1/PHYSX_A08609EF508D460CBB6710540B03AACF_PHYSXPC_7C866CAE45F49F44BAEC85B886F2FA3__7AFA471059B67C6D8F2C499F23C176E31BF3C572.udd" 4337
"C:/Users/Brayan/AppData/Local/UnrealEngine/Common/DerivedDataCache/0/2/3/NAVCOLLISION_2983273BE5D6425391E8C0B3D1C0A55D_NAVCOLLISION_X_7C866CAE45F49F44B__174EBC4CFD4234D9EBB47D50D72FA8A48C59E369.udd" 4338
"C:/Users/Brayan/Desktop/banana odyssey/banana_odyssey/Content/niveles/nivel_1/nivel_1_ba?o_Default__BP_Commerce_BathroomToiletry_A_C_C_002.uasset" 4339
"C:/Users/Brayan/Desktop/banana odyssey/banana_odyssey/Content/niveles/nivel_1/nivel_1_ba?o_Default__BP_Commerce_BathroomToiletry_A_C_C_001.uasset" 4340
"C:/Users/Brayan/Desktop/banana odyssey/banana_odyssey/Content/niveles/nivel_1/nivel_1_ba?o_Default__BP_Commerce_BathroomToiletry_A_C_C.uasset" 4341
"C:/Users/Brayan/Desktop/banana odyssey/banana_odyssey/Content/niveles/texturas_nivel_1/objetos/T_Commerce_BathroomToiletry_A_C_S.uasset" 4342
"C:/Users/Brayan/Desktop/banana odyssey/banana_odyssey/Content/niveles/texturas_nivel_1/objetos/T_Commerce_BathroomToiletry_A_C_N.uasset" 4343
"C:/Users/Brayan/AppData/Local/UnrealEngine/Common/DerivedDataCache/5/6/5/STATICMESH_9CE2B6FB46754B699726C4AA1515F12E_228332BAE0224DD294E232B87D83948FQU__5DF26748C65B4377E76388292922A5BBD8075E46.udd" 4344
"C:/Users/Brayan/AppData/Local/UnrealEngine/Common/DerivedDataCache/7/4/3/PHYSX_A08609EF508D460CBB6710540B03AACF_PHYSXPC_BA9A514442A4D6C929D650A688CBA1F__96DC18D7D0C7E5AF25CA659A5FFF603E2C6BE18A.udd" 4345
"C:/Users/Brayan/AppData/Local/UnrealEngine/Common/DerivedDataCache/1/9/7/NAVCOLLISION_2983273BE5D6425391E8C0B3D1C0A55D_NAVCOLLISION_X_BA9A514442A4D6C92__9C01F85F354F33BBF10BF31259FFEEA191EEE482.udd" 4346
"C:/Users/Brayan/Desktop/banana odyssey/banana_odyssey/Content/niveles/texturas_nivel_1/objetos/T_Commerce_BathroomToiletry_A_C_D.uasset" 4347
"C:/Users/Brayan/AppData/Local/UnrealEngine/Common/DerivedDataCache/9/6/7/STATICMESH_9CE2B6FB46754B699726C4AA1515F12E_228332BAE0224DD294E232B87D83948FQU__02DC41088E4C9C734F85CAB3D81E79C109C40D9B.udd" 4348
"C:/Users/Brayan/AppData/Local/UnrealEngine/Common/DerivedDataCache/4/3/2/PHYSX_A08609EF508D460CBB6710540B03AACF_PHYSXPC_60FF5F9D4FB773B387508C9692FD359__244F32FA4A8D2E58D3E915CF233162C37DA7568F.udd" 4349
"C:/Users/Brayan/AppData/Local/UnrealEngine/Common/DerivedDataCache/3/8/5/NAVCOLLISION_2983273BE5D6425391E8C0B3D1C0A55D_NAVCOLLISION_X_60FF5F9D4FB773B38__E8F6370591AB046E06212F21C39072971CB452C4.udd" 4350
"C:/Users/Brayan/Desktop/banana odyssey/banana_odyssey/Content/niveles/nivel_1/MI_Commerce_BathroomToiletry_A_362c632.uasset" 4351
"C:/Users/Brayan/AppData/Local/UnrealEngine/Common/DerivedDataCache/9/4/4/STATICMESH_9CE2B6FB46754B699726C4AA1515F12E_228332BAE0224DD294E232B87D83948FQU__8E589D4C4DA3328D4C808B251227C4F0B87BEE6C.udd" 4352
"C:/Users/Brayan/AppData/Local/UnrealEngine/Common/DerivedDataCache/8/3/2/PHYSX_A08609EF508D460CBB6710540B03AACF_PHYSXPC_50CBF518439E4150656D2B999F817EF__F7EBB725525562F26315D413D38362AE596A0823.udd" 4353
"C:/Users/Brayan/AppData/Local/UnrealEngine/Common/DerivedDataCache/9/5/5/NAVCOLLISION_2983273BE5D6425391E8C0B3D1C0A55D_NAVCOLLISION_X_50CBF518439E41506__71FF107DE9A572B7B5F400EBD659F4BBA2F5D978.udd" 4354
"C:/Users/Brayan/Desktop/banana odyssey/banana_odyssey/Content/niveles/nivel_1/nivel_1_ba?o_Default__BP_Commerce_BathroomToiletry_A_B_C_002.uasset" 4355
"C:/Users/Brayan/AppData/Local/UnrealEngine/Common/DerivedDataCache/6/9/4/STATICMESH_9CE2B6FB46754B699726C4AA1515F12E_228332BAE0224DD294E232B87D83948FQU__ECDEF57DAB5627D150E1799D76412178F893EE99.udd" 4356
"C:/Users/Brayan/AppData/Local/UnrealEngine/Common/DerivedDataCache/3/3/0/PHYSX_A08609EF508D460CBB6710540B03AACF_PHYSXPC_17590E604890FBA2D20B34B2AE239E3__E0A910766F4C4C3A30E56445D92289FC5EC30C15.udd" 4357
"C:/Users/Brayan/AppData/Local/UnrealEngine/Common/DerivedDataCache/2/7/8/NAVCOLLISION_2983273BE5D6425391E8C0B3D1C0A55D_NAVCOLLISION_X_17590E604890FBA2D__D97B8BF03F7A8FC06BF2C072C1796DCD98A93620.udd" 4358
"C:/Users/Brayan/Desktop/banana odyssey/banana_odyssey/Content/niveles/nivel_1/nivel_1_ba?o_Default__BP_Commerce_BathroomToiletry_A_B_C_001.uasset" 4359
"C:/Users/Brayan/AppData/Local/UnrealEngine/Common/DerivedDataCache/4/7/6/STATICMESH_9CE2B6FB46754B699726C4AA1515F12E_228332BAE0224DD294E232B87D83948FQU__60C2989080DED75E2FA14AD994A6AC3E7BC68A1D.udd" 4360
"C:/Users/Brayan/AppData/Local/UnrealEngine/Common/DerivedDataCache/4/2/6/PHYSX_A08609EF508D460CBB6710540B03AACF_PHYSXPC_021752B64920C2D6325036A9F574C24__63E130D8A52C283C50B828A8C2C61B1F1B08246D.udd" 4361
"C:/Users/Brayan/AppData/Local/UnrealEngine/Common/DerivedDataCache/9/8/8/NAVCOLLISION_2983273BE5D6425391E8C0B3D1C0A55D_NAVCOLLISION_X_021752B64920C2D63__45656E7F797D4D757F8A53E54EEEA88B1B83DD10.udd" 4362
"C:/Users/Brayan/Desktop/banana odyssey/banana_odyssey/Content/niveles/nivel_1/nivel_1_ba?o_Default__BP_Commerce_BathroomToiletry_A_B_C.uasset" 4363
"C:/Users/Brayan/AppData/Local/UnrealEngine/Common/DerivedDataCache/0/3/9/STATICMESH_9CE2B6FB46754B699726C4AA1515F12E_228332BAE0224DD294E232B87D83948FQU__FF31FCFCE95F19399E23E07ADDB57E1DEDB8A15A.udd" 4364
"C:/Users/Brayan/AppData/Local/UnrealEngine/Common/DerivedDataCache/1/7/0/PHYSX_A08609EF508D460CBB6710540B03AACF_PHYSXPC_7A8C3DDF45A5A1E2207EBFAEAC72588__56651F0B0608DB0456A85E46663C7416AF289B1D.udd" 4365
"C:/Users/Brayan/AppData/Local/UnrealEngine/Common/DerivedDataCache/2/6/3/NAVCOLLISION_2983273BE5D6425391E8C0B3D1C0A55D_NAVCOLLISION_X_7A8C3DDF45A5A1E22__E399C0CA708C46EF392BB3B22C90FAACAEF8339B.udd" 4366
"C:/Users/Brayan/Desktop/banana odyssey/banana_odyssey/Content/niveles/texturas_nivel_1/muebles/T_Commerce_BathroomSink_A_C_S.uasset" 4367
"C:/Users/Brayan/AppData/Local/UnrealEngine/Common/DerivedDataCache/7/0/4/STATICMESH_9CE2B6FB46754B699726C4AA1515F12E_228332BAE0224DD294E232B87D83948FQU__F84BCFB9D1A12B4C7D18438FEB4E811D15DB5721.udd" 4368
"C:/Users/Brayan/AppData/Local/UnrealEngine/Common/DerivedDataCache/5/5/0/PHYSX_A08609EF508D460CBB6710540B03AACF_PHYSXPC_AA101F454FD9B50112FE8DB917F8FE8__65FBB62BF92FA6E9798A91C40DCDBDD55286A6B2.udd" 4369
"C:/Users/Brayan/AppData/Local/UnrealEngine/Common/DerivedDataCache/8/3/3/NAVCOLLISION_2983273BE5D6425391E8C0B3D1C0A55D_NAVCOLLISION_X_AA101F454FD9B5011__16D9111D631756188DC1EE57FC85392EA87E3239.udd" 4370
"C:/Users/Brayan/Desktop/banana odyssey/banana_odyssey/Content/niveles/texturas_nivel_1/muebles/T_Commerce_BathroomSink_A_C_N.uasset" 4371
"C:/Users/Brayan/Desktop/banana odyssey/banana_odyssey/Content/niveles/texturas_nivel_1/muebles/T_Commerce_BathroomSink_A_C_D.uasset" 4372
"C:/Users/Brayan/Desktop/banana odyssey/banana_odyssey/Content/niveles/nivel_1/MI_Commerce_BathroomSink_A_199b0efc.uasset" 4373
"C:/Users/Brayan/Desktop/banana odyssey/banana_odyssey/Content/niveles/nivel_1/nivel_1_ba?o_Default__BP_Commerce_BathroomSink_A_C_C_005.uasset" 4374
"C:/Users/Brayan/Desktop/banana odyssey/banana_odyssey/Content/niveles/nivel_1/nivel_1_ba?o_Default__BP_Commerce_BathroomSink_A_C_C_004.uasset" 4375
"C:/Users/Brayan/AppData/Local/UnrealEngine/Common/DerivedDataCache/2/1/2/STATICMESH_9CE2B6FB46754B699726C4AA1515F12E_228332BAE0224DD294E232B87D83948FQU__3E9CAA2C8750FC93868DD64508F2BB4F803EDF35.udd" 4376
"C:/Users/Brayan/AppData/Local/UnrealEngine/Common/DerivedDataCache/5/8/9/PHYSX_A08609EF508D460CBB6710540B03AACF_PHYSXPC_AC23099A4A6221C570C5E39AEBCA55C__4224D38345208543A6D24362540E125AC2066260.udd" 4377
"C:/Users/Brayan/AppData/Local/UnrealEngine/Common/DerivedDataCache/0/5/0/NAVCOLLISION_2983273BE5D6425391E8C0B3D1C0A55D_NAVCOLLISION_X_AC23099A4A6221C57__B8546953B569ECB4AC79664891C16B60D08435F3.udd" 4378
"C:/Users/Brayan/Desktop/banana odyssey/banana_odyssey/Content/niveles/nivel_1/nivel_1_ba?o_Default__BP_Commerce_BathroomSink_A_C_C_003.uasset" 4379
"C:/Users/Brayan/AppData/Local/UnrealEngine/Common/DerivedDataCache/4/7/0/STATICMESH_9CE2B6FB46754B699726C4AA1515F12E_228332BAE0224DD294E232B87D83948FQU__D2DDA82693928EBDC742C3A57C9C516BDFB9FA1F.udd" 4380
"C:/Users/Brayan/AppData/Local/UnrealEngine/Common/DerivedDataCache/4/5/5/PHYSX_A08609EF508D460CBB6710540B03AACF_PHYSXPC_5C6E4F1948A494F84ED968B295F4EB2__4EBF6D739847073477C5B84693A917A8615410AA.udd" 4381
"C:/Users/Brayan/AppData/Local/UnrealEngine/Common/DerivedDataCache/2/1/9/NAVCOLLISION_2983273BE5D6425391E8C0B3D1C0A55D_NAVCOLLISION_X_5C6E4F1948A494F84__B62D0017C3447405025C5A83952524CDCE0A86FD.udd" 4382
"C:/Users/Brayan/Desktop/banana odyssey/banana_odyssey/Content/niveles/nivel_1/nivel_1_ba?o_Default__BP_Commerce_BathroomSink_A_C_C_002.uasset" 4383
"C:/Users/Brayan/AppData/Local/UnrealEngine/Common/DerivedDataCache/1/3/8/STATICMESH_9CE2B6FB46754B699726C4AA1515F12E_228332BAE0224DD294E232B87D83948FQU__3513076C7C49CA73B3CC6D27F66B792F43995E20.udd" 4384
"C:/Users/Brayan/AppData/Local/UnrealEngine/Common/DerivedDataCache/8/8/2/PHYSX_A08609EF508D460CBB6710540B03AACF_PHYSXPC_8F08A4EE422CE2E1CCA6708C9D194DE__F4E3B33E1F2EAC4A0656E26A1271D13502F220BF.udd" 4385
"C:/Users/Brayan/AppData/Local/UnrealEngine/Common/DerivedDataCache/6/8/0/NAVCOLLISION_2983273BE5D6425391E8C0B3D1C0A55D_NAVCOLLISION_X_8F08A4EE422CE2E1C__C925CC6B855A113EB1E3B6F9164A44FBA1B1CB75.udd" 4386
"C:/Users/Brayan/Desktop/banana odyssey/banana_odyssey/Content/niveles/nivel_1/nivel_1_ba?o_Default__BP_Commerce_BathroomSink_A_C_C_001.uasset" 4387
"C:/Users/Brayan/Desktop/banana odyssey/banana_odyssey/Content/niveles/nivel_1/nivel_1_ba?o_Default__BP_Commerce_BathroomSink_A_C_C.uasset" 4388
"C:/Users/Brayan/Desktop/banana odyssey/banana_odyssey/Content/niveles/texturas_nivel_1/objetos/T_Commerce_BathroomPlanter_A_C_S.uasset" 4389
"C:/Users/Brayan/Desktop/banana odyssey/banana_odyssey/Content/niveles/texturas_nivel_1/objetos/T_Commerce_BathroomPlanter_A_C_N.uasset" 4390
"C:/Users/Brayan/Desktop/banana odyssey/banana_odyssey/Content/niveles/texturas_nivel_1/objetos/T_Commerce_BathroomPlanter_A_C_D.uasset" 4391
"C:/Users/Brayan/AppData/Local/UnrealEngine/Common/DerivedDataCache/0/4/5/STATICMESH_9CE2B6FB46754B699726C4AA1515F12E_228332BAE0224DD294E232B87D83948FQU__6A78C72CCCCBD1F3AB99A29C468C952594726804.udd" 4392
"C:/Users/Brayan/AppData/Local/UnrealEngine/Common/DerivedDataCache/7/1/5/PHYSX_A08609EF508D460CBB6710540B03AACF_PHYSXPC_FCA13EFF46CF3C57D2053A9A9F681C4__ACC122F08AF591C77978B667B8DDC21E0DA4788F.udd" 4393
"C:/Users/Brayan/AppData/Local/UnrealEngine/Common/DerivedDataCache/5/6/1/NAVCOLLISION_2983273BE5D6425391E8C0B3D1C0A55D_NAVCOLLISION_X_FCA13EFF46CF3C57D__C8400898D0DC5A1A0847993F0AB4FD1F91529EE7.udd" 4394
"C:/Users/Brayan/Desktop/banana odyssey/banana_odyssey/Content/niveles/nivel_1/MI_Commerce_BathroomPlanter_A_15912851.uasset" 4395
"C:/Users/Brayan/AppData/Local/UnrealEngine/Common/DerivedDataCache/9/8/5/STATICMESH_9CE2B6FB46754B699726C4AA1515F12E_228332BAE0224DD294E232B87D83948FQU__8D26195E4F01B9DB6D0423AB774E501A571FE3ED.udd" 4396
"C:/Users/Brayan/AppData/Local/UnrealEngine/Common/DerivedDataCache/0/5/9/PHYSX_A08609EF508D460CBB6710540B03AACF_PHYSXPC_89ADD0114CCB5F4FDE6EEE9AE45F061__59C959837A292FCEA906CA1CA6ACC88D95A11E0B.udd" 4397
"C:/Users/Brayan/AppData/Local/UnrealEngine/Common/DerivedDataCache/3/6/7/NAVCOLLISION_2983273BE5D6425391E8C0B3D1C0A55D_NAVCOLLISION_X_89ADD0114CCB5F4FD__A6329294097A509FCEC62C38B9BDF59878C9D568.udd" 4398
"C:/Users/Brayan/Desktop/banana odyssey/banana_odyssey/Content/niveles/nivel_1/nivel_1_ba?o_Default__BP_Commerce_BathroomPlanter_A_C_C_020.uasset" 4399
"C:/Users/Brayan/AppData/Local/UnrealEngine/Common/DerivedDataCache/1/5/2/STATICMESH_9CE2B6FB46754B699726C4AA1515F12E_228332BAE0224DD294E232B87D83948FQU__A83850D17F81B3BAA8ADA9DBB88996291BDC0C6A.udd" 4400
"C:/Users/Brayan/AppData/Local/UnrealEngine/Common/DerivedDataCache/5/8/0/PHYSX_A08609EF508D460CBB6710540B03AACF_PHYSXPC_D8B0F17D4B24EDA8C4FAD591DB63B16__13761F801E1F108F7B6277C57B93DE12076DF223.udd" 4401
"C:/Users/Brayan/AppData/Local/UnrealEngine/Common/DerivedDataCache/1/5/5/NAVCOLLISION_2983273BE5D6425391E8C0B3D1C0A55D_NAVCOLLISION_X_D8B0F17D4B24EDA8C__E291B6AEE1374EC47604816A6AABD3674C7B9A94.udd" 4402
"C:/Users/Brayan/Desktop/banana odyssey/banana_odyssey/Content/niveles/nivel_1/nivel_1_ba?o_Default__BP_Commerce_BathroomPlanter_A_C_C_019.uasset" 4403
"C:/Users/Brayan/Desktop/banana odyssey/banana_odyssey/Content/niveles/nivel_1/nivel_1_ba?o_Default__BP_Commerce_BathroomPlanter_A_C_C_018.uasset" 4404
"C:/Users/Brayan/Desktop/banana odyssey/banana_odyssey/Content/niveles/nivel_1/nivel_1_ba?o_Default__BP_Commerce_BathroomPlanter_A_C_C_017.uasset" 4405
"C:/Users/Brayan/Desktop/banana odyssey/banana_odyssey/Content/niveles/nivel_1/nivel_1_ba?o_Default__BP_Commerce_BathroomPlanter_A_C_C_016.uasset" 4406
"C:/Users/Brayan/Desktop/banana odyssey/banana_odyssey/Content/niveles/nivel_1/nivel_1_ba?o_Default__BP_Commerce_BathroomPlanter_A_C_C_015.uasset" 4407
"C:/Users/Brayan/AppData/Local/UnrealEngine/Common/DerivedDataCache/1/7/3/STATICMESH_9CE2B6FB46754B699726C4AA1515F12E_228332BAE0224DD294E232B87D83948FQU__C936ADF670123396065B0E7BA6E3DE0D27C550BB.udd" 4408
"C:/Users/Brayan/AppData/Local/UnrealEngine/Common/DerivedDataCache/2/2/7/PHYSX_A08609EF508D460CBB6710540B03AACF_PHYSXPC_6F53DC5D4FD256D0B6D9E3B39B8D49F__7A14C2871DE5C5C5921A3A71FB2E5CA9335EF748.udd" 4409
"C:/Users/Brayan/AppData/Local/UnrealEngine/Common/DerivedDataCache/9/8/0/NAVCOLLISION_2983273BE5D6425391E8C0B3D1C0A55D_NAVCOLLISION_X_6F53DC5D4FD256D0B__1AC48C38E3FDC93227CBA8BA8B4E232016FA6498.udd" 4410
"C:/Users/Brayan/Desktop/banana odyssey/banana_odyssey/Content/niveles/nivel_1/nivel_1_ba?o_Default__BP_Commerce_BathroomPlanter_A_C_C_014.uasset" 4411
"C:/Users/Brayan/AppData/Local/UnrealEngine/Common/DerivedDataCache/6/8/4/STATICMESH_9CE2B6FB46754B699726C4AA1515F12E_228332BAE0224DD294E232B87D83948FQU__3B23952A192AD1CAC6C466767A2F0677FB97D2F0.udd" 4412
"C:/Users/Brayan/AppData/Local/UnrealEngine/Common/DerivedDataCache/9/8/6/PHYSX_A08609EF508D460CBB6710540B03AACF_PHYSXPC_DB5640E14F890F1D916599A05542999__BB473E143558F4DD924F4C292A01668CCA44853A.udd" 4413
"C:/Users/Brayan/AppData/Local/UnrealEngine/Common/DerivedDataCache/8/7/6/NAVCOLLISION_2983273BE5D6425391E8C0B3D1C0A55D_NAVCOLLISION_X_DB5640E14F890F1D9__5223707C1B3F74E711EDED487BD8E559254E2784.udd" 4414
"C:/Users/Brayan/Desktop/banana odyssey/banana_odyssey/Content/niveles/nivel_1/nivel_1_ba?o_Default__BP_Commerce_BathroomPlanter_A_C_C_013.uasset" 4415
"C:/Users/Brayan/AppData/Local/UnrealEngine/Common/DerivedDataCache/5/4/6/STATICMESH_9CE2B6FB46754B699726C4AA1515F12E_228332BAE0224DD294E232B87D83948FQU__E3CF2255FB21C846C33804D58382250233EEE774.udd" 4416
"C:/Users/Brayan/AppData/Local/UnrealEngine/Common/DerivedDataCache/6/9/2/PHYSX_A08609EF508D460CBB6710540B03AACF_PHYSXPC_1204858C4EC07B7BBE1304AB159B52C__593DFFAF8795F290263ADEF75E622906567C238A.udd" 4417
"C:/Users/Brayan/AppData/Local/UnrealEngine/Common/DerivedDataCache/7/8/9/NAVCOLLISION_2983273BE5D6425391E8C0B3D1C0A55D_NAVCOLLISION_X_1204858C4EC07B7BB__4BE7940F1607E57D566D690DFC6ECDEA6CF59E16.udd" 4418
"C:/Users/Brayan/Desktop/banana odyssey/banana_odyssey/Content/niveles/nivel_1/nivel_1_ba?o_Default__BP_Commerce_BathroomPlanter_A_C_C_012.uasset" 4419
"C:/Users/Brayan/AppData/Local/UnrealEngine/Common/DerivedDataCache/7/5/9/STATICMESH_9CE2B6FB46754B699726C4AA1515F12E_228332BAE0224DD294E232B87D83948FQU__BA70AC2A21FDE1EB9A78C43F7F1C30D209B50475.udd" 4420
"C:/Users/Brayan/AppData/Local/UnrealEngine/Common/DerivedDataCache/1/0/2/PHYSX_A08609EF508D460CBB6710540B03AACF_PHYSXPC_3B679FA5450CECE1C81752977904362__F5909E88F34E22DD5B4AD416F940762A25B3EA68.udd" 4421
"C:/Users/Brayan/AppData/Local/UnrealEngine/Common/DerivedDataCache/5/1/3/NAVCOLLISION_2983273BE5D6425391E8C0B3D1C0A55D_NAVCOLLISION_X_3B679FA5450CECE1C__1F67F6156F7F204C5911F5DD909DEC7C7D5FFF02.udd" 4422
"C:/Users/Brayan/Desktop/banana odyssey/banana_odyssey/Content/niveles/nivel_1/nivel_1_ba?o_Default__BP_Commerce_BathroomPlanter_A_C_C_011.uasset" 4423
"C:/Users/Brayan/AppData/Local/UnrealEngine/Common/DerivedDataCache/4/8/4/STATICMESH_9CE2B6FB46754B699726C4AA1515F12E_228332BAE0224DD294E232B87D83948FQU__536F0D2C8C34FED9EFE41B4DAEE7B3B6BE729A25.udd" 4424
"C:/Users/Brayan/AppData/Local/UnrealEngine/Common/DerivedDataCache/7/6/6/PHYSX_A08609EF508D460CBB6710540B03AACF_PHYSXPC_6B29CD5842799104C2829C8FE6BD6ED__A14F2CDB46F691F99693F82AAF87D6F778A892C6.udd" 4425
"C:/Users/Brayan/AppData/Local/UnrealEngine/Common/DerivedDataCache/0/2/3/NAVCOLLISION_2983273BE5D6425391E8C0B3D1C0A55D_NAVCOLLISION_X_6B29CD5842799104C__F4CE76FF4CDC889EA4648EC2A91B215379ECC57D.udd" 4426
"C:/Users/Brayan/Desktop/banana odyssey/banana_odyssey/Content/niveles/nivel_1/nivel_1_ba?o_Default__BP_Commerce_BathroomPlanter_A_C_C_010.uasset" 4427
"C:/Users/Brayan/AppData/Local/UnrealEngine/Common/DerivedDataCache/2/7/8/STATICMESH_9CE2B6FB46754B699726C4AA1515F12E_228332BAE0224DD294E232B87D83948FQU__FFF2E27424AE14FA17988FC2D9DAF1B65D97C129.udd" 4428
"C:/Users/Brayan/AppData/Local/UnrealEngine/Common/DerivedDataCache/4/0/8/PHYSX_A08609EF508D460CBB6710540B03AACF_PHYSXPC_241F383A4BF86873870074B24935AFB__C0B6DCA4B224A35AD7E743F88294140B5009650C.udd" 4429
"C:/Users/Brayan/AppData/Local/UnrealEngine/Common/DerivedDataCache/9/3/5/NAVCOLLISION_2983273BE5D6425391E8C0B3D1C0A55D_NAVCOLLISION_X_241F383A4BF868738__7E5D001742A368EA78C65CE96636B8BF412C45E7.udd" 4430
"C:/Users/Brayan/Desktop/banana odyssey/banana_odyssey/Content/niveles/nivel_1/nivel_1_ba?o_Default__BP_Commerce_BathroomPlanter_A_C_C_009.uasset" 4431
"C:/Users/Brayan/Desktop/banana odyssey/banana_odyssey/Content/niveles/nivel_1/nivel_1_ba?o_Default__BP_Commerce_BathroomPlanter_A_C_C_008.uasset" 4432
"C:/Users/Brayan/Desktop/banana odyssey/banana_odyssey/Content/niveles/nivel_1/nivel_1_ba?o_Default__BP_Commerce_BathroomPlanter_A_C_C_007.uasset" 4433
"C:/Users/Brayan/Desktop/banana odyssey/banana_odyssey/Content/niveles/nivel_1/nivel_1_ba?o_Default__BP_Commerce_BathroomPlanter_A_C_C_006.uasset" 4434
"C:/Users/Brayan/Desktop/banana odyssey/banana_odyssey/Content/niveles/nivel_1/nivel_1_ba?o_Default__BP_Commerce_BathroomPlanter_A_C_C_005.uasset" 4435
"C:/Users/Brayan/AppData/Local/UnrealEngine/Common/DerivedDataCache/0/4/3/STATICMESH_9CE2B6FB46754B699726C4AA1515F12E_228332BAE0224DD294E232B87D83948FQU__D6181A7D58BA98A7CD0DDB91FC3FE22C67709F68.udd" 4436
"C:/Users/Brayan/AppData/Local/UnrealEngine/Common/DerivedDataCache/7/6/1/PHYSX_A08609EF508D460CBB6710540B03AACF_PHYSXPC_07ECE36A4A1AD809BA69749E200507E__0966D31F5C61E1730D0705752CA633121C9A0F3D.udd" 4437
"C:/Users/Brayan/AppData/Local/UnrealEngine/Common/DerivedDataCache/0/5/3/NAVCOLLISION_2983273BE5D6425391E8C0B3D1C0A55D_NAVCOLLISION_X_07ECE36A4A1AD809B__66FF480305EBB101E279A84321EDF55F696E2280.udd" 4438
"C:/Users/Brayan/Desktop/banana odyssey/banana_odyssey/Content/niveles/nivel_1/nivel_1_ba?o_Default__BP_Commerce_BathroomPlanter_A_C_C_004.uasset" 4439
"C:/Users/Brayan/AppData/Local/UnrealEngine/Common/DerivedDataCache/1/4/5/STATICMESH_9CE2B6FB46754B699726C4AA1515F12E_228332BAE0224DD294E232B87D83948FQU__70EAB3AB3EE9499B7911B6477C1E0CCE79680D53.udd" 4440
"C:/Users/Brayan/AppData/Local/UnrealEngine/Common/DerivedDataCache/5/1/7/PHYSX_A08609EF508D460CBB6710540B03AACF_PHYSXPC_BCD8F9144032E12F6654FCBB5F4F50F__B4563631463452D158D2C9A1A19EB31E4C25AA2A.udd" 4441
"C:/Users/Brayan/AppData/Local/UnrealEngine/Common/DerivedDataCache/3/8/0/NAVCOLLISION_2983273BE5D6425391E8C0B3D1C0A55D_NAVCOLLISION_X_BCD8F9144032E12F6__C30BC2FFC921D28390F902C427FEC211065C0927.udd" 4442
"C:/Users/Brayan/Desktop/banana odyssey/banana_odyssey/Content/niveles/nivel_1/nivel_1_ba?o_Default__BP_Commerce_BathroomPlanter_A_C_C_003.uasset" 4443
"C:/Users/Brayan/AppData/Local/UnrealEngine/Common/DerivedDataCache/0/0/6/STATICMESH_9CE2B6FB46754B699726C4AA1515F12E_228332BAE0224DD294E232B87D83948FQU__86E9BE97B24594C795C24E2A7C5569F21F411DBB.udd" 4444
"C:/Users/Brayan/AppData/Local/UnrealEngine/Common/DerivedDataCache/6/4/4/PHYSX_A08609EF508D460CBB6710540B03AACF_PHYSXPC_948F09504F468EAD4E6217A63ED3140__E18D0D02798A4F13D1DEE95624DC77357B287810.udd" 4445
"C:/Users/Brayan/AppData/Local/UnrealEngine/Common/DerivedDataCache/5/2/1/NAVCOLLISION_2983273BE5D6425391E8C0B3D1C0A55D_NAVCOLLISION_X_948F09504F468EAD4__0E86F0D306A61AFE085D0321BF583016720139EF.udd" 4446
"C:/Users/Brayan/Desktop/banana odyssey/banana_odyssey/Content/sonidos/nivel_1.uasset" 4447
"C:/Users/Brayan/AppData/Local/UnrealEngine/Common/DerivedDataCache/7/6/4/STATICMESH_9CE2B6FB46754B699726C4AA1515F12E_228332BAE0224DD294E232B87D83948FQU__0D040987B99EBB440697BFE0871365B6D1B03E12.udd" 4448
"C:/Users/Brayan/AppData/Local/UnrealEngine/Common/DerivedDataCache/2/0/3/PHYSX_A08609EF508D460CBB6710540B03AACF_PHYSXPC_D658BB804458BCDAD80CDEA6B592A67__23574475E19550A738FA63D06789AC05F9C22B1B.udd" 4449
"C:/Users/Brayan/AppData/Local/UnrealEngine/Common/DerivedDataCache/0/4/2/NAVCOLLISION_2983273BE5D6425391E8C0B3D1C0A55D_NAVCOLLISION_X_D658BB804458BCDAD__A7AA8F3C9ADAEB4BB6E30B7A42C013ED80393297.udd" 4450
"C:/Users/Brayan/Desktop/banana odyssey/banana_odyssey/Content/niveles/obstaculos/texturas_objetos/T_toilet_paper_roll_contrail_S.uasset" 4451
"C:/Users/Brayan/AppData/Local/UnrealEngine/Common/DerivedDataCache/2/4/8/STATICMESH_9CE2B6FB46754B699726C4AA1515F12E_228332BAE0224DD294E232B87D83948FQU__71B86E4D94B1109830465A705504BD40674DE59C.udd" 4452
"C:/Users/Brayan/AppData/Local/UnrealEngine/Common/DerivedDataCache/2/3/9/PHYSX_A08609EF508D460CBB6710540B03AACF_PHYSXPC_30AD7C974E1FAF11E634D7808DD0B83__3EC1EACA0838F9D744C59EBB11EC7937D90CC4B7.udd" 4453
"C:/Users/Brayan/AppData/Local/UnrealEngine/Common/DerivedDataCache/6/4/7/NAVCOLLISION_2983273BE5D6425391E8C0B3D1C0A55D_NAVCOLLISION_X_30AD7C974E1FAF11E__9ACDCDD25CD629A368465DFCE9EE5D80BA28A748.udd" 4454
"C:/Users/Brayan/Desktop/banana odyssey/banana_odyssey/Content/niveles/obstaculos/texturas_objetos/T_toilet_paper_roll_contrail_D.uasset" 4455
"C:/Users/Brayan/AppData/Local/UnrealEngine/Common/DerivedDataCache/4/2/4/STATICMESH_9CE2B6FB46754B699726C4AA1515F12E_228332BAE0224DD294E232B87D83948FQU__3CA6B317389902670588BA5BB755C20C4BDF1540.udd" 4456
"C:/Users/Brayan/AppData/Local/UnrealEngine/Common/DerivedDataCache/9/0/3/PHYSX_A08609EF508D460CBB6710540B03AACF_PHYSXPC_7F0C165F4AC0EC92DC36F7887BF82F1__DEDF2943836E5D9ADC76469BB571E8AB87552B8E.udd" 4457
"C:/Users/Brayan/AppData/Local/UnrealEngine/Common/DerivedDataCache/7/0/3/NAVCOLLISION_2983273BE5D6425391E8C0B3D1C0A55D_NAVCOLLISION_X_7F0C165F4AC0EC92D__674B863F94A3FD3C9E382C8E435BDEACF8846CD3.udd" 4458
"C:/Users/Brayan/Desktop/banana odyssey/banana_odyssey/Content/niveles/obstaculos/M_toilet_paper_roll_contrail_253c929c.uasset" 4459
"C:/Users/Brayan/AppData/Local/UnrealEngine/Common/DerivedDataCache/0/1/1/STATICMESH_9CE2B6FB46754B699726C4AA1515F12E_228332BAE0224DD294E232B87D83948FQU__70D243C35E8CD68C8A198FC92C61BC13FACE4E3C.udd" 4460
"C:/Users/Brayan/AppData/Local/UnrealEngine/Common/DerivedDataCache/7/5/2/PHYSX_A08609EF508D460CBB6710540B03AACF_PHYSXPC_B186218844C24D9483C50099E8035BE__BFBBAEFB20051F7119877E65045DC23EC53F3928.udd" 4461
"C:/Users/Brayan/AppData/Local/UnrealEngine/Common/DerivedDataCache/4/0/7/NAVCOLLISION_2983273BE5D6425391E8C0B3D1C0A55D_NAVCOLLISION_X_B186218844C24D948__A9C8F08903E55B8809ED0CB02C93A60324D61AF7.udd" 4462
"C:/Users/Brayan/Desktop/banana odyssey/banana_odyssey/Content/niveles/obstaculos/props_Default__Creative_Prop_ToiletPaper01_C.uasset" 4463
"C:/Users/Brayan/AppData/Local/UnrealEngine/Common/DerivedDataCache/2/1/0/STATICMESH_9CE2B6FB46754B699726C4AA1515F12E_228332BAE0224DD294E232B87D83948FQU__6ED38E67D4CB66C82D36FF7D56F5045A73EDF84B.udd" 4464
"C:/Users/Brayan/AppData/Local/UnrealEngine/Common/DerivedDataCache/5/5/6/PHYSX_A08609EF508D460CBB6710540B03AACF_PHYSXPC_9C41D4C04A2612034EEB6FB941EC538__F0E6047CE680B083C1C85375C6AA824230B9D4E4.udd" 4465
"C:/Users/Brayan/AppData/Local/UnrealEngine/Common/DerivedDataCache/4/2/4/NAVCOLLISION_2983273BE5D6425391E8C0B3D1C0A55D_NAVCOLLISION_X_9C41D4C04A2612034__1B13A52DF90569C8FFC28B6CD39D9AEDDD5C837C.udd" 4466
"C:/Users/Brayan/Desktop/banana odyssey/banana_odyssey/Content/niveles/obstaculos/texturas_objetos/Prop_Table_TableClothDining_01_S.uasset" 4467
"C:/Users/Brayan/AppData/Local/UnrealEngine/Common/DerivedDataCache/0/9/3/STATICMESH_9CE2B6FB46754B699726C4AA1515F12E_228332BAE0224DD294E232B87D83948FQU__E0B31E3FCBC60E6BF9FFD3767F634F14B0C07F00.udd" 4468
"C:/Users/Brayan/AppData/Local/UnrealEngine/Common/DerivedDataCache/7/6/3/PHYSX_A08609EF508D460CBB6710540B03AACF_PHYSXPC_12686ECC48AD2719E57C3794C0C13BC__169F3098809F7F4534D50D54A926227077FEE6E1.udd" 4469
"C:/Users/Brayan/AppData/Local/UnrealEngine/Common/DerivedDataCache/4/3/7/NAVCOLLISION_2983273BE5D6425391E8C0B3D1C0A55D_NAVCOLLISION_X_12686ECC48AD2719E__A963890D4D8246327FDA60C5D6ED0935364C7786.udd" 4470
"C:/Users/Brayan/Desktop/banana odyssey/banana_odyssey/Content/niveles/obstaculos/texturas_objetos/Prop_Table_TableClothDining_01_N.uasset" 4471
"C:/Users/Brayan/AppData/Local/UnrealEngine/Common/DerivedDataCache/6/8/9/STATICMESH_9CE2B6FB46754B699726C4AA1515F12E_228332BAE0224DD294E232B87D83948FQU__1BC8D0EE8ABBD2F5D3A0B2421AA182A465BA1A88.udd" 4472
"C:/Users/Brayan/AppData/Local/UnrealEngine/Common/DerivedDataCache/8/3/1/PHYSX_A08609EF508D460CBB6710540B03AACF_PHYSXPC_501A2F12495B6BA8BA459A8F4ED953A__0B06DC7E74E8AD20F710EEC6B7B4D0BEDA45FA1A.udd" 4473
"C:/Users/Brayan/AppData/Local/UnrealEngine/Common/DerivedDataCache/2/4/6/NAVCOLLISION_2983273BE5D6425391E8C0B3D1C0A55D_NAVCOLLISION_X_501A2F12495B6BA8B__35DA2EDEC4955EDF4C1A58AFCB3C75776A7F7FF0.udd" 4474
"C:/Users/Brayan/Desktop/banana odyssey/banana_odyssey/Content/niveles/obstaculos/texturas_objetos/Prop_Table_TableClothDining_01_D.uasset" 4475
"C:/Users/Brayan/AppData/Local/UnrealEngine/Common/DerivedDataCache/9/7/7/STATICMESH_9CE2B6FB46754B699726C4AA1515F12E_228332BAE0224DD294E232B87D83948FQU__0C7B4444FD5719985F9B1B43A10D9EAC66F8ECAF.udd" 4476
"C:/Users/Brayan/AppData/Local/UnrealEngine/Common/DerivedDataCache/7/8/2/PHYSX_A08609EF508D460CBB6710540B03AACF_PHYSXPC_58490CD9488A2EDBEEA56A9C177DCCB__564DB78FC05C5AD831E8138F26A50E84E6797158.udd" 4477
"C:/Users/Brayan/AppData/Local/UnrealEngine/Common/DerivedDataCache/5/8/2/NAVCOLLISION_2983273BE5D6425391E8C0B3D1C0A55D_NAVCOLLISION_X_58490CD9488A2EDBE__262FE88489A2B685CC4B59CDEC51EE232EEC0E20.udd" 4478
"C:/Users/Brayan/Desktop/banana odyssey/banana_odyssey/Content/niveles/obstaculos/MI_Prop_TableClothDinner_01_7b63b127.uasset" 4479
"C:/Users/Brayan/AppData/Local/UnrealEngine/Common/DerivedDataCache/8/8/1/STATICMESH_9CE2B6FB46754B699726C4AA1515F12E_228332BAE0224DD294E232B87D83948FQU__56371BB1C568CF56DA408E9307EFF4E21D107E82.udd" 4480
"C:/Users/Brayan/AppData/Local/UnrealEngine/Common/DerivedDataCache/3/4/1/PHYSX_A08609EF508D460CBB6710540B03AACF_PHYSXPC_1591369D4E18F767E0EC5C971F40529__96D8C5580C6EAE9EE1DE24BE0F3CA6D281C275B6.udd" 4481
"C:/Users/Brayan/AppData/Local/UnrealEngine/Common/DerivedDataCache/0/2/7/NAVCOLLISION_2983273BE5D6425391E8C0B3D1C0A55D_NAVCOLLISION_X_1591369D4E18F767E__8E1DAA34AB74E23ECC53DAC9B7155CA07496D6C9.udd" 4482
"C:/Users/Brayan/Desktop/banana odyssey/banana_odyssey/Content/niveles/obstaculos/props_Default__Creative_Prop_SaltShaker_C.uasset" 4483
"C:/Users/Brayan/AppData/Local/UnrealEngine/Common/DerivedDataCache/6/9/6/STATICMESH_9CE2B6FB46754B699726C4AA1515F12E_228332BAE0224DD294E232B87D83948FQU__7FCCB3585FD538D8D467788A32EB57C957279168.udd" 4484
"C:/Users/Brayan/AppData/Local/UnrealEngine/Common/DerivedDataCache/4/7/3/PHYSX_A08609EF508D460CBB6710540B03AACF_PHYSXPC_9EA3FCA444FA4A535A2513AA4DAEF5A__7E4C06A35E5F2E3A6FBAEFF6E6832F86ED32D33B.udd" 4485
"C:/Users/Brayan/AppData/Local/UnrealEngine/Common/DerivedDataCache/2/7/7/NAVCOLLISION_2983273BE5D6425391E8C0B3D1C0A55D_NAVCOLLISION_X_9EA3FCA444FA4A535__1A69B35D47EB4A831B14E3CADC08D997502C0C72.udd" 4486
"C:/Users/Brayan/Desktop/banana odyssey/banana_odyssey/Content/niveles/obstaculos/texturas_objetos/Rubber_Duck_S.uasset" 4487
"C:/Users/Brayan/AppData/Local/UnrealEngine/Common/DerivedDataCache/0/4/3/STATICMESH_9CE2B6FB46754B699726C4AA1515F12E_228332BAE0224DD294E232B87D83948FQU__E68C76BBD4F3C6B87B056E924FB356A5F511C8B6.udd" 4488
"C:/Users/Brayan/AppData/Local/UnrealEngine/Common/DerivedDataCache/2/9/9/PHYSX_A08609EF508D460CBB6710540B03AACF_PHYSXPC_19825FF045260A07F052F8B17D380E6__8F6FF888101389B8187F4BB8C3A72C203E35F158.udd" 4489
"C:/Users/Brayan/AppData/Local/UnrealEngine/Common/DerivedDataCache/5/6/3/NAVCOLLISION_2983273BE5D6425391E8C0B3D1C0A55D_NAVCOLLISION_X_19825FF045260A07F__98193AE52086FA144D859A3C38BBAE690DA43456.udd" 4490
"C:/Users/Brayan/Desktop/banana odyssey/banana_odyssey/Content/niveles/obstaculos/texturas_objetos/Rubber_Duck_N.uasset" 4491
"C:/Users/Brayan/AppData/Local/UnrealEngine/Common/DerivedDataCache/9/8/3/STATICMESH_9CE2B6FB46754B699726C4AA1515F12E_228332BAE0224DD294E232B87D83948FQU__F55ACBDAED126B052E9F66C591DC1DDB2AD07184.udd" 4492
"C:/Users/Brayan/AppData/Local/UnrealEngine/Common/DerivedDataCache/9/8/8/PHYSX_A08609EF508D460CBB6710540B03AACF_PHYSXPC_035BD61C40EAD38C029ACF9A851A6B1__FE78B8E097F7938DF61139D2D4D8F31518201557.udd" 4493
"C:/Users/Brayan/AppData/Local/UnrealEngine/Common/DerivedDataCache/2/3/7/NAVCOLLISION_2983273BE5D6425391E8C0B3D1C0A55D_NAVCOLLISION_X_035BD61C40EAD38C0__6A1AA3051F5F34A4EA7341BC219E8FB0BC7462C9.udd" 4494
"C:/Users/Brayan/Desktop/banana odyssey/banana_odyssey/Content/niveles/obstaculos/texturas_objetos/Rubber_Duck_D.uasset" 4495
"C:/Users/Brayan/AppData/Local/UnrealEngine/Common/DerivedDataCache/3/0/4/STATICMESH_9CE2B6FB46754B699726C4AA1515F12E_228332BAE0224DD294E232B87D83948FQU__B7174C8EF6D075E01D46B4039797B072607356C2.udd" 4496
"C:/Users/Brayan/AppData/Local/UnrealEngine/Common/DerivedDataCache/8/4/3/PHYSX_A08609EF508D460CBB6710540B03AACF_PHYSXPC_20DD4B91445FB180FC109192F9D578E__B20FEA741049CCC50EF4FCBC5E049A20E1AFE6D2.udd" 4497
"C:/Users/Brayan/AppData/Local/UnrealEngine/Common/DerivedDataCache/7/5/4/NAVCOLLISION_2983273BE5D6425391E8C0B3D1C0A55D_NAVCOLLISION_X_20DD4B91445FB180F__2EC455191EE0AD4E3482340D611A9F83216596EB.udd" 4498
"C:/Users/Brayan/Desktop/banana odyssey/banana_odyssey/Content/niveles/obstaculos/M_RubberDuckStatic_62e6dfdc.uasset" 4499
"C:/Users/Brayan/AppData/Local/UnrealEngine/Common/DerivedDataCache/6/0/0/STATICMESH_9CE2B6FB46754B699726C4AA1515F12E_228332BAE0224DD294E232B87D83948FQU__8B6D9CB0A40CE98A6D5185E43CEB26CC26EC3077.udd" 4500
"C:/Users/Brayan/AppData/Local/UnrealEngine/Common/DerivedDataCache/7/0/8/PHYSX_A08609EF508D460CBB6710540B03AACF_PHYSXPC_2D6F3B3E4FA3F4E2F1D58DBDC720777__871D82DCD3936CF63C69E1BC768831768913FE79.udd" 4501
"C:/Users/Brayan/AppData/Local/UnrealEngine/Common/DerivedDataCache/2/3/9/NAVCOLLISION_2983273BE5D6425391E8C0B3D1C0A55D_NAVCOLLISION_X_2D6F3B3E4FA3F4E2F__94ADF468FA07F5534BF7B17A4B73D629F0775FB7.udd" 4502
"C:/Users/Brayan/Desktop/banana odyssey/banana_odyssey/Content/niveles/obstaculos/props_Default__Creative_Prop_RubberDuck_C.uasset" 4503
"C:/Users/Brayan/AppData/Local/UnrealEngine/Common/DerivedDataCache/6/0/4/STATICMESH_9CE2B6FB46754B699726C4AA1515F12E_228332BAE0224DD294E232B87D83948FQU__2D16A7E5ADBB1F5A881ADBECB1ACD45547D25D31.udd" 4504
"C:/Users/Brayan/AppData/Local/UnrealEngine/Common/DerivedDataCache/4/9/6/PHYSX_A08609EF508D460CBB6710540B03AACF_PHYSXPC_E3531CE74B9DDC4B7C159DBF7041D02__191F8D09541BE15092C9D1DD916F3906CA2A8264.udd" 4505
"C:/Users/Brayan/AppData/Local/UnrealEngine/Common/DerivedDataCache/5/4/4/NAVCOLLISION_2983273BE5D6425391E8C0B3D1C0A55D_NAVCOLLISION_X_E3531CE74B9DDC4B7__4F2BB828C8556BF346C664D988FE26C66BB7ACEA.udd" 4506
"C:/Users/Brayan/Desktop/banana odyssey/banana_odyssey/Content/niveles/obstaculos/texturas_objetos/T_DelMar_RLPigeon_N.uasset" 4507
"C:/Users/Brayan/AppData/Local/UnrealEngine/Common/DerivedDataCache/0/3/6/AUDIO_0005_0000_OGG10000$2D1$2D1$2D1$2D1$2D1_0004_8B6EA85C41C6D5EC1F9FC4856CC665B2.udd" 4508
"C:/Users/Brayan/Desktop/banana odyssey/banana_odyssey/Content/niveles/obstaculos/texturas_objetos/T_DelMar_RLPigeon_D.uasset" 4509
"C:/Users/Brayan/Desktop/banana odyssey/banana_odyssey/Content/niveles/obstaculos/MI_DM_RLPigeon_694da1de.uasset" 4510
"C:/Users/Brayan/Desktop/banana odyssey/banana_odyssey/Content/niveles/obstaculos/props_Default__BP_DelMar_Prop_Pigeon_C.uasset" 4511
"C:/Users/Brayan/Desktop/banana odyssey/banana_odyssey/Content/niveles/obstaculos/texturas_objetos/T_DM_InnerTube_A_N.uasset" 4512
"C:/Users/Brayan/AppData/Local/UnrealEngine/Common/DerivedDataCache/3/4/0/STATICMESH_9CE2B6FB46754B699726C4AA1515F12E_228332BAE0224DD294E232B87D83948FQU__6E396B765604CC3CE85A1AC6BA9431C687494E61.udd" 4513
"C:/Users/Brayan/AppData/Local/UnrealEngine/Common/DerivedDataCache/7/4/4/PHYSX_A08609EF508D460CBB6710540B03AACF_PHYSXPC_FE2B8D584DBFF135A4EF108AFC31AA9__BE702FAB0EFBADE93D9F32DEA45E8F82449469B2.udd" 4514
"C:/Users/Brayan/AppData/Local/UnrealEngine/Common/DerivedDataCache/8/8/1/NAVCOLLISION_2983273BE5D6425391E8C0B3D1C0A55D_NAVCOLLISION_X_FE2B8D584DBFF135A__E0ED380CB3131B411C712C14D17EF8814B9F4FFF.udd" 4515
"C:/Users/Brayan/Desktop/banana odyssey/banana_odyssey/Content/niveles/obstaculos/M_DM_InnerTube_A_64c695d4.uasset" 4516
"C:/Users/Brayan/Desktop/banana odyssey/banana_odyssey/Content/niveles/obstaculos/props_Default__BP_DelMar_Prop_InnerTube_A_C.uasset" 4517
"C:/Users/Brayan/Desktop/banana odyssey/banana_odyssey/Content/niveles/nivel_1/nivel_1_ba?o_urinario_008.uasset" 4518
"C:/Users/Brayan/Desktop/banana odyssey/banana_odyssey/Content/niveles/nivel_1/nivel_1_ba?o_urinario_007.uasset" 4519
"C:/Users/Brayan/Desktop/banana odyssey/banana_odyssey/Content/niveles/nivel_1/nivel_1_ba?o_urinario_006.uasset" 4520
"C:/Users/Brayan/AppData/Local/UnrealEngine/Common/DerivedDataCache/5/2/0/STATICMESH_9CE2B6FB46754B699726C4AA1515F12E_228332BAE0224DD294E232B87D83948FQU__0ABF2B18B6771419D8F20686F3048FCB14DEC51E.udd" 4521
"C:/Users/Brayan/AppData/Local/UnrealEngine/Common/DerivedDataCache/6/4/4/PHYSX_A08609EF508D460CBB6710540B03AACF_PHYSXPC_CE9A209945A2A6BAA121A9B288C1D09__961C55086FBB26308A1FBA0D5D0B51B0FF810D4F.udd" 4522
"C:/Users/Brayan/AppData/Local/UnrealEngine/Common/DerivedDataCache/3/3/8/NAVCOLLISION_2983273BE5D6425391E8C0B3D1C0A55D_NAVCOLLISION_X_CE9A209945A2A6BAA__2F2BCFFD2B1D1892E2172726606A625B696B2DEC.udd" 4523
"C:/Users/Brayan/Desktop/banana odyssey/banana_odyssey/Content/niveles/nivel_1/nivel_1_ba?o_urinario_005.uasset" 4524
"C:/Users/Brayan/Desktop/banana odyssey/banana_odyssey/Content/niveles/nivel_1/nivel_1_ba?o_urinario_004.uasset" 4525
"C:/Users/Brayan/Desktop/banana odyssey/banana_odyssey/Content/niveles/nivel_1/nivel_1_ba?o_urinario_003.uasset" 4526
"C:/Users/Brayan/Desktop/banana odyssey/banana_odyssey/Content/niveles/nivel_1/nivel_1_ba?o_urinario_002.uasset" 4527
"C:/Users/Brayan/Desktop/banana odyssey/banana_odyssey/Content/niveles/nivel_1/nivel_1_ba?o_urinario_001.uasset" 4528
"C:/Users/Brayan/AppData/Local/UnrealEngine/Common/DerivedDataCache/7/6/4/STATICMESH_9CE2B6FB46754B699726C4AA1515F12E_228332BAE0224DD294E232B87D83948FQU__E17816C875CD4D6217CFA49CF84C6C5A6B418F24.udd" 4529
"C:/Users/Brayan/AppData/Local/UnrealEngine/Common/DerivedDataCache/9/7/9/PHYSX_A08609EF508D460CBB6710540B03AACF_PHYSXPC_B953503D4102899710A684A966A594C__FA0B5B139B181B4D8CB59F56B6514AFE4C999ADD.udd" 4530
"C:/Users/Brayan/AppData/Local/UnrealEngine/Common/DerivedDataCache/6/9/6/NAVCOLLISION_2983273BE5D6425391E8C0B3D1C0A55D_NAVCOLLISION_X_B953503D410289971__C10CA32AAB8C779F7764D92FEDB4AD772B60E2DD.udd" 4531
"C:/Users/Brayan/Desktop/banana odyssey/banana_odyssey/Content/niveles/nivel_1/nivel_1_ba?o_urinario.uasset" 4532
"C:/Users/Brayan/Desktop/banana odyssey/banana_odyssey/Content/niveles/texturas_nivel_1/objetos/T_CozySoup_BathTub_A_B_S.uasset" 4533
"C:/Users/Brayan/Desktop/banana odyssey/banana_odyssey/Content/niveles/texturas_nivel_1/objetos/T_CozySoup_BathTub_A_B_N.uasset" 4534
"C:/Users/Brayan/Desktop/banana odyssey/banana_odyssey/Content/niveles/texturas_nivel_1/objetos/T_CozySoup_BathTub_A_B_D.uasset" 4535
"C:/Users/Brayan/AppData/Local/UnrealEngine/Common/DerivedDataCache/0/9/8/STATICMESH_9CE2B6FB46754B699726C4AA1515F12E_228332BAE0224DD294E232B87D83948FQU__5B4ADE1E28F3FC75026D5ABF5843EF71EE288181.udd" 4536
"C:/Users/Brayan/AppData/Local/UnrealEngine/Common/DerivedDataCache/2/8/2/PHYSX_A08609EF508D460CBB6710540B03AACF_PHYSXPC_9E76A46D4D7B1B83639659850E20E44__A38F75D6C1494209B71C77FB33F1E1E63A32CB0E.udd" 4537
"C:/Users/Brayan/AppData/Local/UnrealEngine/Common/DerivedDataCache/1/4/1/NAVCOLLISION_2983273BE5D6425391E8C0B3D1C0A55D_NAVCOLLISION_X_9E76A46D4D7B1B836__F653B4CA10E0FD589F08CE4C73DE36196BEEC30A.udd" 4538
"C:/Users/Brayan/Desktop/banana odyssey/banana_odyssey/Content/niveles/nivel_1/MI_CozySoup_BathTub_A_71cae3d0.uasset" 4539
"C:/Users/Brayan/Desktop/banana odyssey/banana_odyssey/Content/niveles/nivel_1/nivel_1_ba?o_SM_CozySoup_BathTubTowel_A.uasset" 4540
"C:/Users/Brayan/Desktop/banana odyssey/banana_odyssey/Content/niveles/nivel_1/nivel_1_ba?o_SM_CozySoup_BathTubStep_A.uasset" 4541
"C:/Users/Brayan/AppData/Local/UnrealEngine/Common/DerivedDataCache/7/0/5/STATICMESH_9CE2B6FB46754B699726C4AA1515F12E_228332BAE0224DD294E232B87D83948FQU__8206A6466F1AEE7249B02B50FFF1E0EE0E087EA0.udd" 4542
"C:/Users/Brayan/AppData/Local/UnrealEngine/Common/DerivedDataCache/6/1/5/PHYSX_A08609EF508D460CBB6710540B03AACF_PHYSXPC_816097EF4D736918975D17BE5474B7C__63DE4AE3834E8A7F120181619CF6D154EF35F112.udd" 4543
"C:/Users/Brayan/AppData/Local/UnrealEngine/Common/DerivedDataCache/6/6/2/NAVCOLLISION_2983273BE5D6425391E8C0B3D1C0A55D_NAVCOLLISION_X_816097EF4D7369189__5BDB8518818354F29CA82B5433F790E07426DB61.udd" 4544
"C:/Users/Brayan/Desktop/banana odyssey/banana_odyssey/Content/niveles/nivel_1/nivel_1_ba?o_SM_CozySoup_BathTubLid_A.uasset" 4545
"C:/Users/Brayan/AppData/Local/UnrealEngine/Common/DerivedDataCache/9/8/0/STATICMESH_9CE2B6FB46754B699726C4AA1515F12E_228332BAE0224DD294E232B87D83948FQU__1009DFEE0DD6FABAF1CDB723934DE4402D499861.udd" 4546
"C:/Users/Brayan/AppData/Local/UnrealEngine/Common/DerivedDataCache/3/8/2/PHYSX_A08609EF508D460CBB6710540B03AACF_PHYSXPC_8F4F80534E3649D67044A59A7EEA555__28BC559DB36EE649CCEC9DCC0F4DE33D5E7D9879.udd" 4547
"C:/Users/Brayan/AppData/Local/UnrealEngine/Common/DerivedDataCache/0/3/6/NAVCOLLISION_2983273BE5D6425391E8C0B3D1C0A55D_NAVCOLLISION_X_8F4F80534E3649D67__DF1BE8EF092ADDA32227F35855B01B5221B79503.udd" 4548
"C:/Users/Brayan/Desktop/banana odyssey/banana_odyssey/Content/niveles/nivel_1/nivel_1_ba?o_SM_CozySoup_BathTubFaucet_A.uasset" 4549
"C:/Users/Brayan/AppData/Local/UnrealEngine/Common/DerivedDataCache/7/7/8/STATICMESH_9CE2B6FB46754B699726C4AA1515F12E_228332BAE0224DD294E232B87D83948FQU__F5C7F635FA0E98BFBBF10DA1D9E090541CB870A4.udd" 4550
"C:/Users/Brayan/AppData/Local/UnrealEngine/Common/DerivedDataCache/1/7/9/PHYSX_A08609EF508D460CBB6710540B03AACF_PHYSXPC_4D9E4B6F4EAC033CA0FB09851D6D4E5__E051C1BBA0AC35678841F5CA4EA89A7824913F98.udd" 4551
"C:/Users/Brayan/AppData/Local/UnrealEngine/Common/DerivedDataCache/2/6/3/NAVCOLLISION_2983273BE5D6425391E8C0B3D1C0A55D_NAVCOLLISION_X_4D9E4B6F4EAC033CA__8602B9D5D6B36E1EEFBF0B5E4A10DD6A7C96743F.udd" 4552
"C:/Users/Brayan/Desktop/banana odyssey/banana_odyssey/Content/niveles/nivel_1/06bd05dfcb5951a2f415d5d5a387bef1.uasset" 4553
"C:/Users/Brayan/AppData/Local/UnrealEngine/Common/DerivedDataCache/8/8/3/STATICMESH_9CE2B6FB46754B699726C4AA1515F12E_228332BAE0224DD294E232B87D83948FQU__2CC67A6A797D354925529B8A8FE9D10D20938243.udd" 4554
"C:/Users/Brayan/AppData/Local/UnrealEngine/Common/DerivedDataCache/2/1/8/PHYSX_A08609EF508D460CBB6710540B03AACF_PHYSXPC_9D37CEBB4070FE3A7CD127BBCCD7189__0B60E85D5C07726DF174FA24BE078CD0949ECBCE.udd" 4555
"C:/Users/Brayan/AppData/Local/UnrealEngine/Common/DerivedDataCache/3/2/5/NAVCOLLISION_2983273BE5D6425391E8C0B3D1C0A55D_NAVCOLLISION_X_9D37CEBB4070FE3A7__F00E7F52C23C570615DB7D39AF9749290F0F3969.udd" 4556
"C:/Users/Brayan/Desktop/banana odyssey/banana_odyssey/Content/niveles/nivel_1/Material.uasset" 4557
"C:/Users/Brayan/AppData/Local/UnrealEngine/Common/DerivedDataCache/7/7/2/STATICMESH_9CE2B6FB46754B699726C4AA1515F12E_228332BAE0224DD294E232B87D83948FQU__F821B0D1729A8E397626F3D75A6B739E887AE837.udd" 4558
"C:/Users/Brayan/AppData/Local/UnrealEngine/Common/DerivedDataCache/0/3/5/PHYSX_A08609EF508D460CBB6710540B03AACF_PHYSXPC_7B8EA36A46C89CE3194A76B3A9B1C9D__3574C26AEDC385D2A997B80692CA5ABCD370AF03.udd" 4559
"C:/Users/Brayan/AppData/Local/UnrealEngine/Common/DerivedDataCache/8/9/3/NAVCOLLISION_2983273BE5D6425391E8C0B3D1C0A55D_NAVCOLLISION_X_7B8EA36A46C89CE31__884BDACD33FE884AAFDD4FD6C7344DB7A536680D.udd" 4560
"C:/Users/Brayan/Desktop/banana odyssey/banana_odyssey/Content/niveles/nivel_1/nivel_1_ba?o_letrero.uasset" 4561
"C:/Users/Brayan/AppData/Local/UnrealEngine/Common/DerivedDataCache/1/2/7/STATICMESH_9CE2B6FB46754B699726C4AA1515F12E_228332BAE0224DD294E232B87D83948FQU__F977AEAA52294FDA23B1A453ED2437AFC940477F.udd" 4562
"C:/Users/Brayan/AppData/Local/UnrealEngine/Common/DerivedDataCache/5/2/5/PHYSX_A08609EF508D460CBB6710540B03AACF_PHYSXPC_47BC447643516A04947790A41D207B6__DA5D7C2AD8B2099338EDF054A5A2AB591367216F.udd" 4563
"C:/Users/Brayan/AppData/Local/UnrealEngine/Common/DerivedDataCache/2/1/0/NAVCOLLISION_2983273BE5D6425391E8C0B3D1C0A55D_NAVCOLLISION_X_47BC447643516A049__920ADF0CC46080B7AAE20245F31F3642B2095230.udd" 4564
"C:/Users/Brayan/Desktop/banana odyssey/banana_odyssey/Content/niveles/nivel_1/nivel_1_ba?o_Default__CP_Waterfall_03b_C_006.uasset" 4565
"C:/Users/Brayan/AppData/Local/UnrealEngine/Common/DerivedDataCache/5/4/4/STATICMESH_9CE2B6FB46754B699726C4AA1515F12E_228332BAE0224DD294E232B87D83948FQU__6E742FFA382EC6D17183EC9FCA65437B9D1844DE.udd" 4566
"C:/Users/Brayan/AppData/Local/UnrealEngine/Common/DerivedDataCache/7/6/6/PHYSX_A08609EF508D460CBB6710540B03AACF_PHYSXPC_017AC6C844600068085406A2CA39FC0__65F742B9E2969FA87D5ECA4530F7517958C95379.udd" 4567
"C:/Users/Brayan/AppData/Local/UnrealEngine/Common/DerivedDataCache/7/2/7/NAVCOLLISION_2983273BE5D6425391E8C0B3D1C0A55D_NAVCOLLISION_X_017AC6C8446000680__9A72ADC28C6B0E30E867A062AAD5232A4A0D5285.udd" 4568
"C:/Users/Brayan/Desktop/banana odyssey/banana_odyssey/Content/niveles/nivel_1/nivel_1_ba?o_Default__CP_Waterfall_03b_C_005.uasset" 4569
"C:/Users/Brayan/AppData/Local/UnrealEngine/Common/DerivedDataCache/2/6/0/STATICMESH_9CE2B6FB46754B699726C4AA1515F12E_228332BAE0224DD294E232B87D83948FQU__8861E39860BFF9181E442C6DF5C1C47CC9DE339A.udd" 4570
"C:/Users/Brayan/AppData/Local/UnrealEngine/Common/DerivedDataCache/8/2/6/PHYSX_A08609EF508D460CBB6710540B03AACF_PHYSXPC_F1D534044610DC89115D98AF01D06B1__DFC2EA069BBD9C9E62DF9ABD500AB6F60119F6C7.udd" 4571
"C:/Users/Brayan/AppData/Local/UnrealEngine/Common/DerivedDataCache/0/7/1/NAVCOLLISION_2983273BE5D6425391E8C0B3D1C0A55D_NAVCOLLISION_X_F1D534044610DC891__807CAA3CE5364D4873F4E7B1B28D91ED0E1EA532.udd" 4572
"C:/Users/Brayan/Desktop/banana odyssey/banana_odyssey/Content/niveles/nivel_1/nivel_1_ba?o_Default__CP_Waterfall_03b_C_004.uasset" 4573
"C:/Users/Brayan/AppData/Local/UnrealEngine/Common/DerivedDataCache/6/0/8/STATICMESH_9CE2B6FB46754B699726C4AA1515F12E_228332BAE0224DD294E232B87D83948FQU__D0916155D5A898317E851D83FE7D1C09B00DF282.udd" 4574
"C:/Users/Brayan/AppData/Local/UnrealEngine/Common/DerivedDataCache/0/6/2/PHYSX_A08609EF508D460CBB6710540B03AACF_PHYSXPC_A023EE2F4F23C0809FE43FA74DD229E__8777F41FE2826F6C83387DC7516DB913FA1392EC.udd" 4575
"C:/Users/Brayan/AppData/Local/UnrealEngine/Common/DerivedDataCache/7/6/9/NAVCOLLISION_2983273BE5D6425391E8C0B3D1C0A55D_NAVCOLLISION_X_A023EE2F4F23C0809__F1DDF500BC6BD9D776B692427FA87C9A273E6209.udd" 4576
"C:/Users/Brayan/Desktop/banana odyssey/banana_odyssey/Content/niveles/nivel_1/nivel_1_ba?o_Default__CP_Waterfall_03b_C_003.uasset" 4577
"C:/Users/Brayan/AppData/Local/UnrealEngine/Common/DerivedDataCache/3/7/0/STATICMESH_9CE2B6FB46754B699726C4AA1515F12E_228332BAE0224DD294E232B87D83948FQU__869F1FF79B1353E469343E741AA665D0BE2B5887.udd" 4578
"C:/Users/Brayan/AppData/Local/UnrealEngine/Common/DerivedDataCache/0/9/7/PHYSX_A08609EF508D460CBB6710540B03AACF_PHYSXPC_3EB3DA11429BD84CC729709561FA3AC__FB64F276CCE2E3144350010FAF08C6267AE32BB3.udd" 4579
"C:/Users/Brayan/AppData/Local/UnrealEngine/Common/DerivedDataCache/6/5/8/NAVCOLLISION_2983273BE5D6425391E8C0B3D1C0A55D_NAVCOLLISION_X_3EB3DA11429BD84CC__A4E388632B3E8D220D7F7203800E7DAB221527B1.udd" 4580
"C:/Users/Brayan/Desktop/banana odyssey/banana_odyssey/Content/niveles/nivel_1/nivel_1_ba?o_Default__CP_Waterfall_03b_C_002.uasset" 4581
"C:/Users/Brayan/Desktop/banana odyssey/banana_odyssey/Content/niveles/nivel_1/nivel_1_ba?o_Default__CP_Waterfall_03b_C_001.uasset" 4582
"C:/Users/Brayan/Desktop/banana odyssey/banana_odyssey/Content/niveles/nivel_1/nivel_1_ba?o_Default__CP_Waterfall_03b_C.uasset" 4583
"C:/Users/Brayan/Desktop/banana odyssey/banana_odyssey/Content/niveles/texturas_nivel_1/objetos/T_SM_Bathroom_PublicMirror_01_S.uasset" 4584
"C:/Users/Brayan/Desktop/banana odyssey/banana_odyssey/Content/niveles/texturas_nivel_1/objetos/T_SM_Bathroom_PublicMirror_01_N.uasset" 4585
"C:/Users/Brayan/AppData/Local/UnrealEngine/Common/DerivedDataCache/5/3/4/STATICMESH_9CE2B6FB46754B699726C4AA1515F12E_228332BAE0224DD294E232B87D83948FQU__B29F43D321183232F89755336E648D020A85ADAB.udd" 4586
"C:/Users/Brayan/AppData/Local/UnrealEngine/Common/DerivedDataCache/3/8/9/PHYSX_A08609EF508D460CBB6710540B03AACF_PHYSXPC_46BC547D4F2BB094E959458C55A9751__1528800E2BF2416FA03C1EDFB5B6FC204CAEB555.udd" 4587
"C:/Users/Brayan/AppData/Local/UnrealEngine/Common/DerivedDataCache/5/4/3/NAVCOLLISION_2983273BE5D6425391E8C0B3D1C0A55D_NAVCOLLISION_X_46BC547D4F2BB094E__5CDCE035BE7FA55E17DFDB444466F68B38325927.udd" 4588
"C:/Users/Brayan/Desktop/banana odyssey/banana_odyssey/Content/niveles/texturas_nivel_1/objetos/T_SM_Bathroom_PublicMirror_01_D.uasset" 4589
"C:/Users/Brayan/AppData/Local/UnrealEngine/Common/DerivedDataCache/3/0/7/STATICMESH_9CE2B6FB46754B699726C4AA1515F12E_228332BAE0224DD294E232B87D83948FQU__8EE166C5E148686018645E39F48A872011BF522A.udd" 4590
"C:/Users/Brayan/AppData/Local/UnrealEngine/Common/DerivedDataCache/7/0/5/PHYSX_A08609EF508D460CBB6710540B03AACF_PHYSXPC_0DDDE8964EE4A958426E99A34F2FA94__5F3E89312A3C6ECB5F8E7EFB7CBB3AC59C9F4EDF.udd" 4591
"C:/Users/Brayan/AppData/Local/UnrealEngine/Common/DerivedDataCache/0/3/5/NAVCOLLISION_2983273BE5D6425391E8C0B3D1C0A55D_NAVCOLLISION_X_0DDDE8964EE4A9584__FACD053A2A8DE8B9B5E0C507D2F719197F63ECF2.udd" 4592
"C:/Users/Brayan/Desktop/banana odyssey/banana_odyssey/Content/niveles/nivel_1/MI_Bathroom_PublicMirror_01_4b937daf.uasset" 4593
"C:/Users/Brayan/AppData/Local/UnrealEngine/Common/DerivedDataCache/0/2/9/STATICMESH_9CE2B6FB46754B699726C4AA1515F12E_228332BAE0224DD294E232B87D83948FQU__60745E92BAA1250898AA18D05F8D305D75FA6969.udd" 4594
"C:/Users/Brayan/AppData/Local/UnrealEngine/Common/DerivedDataCache/0/9/4/PHYSX_A08609EF508D460CBB6710540B03AACF_PHYSXPC_BE0B26AB4F9666C6A97AFFB3F4CD759__F3B93EDC2FC29F5DC2F86BFA9A85D731F151968B.udd" 4595
"C:/Users/Brayan/AppData/Local/UnrealEngine/Common/DerivedDataCache/6/2/5/NAVCOLLISION_2983273BE5D6425391E8C0B3D1C0A55D_NAVCOLLISION_X_BE0B26AB4F9666C6A__BD68C90B58C04514CF4BE5D2D6684FD696321DCE.udd" 4596
"C:/Users/Brayan/Desktop/banana odyssey/banana_odyssey/Content/niveles/nivel_1/nivel_1_ba?o_Default__CP_Bathroom_PublicMirror_01_C_005.uasset" 4597
"C:/Users/Brayan/AppData/Local/UnrealEngine/Common/DerivedDataCache/5/4/4/STATICMESH_9CE2B6FB46754B699726C4AA1515F12E_228332BAE0224DD294E232B87D83948FQU__F4F7962F85C8A931302DDB97B8E857030B7C82CF.udd" 4598
"C:/Users/Brayan/AppData/Local/UnrealEngine/Common/DerivedDataCache/2/2/9/PHYSX_A08609EF508D460CBB6710540B03AACF_PHYSXPC_44F780024008B40EAA22E58B7F07173__3540E28C936B7FE3199C5D93C6D85C61196A66E8.udd" 4599
"C:/Users/Brayan/AppData/Local/UnrealEngine/Common/DerivedDataCache/2/3/5/NAVCOLLISION_2983273BE5D6425391E8C0B3D1C0A55D_NAVCOLLISION_X_44F780024008B40EA__F7A9C4C64F117155C52F1179F94872CA9D8CAEB2.udd" 4600
"C:/Users/Brayan/Desktop/banana odyssey/banana_odyssey/Content/niveles/nivel_1/nivel_1_ba?o_Default__CP_Bathroom_PublicMirror_01_C_004.uasset" 4601
"C:/Users/Brayan/Desktop/banana odyssey/banana_odyssey/Content/niveles/nivel_1/nivel_1_ba?o_Default__CP_Bathroom_PublicMirror_01_C_003.uasset" 4602
"C:/Users/Brayan/Desktop/banana odyssey/banana_odyssey/Content/niveles/nivel_1/nivel_1_ba?o_Default__CP_Bathroom_PublicMirror_01_C_002.uasset" 4603
"C:/Users/Brayan/AppData/Local/UnrealEngine/Common/DerivedDataCache/8/7/7/STATICMESH_9CE2B6FB46754B699726C4AA1515F12E_228332BAE0224DD294E232B87D83948FQU__2A2A32EA189B170614F17AC16E97CB0DD43643BE.udd" 4604
"C:/Users/Brayan/AppData/Local/UnrealEngine/Common/DerivedDataCache/0/9/5/PHYSX_A08609EF508D460CBB6710540B03AACF_PHYSXPC_2BF7BA73485EE0F65BF03597B4239C1__26D4F08325C4E69A62B8FC55CC068A9753DDE346.udd" 4605
"C:/Users/Brayan/AppData/Local/UnrealEngine/Common/DerivedDataCache/9/6/1/NAVCOLLISION_2983273BE5D6425391E8C0B3D1C0A55D_NAVCOLLISION_X_2BF7BA73485EE0F65__E439EC264BED623DA1AC67D19267C01B0170FF86.udd" 4606
"C:/Users/Brayan/Desktop/banana odyssey/banana_odyssey/Content/niveles/nivel_1/nivel_1_ba?o_Default__CP_Bathroom_PublicMirror_01_C_001.uasset" 4607
"C:/Users/Brayan/AppData/Local/UnrealEngine/Common/DerivedDataCache/4/8/8/STATICMESH_9CE2B6FB46754B699726C4AA1515F12E_228332BAE0224DD294E232B87D83948FQU__C9A0D944EA38DDC3D95141D5301CD8A8923A915D.udd" 4608
"C:/Users/Brayan/AppData/Local/UnrealEngine/Common/DerivedDataCache/7/8/4/PHYSX_A08609EF508D460CBB6710540B03AACF_PHYSXPC_AAD34BFB45DE7E51FCDA27A997D9B65__55D199A27261A280D66651B80F0866A9C06058FE.udd" 4609
"C:/Users/Brayan/AppData/Local/UnrealEngine/Common/DerivedDataCache/7/7/0/NAVCOLLISION_2983273BE5D6425391E8C0B3D1C0A55D_NAVCOLLISION_X_AAD34BFB45DE7E51F__3D2EEDE19B9E04FC0E9BF6C2E029716D3A9C225B.udd" 4610
"C:/Users/Brayan/Desktop/banana odyssey/banana_odyssey/Content/niveles/nivel_1/nivel_1_ba?o_Default__CP_Bathroom_PublicMirror_01_C.uasset" 4611
"C:/Users/Brayan/AppData/Local/UnrealEngine/Common/DerivedDataCache/2/4/1/STATICMESH_9CE2B6FB46754B699726C4AA1515F12E_228332BAE0224DD294E232B87D83948FQU__1EB4FF1BCCF0FEE86D90E8AFCB37E5578B90E7F7.udd" 4612
"C:/Users/Brayan/AppData/Local/UnrealEngine/Common/DerivedDataCache/3/7/9/PHYSX_A08609EF508D460CBB6710540B03AACF_PHYSXPC_EFA633944A01D40CD2CAEFB08CCAABD__C9E5AFD4C399B28683F088E45307531673658209.udd" 4613
"C:/Users/Brayan/AppData/Local/UnrealEngine/Common/DerivedDataCache/3/1/1/NAVCOLLISION_2983273BE5D6425391E8C0B3D1C0A55D_NAVCOLLISION_X_EFA633944A01D40CD__D303CAC359CBAA01A17033FECAA2358DE2C09744.udd" 4614
"C:/Users/Brayan/Desktop/banana odyssey/banana_odyssey/Content/niveles/nivel_1/MI_Artemis_Business_Master_3_fcc1b12_005.uasset" 4615
"C:/Users/Brayan/AppData/Local/UnrealEngine/Common/DerivedDataCache/5/6/0/STATICMESH_9CE2B6FB46754B699726C4AA1515F12E_228332BAE0224DD294E232B87D83948FQU__37A60FD321EBFF147776BEC44EBDAD248186407E.udd" 4616
"C:/Users/Brayan/AppData/Local/UnrealEngine/Common/DerivedDataCache/7/1/6/PHYSX_A08609EF508D460CBB6710540B03AACF_PHYSXPC_12BD75F9446CD9483AE26C878630CB3__2C892E5CE3748B938025605994C8E488BBD378D1.udd" 4617
"C:/Users/Brayan/AppData/Local/UnrealEngine/Common/DerivedDataCache/9/4/3/NAVCOLLISION_2983273BE5D6425391E8C0B3D1C0A55D_NAVCOLLISION_X_12BD75F9446CD9483__789825108F80DFBEF739419CACEB6E9E103CA7B0.udd" 4618
"C:/Users/Brayan/Desktop/banana odyssey/banana_odyssey/Content/niveles/nivel_1/nivel_1_ba?o_Default__Business_Wall_A_A_C_008.uasset" 4619
"C:/Users/Brayan/AppData/Local/UnrealEngine/Common/DerivedDataCache/6/5/6/STATICMESH_9CE2B6FB46754B699726C4AA1515F12E_228332BAE0224DD294E232B87D83948FQU__F95343A25F07779DA9CB8AB8F1842482D03DB4E5.udd" 4620
"C:/Users/Brayan/AppData/Local/UnrealEngine/Common/DerivedDataCache/6/9/0/PHYSX_A08609EF508D460CBB6710540B03AACF_PHYSXPC_4F839BB94D45F4AD7889BCA0F09F155__617AD1F23F4CAE3FAAE07B20AFF7F179FAD06219.udd" 4621
"C:/Users/Brayan/AppData/Local/UnrealEngine/Common/DerivedDataCache/8/2/9/NAVCOLLISION_2983273BE5D6425391E8C0B3D1C0A55D_NAVCOLLISION_X_4F839BB94D45F4AD7__04D12E02D1C2BEADF255CE7F3BA03763C1BFDEF0.udd" 4622
"C:/Users/Brayan/Desktop/banana odyssey/banana_odyssey/Content/niveles/nivel_1/nivel_1_ba?o_Default__BrickSimple_AAA_SolidWall_C_024.uasset" 4623
"C:/Users/Brayan/AppData/Local/UnrealEngine/Common/DerivedDataCache/8/7/9/STATICMESH_9CE2B6FB46754B699726C4AA1515F12E_228332BAE0224DD294E232B87D83948FQU__DD87543CC65AA050E8D69C99880963B0EC9ABA19.udd" 4624
"C:/Users/Brayan/AppData/Local/UnrealEngine/Common/DerivedDataCache/7/0/4/PHYSX_A08609EF508D460CBB6710540B03AACF_PHYSXPC_BBC0601649B9D6FEA905ECAB5C6C27E__BA58C99A66349AFF7E436B6588558E1A42DD1DE2.udd" 4625
"C:/Users/Brayan/AppData/Local/UnrealEngine/Common/DerivedDataCache/2/1/7/NAVCOLLISION_2983273BE5D6425391E8C0B3D1C0A55D_NAVCOLLISION_X_BBC0601649B9D6FEA__7AA978C33FED9CB525B65220EE5A5912BF41D1C5.udd" 4626
"C:/Users/Brayan/Desktop/banana odyssey/banana_odyssey/Content/niveles/nivel_1/nivel_1_ba?o_Default__BrickSimple_AAA_SolidWall_C_023.uasset" 4627
"C:/Users/Brayan/AppData/Local/UnrealEngine/Common/DerivedDataCache/3/5/2/STATICMESH_9CE2B6FB46754B699726C4AA1515F12E_228332BAE0224DD294E232B87D83948FQU__BB02F229DE9E6BAAF89D45697FFAF7813020F2F0.udd" 4628
"C:/Users/Brayan/AppData/Local/UnrealEngine/Common/DerivedDataCache/5/5/1/PHYSX_A08609EF508D460CBB6710540B03AACF_PHYSXPC_0F72AC32499EE3222929F9A3AF78702__21842D387B034C9CA756C9C679F9FB36DAD380DE.udd" 4629
"C:/Users/Brayan/AppData/Local/UnrealEngine/Common/DerivedDataCache/2/6/1/NAVCOLLISION_2983273BE5D6425391E8C0B3D1C0A55D_NAVCOLLISION_X_0F72AC32499EE3222__CA379D6B8420B4680A27577C6E8F8F46BDCA1B81.udd" 4630
"C:/Users/Brayan/Desktop/banana odyssey/banana_odyssey/Content/niveles/nivel_1/nivel_1_ba?o_Default__BrickSimple_AAA_SolidWall_C_022.uasset" 4631
"C:/Users/Brayan/AppData/Local/UnrealEngine/Common/DerivedDataCache/6/7/2/STATICMESH_9CE2B6FB46754B699726C4AA1515F12E_228332BAE0224DD294E232B87D83948FQU__367295B614FF23B1CD52E8A17D66D214A1BE0D55.udd" 4632
"C:/Users/Brayan/AppData/Local/UnrealEngine/Common/DerivedDataCache/1/0/3/PHYSX_A08609EF508D460CBB6710540B03AACF_PHYSXPC_5BC4D57746FA43DFA36C00BE6E9E54D__D2B9800A850C77D642BAFAF6D24879B501C933A0.udd" 4633
"C:/Users/Brayan/AppData/Local/UnrealEngine/Common/DerivedDataCache/4/5/1/NAVCOLLISION_2983273BE5D6425391E8C0B3D1C0A55D_NAVCOLLISION_X_5BC4D57746FA43DFA__410F24D2298947A1ADDE74299F356F6BA01D475C.udd" 4634
"C:/Users/Brayan/Desktop/banana odyssey/banana_odyssey/Content/niveles/nivel_1/nivel_1_ba?o_Default__BrickSimple_AAA_SolidWall_C_021.uasset" 4635
"C:/Users/Brayan/Desktop/banana odyssey/banana_odyssey/Content/niveles/nivel_1/nivel_1_ba?o_Default__BrickSimple_AAA_SolidWall_C_020.uasset" 4636
"C:/Users/Brayan/Desktop/banana odyssey/banana_odyssey/Content/niveles/nivel_1/nivel_1_ba?o_Default__BrickSimple_AAA_SolidWall_C_019.uasset" 4637
"C:/Users/Brayan/Desktop/banana odyssey/banana_odyssey/Content/niveles/nivel_1/nivel_1_ba?o_Default__BrickSimple_AAA_SolidWall_C_018.uasset" 4638
"C:/Users/Brayan/Desktop/banana odyssey/banana_odyssey/Content/niveles/nivel_1/nivel_1_ba?o_Default__BrickSimple_AAA_SolidWall_C_017.uasset" 4639
"C:/Users/Brayan/AppData/Local/UnrealEngine/Common/DerivedDataCache/9/9/6/STATICMESH_9CE2B6FB46754B699726C4AA1515F12E_228332BAE0224DD294E232B87D83948FQU__81A4281D44B171CF315B50F0DC68933CB876AA46.udd" 4640
"C:/Users/Brayan/AppData/Local/UnrealEngine/Common/DerivedDataCache/0/6/4/PHYSX_A08609EF508D460CBB6710540B03AACF_PHYSXPC_6C967C334A25CF8DC2E63F96C814088__F8E77FF23368ABB84E86781B21829138038C0E9C.udd" 4641
"C:/Users/Brayan/AppData/Local/UnrealEngine/Common/DerivedDataCache/5/9/1/NAVCOLLISION_2983273BE5D6425391E8C0B3D1C0A55D_NAVCOLLISION_X_6C967C334A25CF8DC__334A9FF222BD7E6FE45CEDD839AEBF796C100597.udd" 4642
"C:/Users/Brayan/Desktop/banana odyssey/banana_odyssey/Content/niveles/nivel_1/nivel_1_ba?o_Default__BrickSimple_AAA_SolidWall_C_016.uasset" 4643
"C:/Users/Brayan/AppData/Local/UnrealEngine/Common/DerivedDataCache/5/8/7/STATICMESH_9CE2B6FB46754B699726C4AA1515F12E_228332BAE0224DD294E232B87D83948FQU__BD995409F7988AF2C886347CE6A4E7FB1C42E967.udd" 4644
"C:/Users/Brayan/AppData/Local/UnrealEngine/Common/DerivedDataCache/3/3/9/PHYSX_A08609EF508D460CBB6710540B03AACF_PHYSXPC_65E6FBEA44361AB7006A658898DF12A__BB43F06DC5F3158D0D2E6173035551C137E8C0C0.udd" 4645
"C:/Users/Brayan/AppData/Local/UnrealEngine/Common/DerivedDataCache/8/5/1/NAVCOLLISION_2983273BE5D6425391E8C0B3D1C0A55D_NAVCOLLISION_X_65E6FBEA44361AB70__12A9B5DE27528A7FC3CF2DE64BFBE35EF19BCCE9.udd" 4646
"C:/Users/Brayan/Desktop/banana odyssey/banana_odyssey/Content/niveles/nivel_1/nivel_1_ba?o_Default__BrickSimple_AAA_SolidWall_C_015.uasset" 4647
"C:/Users/Brayan/AppData/Local/UnrealEngine/Common/DerivedDataCache/7/5/5/STATICMESH_9CE2B6FB46754B699726C4AA1515F12E_228332BAE0224DD294E232B87D83948FQU__A05D833A79A7DBDEE206C9DECD7D50AF604682B5.udd" 4648
"C:/Users/Brayan/AppData/Local/UnrealEngine/Common/DerivedDataCache/2/9/2/PHYSX_A08609EF508D460CBB6710540B03AACF_PHYSXPC_AEF4F7AE49A54E278B502B982A3CFE3__A492D9BE97DBA63D34DB0CF17023823BCE88F000.udd" 4649
"C:/Users/Brayan/AppData/Local/UnrealEngine/Common/DerivedDataCache/5/7/1/NAVCOLLISION_2983273BE5D6425391E8C0B3D1C0A55D_NAVCOLLISION_X_AEF4F7AE49A54E278__32FE27B60DD45FE6E21B2D36402C8E7017452579.udd" 4650
"C:/Users/Brayan/Desktop/banana odyssey/banana_odyssey/Content/niveles/nivel_1/nivel_1_ba?o_Default__BrickSimple_AAA_SolidWall_C_014.uasset" 4651
"C:/Users/Brayan/AppData/Local/UnrealEngine/Common/DerivedDataCache/9/7/5/STATICMESH_9CE2B6FB46754B699726C4AA1515F12E_228332BAE0224DD294E232B87D83948FQU__E1B314B178665D4CC6204981D636C02022AE4B5E.udd" 4652
"C:/Users/Brayan/AppData/Local/UnrealEngine/Common/DerivedDataCache/8/5/1/PHYSX_A08609EF508D460CBB6710540B03AACF_PHYSXPC_4704486D418A2D6B1F5C5C8333040DD__1A4A8DDEC01890335F5FFD0EE7DC6C7057F8AC53.udd" 4653
"C:/Users/Brayan/AppData/Local/UnrealEngine/Common/DerivedDataCache/0/0/0/NAVCOLLISION_2983273BE5D6425391E8C0B3D1C0A55D_NAVCOLLISION_X_4704486D418A2D6B1__AC9BA4393DA6429DEBA8782BD1CB81377D33EAEE.udd" 4654
"C:/Users/Brayan/Desktop/banana odyssey/banana_odyssey/Content/niveles/nivel_1/nivel_1_ba?o_Default__BrickSimple_AAA_SolidWall_C_013.uasset" 4655
"C:/Users/Brayan/AppData/Local/UnrealEngine/Common/DerivedDataCache/9/5/2/STATICMESH_9CE2B6FB46754B699726C4AA1515F12E_228332BAE0224DD294E232B87D83948FQU__9F9100AE1538F8B91CD85B2A4648A4902F279229.udd" 4656
"C:/Users/Brayan/AppData/Local/UnrealEngine/Common/DerivedDataCache/9/8/5/PHYSX_A08609EF508D460CBB6710540B03AACF_PHYSXPC_390CE0D04E02563C98D17191466D9A1__859A1E2D93F3E434816693AA89A9B52B2F7D9AA7.udd" 4657
"C:/Users/Brayan/AppData/Local/UnrealEngine/Common/DerivedDataCache/6/2/3/NAVCOLLISION_2983273BE5D6425391E8C0B3D1C0A55D_NAVCOLLISION_X_390CE0D04E02563C9__0845E41CAFB3B007FB119A786374D8F1A8135E37.udd" 4658
"C:/Users/Brayan/Desktop/banana odyssey/banana_odyssey/Content/niveles/nivel_1/nivel_1_ba?o_Default__BrickSimple_AAA_SolidWall_C_012.uasset" 4659
"C:/Users/Brayan/AppData/Local/UnrealEngine/Common/DerivedDataCache/7/0/1/STATICMESH_9CE2B6FB46754B699726C4AA1515F12E_228332BAE0224DD294E232B87D83948FQU__3DD0F151435A83E2A40A0D6F520E806D89F363BF.udd" 4660
"C:/Users/Brayan/AppData/Local/UnrealEngine/Common/DerivedDataCache/5/8/6/PHYSX_A08609EF508D460CBB6710540B03AACF_PHYSXPC_5D6B3ABC4A5C4D2B5A30388FCF198C6__D3D456CF1DA2EF6795BC132B8C23D03483166767.udd" 4661
"C:/Users/Brayan/AppData/Local/UnrealEngine/Common/DerivedDataCache/6/8/2/NAVCOLLISION_2983273BE5D6425391E8C0B3D1C0A55D_NAVCOLLISION_X_5D6B3ABC4A5C4D2B5__0CDF0D8079B7078F107FD588654EFECEFEAC14EA.udd" 4662
"C:/Users/Brayan/Desktop/banana odyssey/banana_odyssey/Content/niveles/nivel_1/nivel_1_ba?o_Default__BrickSimple_AAA_SolidWall_C_011.uasset" 4663
"C:/Users/Brayan/Desktop/banana odyssey/banana_odyssey/Content/niveles/nivel_1/nivel_1_ba?o_Default__BrickSimple_AAA_SolidWall_C_010.uasset" 4664
"C:/Users/Brayan/AppData/Local/UnrealEngine/Common/DerivedDataCache/5/3/4/STATICMESH_9CE2B6FB46754B699726C4AA1515F12E_228332BAE0224DD294E232B87D83948FQU__23880FCFD4949A7E0C2F84A67575A6B309A3EDA1.udd" 4665
"C:/Users/Brayan/AppData/Local/UnrealEngine/Common/DerivedDataCache/6/7/7/PHYSX_A08609EF508D460CBB6710540B03AACF_PHYSXPC_71FBB7824D05B88F2993F4903792442__E0FF5D9E5EA3731B7F667E25F34BED2831D2503A.udd" 4666
"C:/Users/Brayan/AppData/Local/UnrealEngine/Common/DerivedDataCache/0/6/9/NAVCOLLISION_2983273BE5D6425391E8C0B3D1C0A55D_NAVCOLLISION_X_71FBB7824D05B88F2__814DE40B303F6CFEF3C14F2817A4B14A4B323566.udd" 4667
"C:/Users/Brayan/Desktop/banana odyssey/banana_odyssey/Content/niveles/nivel_1/nivel_1_ba?o_Default__BrickSimple_AAA_SolidWall_C_009.uasset" 4668
"C:/Users/Brayan/AppData/Local/UnrealEngine/Common/DerivedDataCache/7/4/8/STATICMESH_9CE2B6FB46754B699726C4AA1515F12E_228332BAE0224DD294E232B87D83948FQU__FB0A5DBA4AC936CCEE6357BE15464B734C668581.udd" 4669
"C:/Users/Brayan/AppData/Local/UnrealEngine/Common/DerivedDataCache/1/9/6/PHYSX_A08609EF508D460CBB6710540B03AACF_PHYSXPC_A561FCF54A837963431C308A7A67493__5EEA5F812F3E8BCC5986444B32D43F3E9B94221B.udd" 4670
"C:/Users/Brayan/AppData/Local/UnrealEngine/Common/DerivedDataCache/8/5/6/NAVCOLLISION_2983273BE5D6425391E8C0B3D1C0A55D_NAVCOLLISION_X_A561FCF54A8379634__4F1BE22F5D2DC52972CFDEB5CE7B3CF3CD58B2E1.udd" 4671
"C:/Users/Brayan/Desktop/banana odyssey/banana_odyssey/Content/niveles/nivel_1/nivel_1_ba?o_Default__BrickSimple_AAA_SolidWall_C_008.uasset" 4672
"C:/Users/Brayan/AppData/Local/UnrealEngine/Common/DerivedDataCache/5/9/8/STATICMESH_9CE2B6FB46754B699726C4AA1515F12E_228332BAE0224DD294E232B87D83948FQU__BC857568B22D9DEEA29099BE47CE6BC11D3F135D.udd" 4673
"C:/Users/Brayan/AppData/Local/UnrealEngine/Common/DerivedDataCache/0/5/0/PHYSX_A08609EF508D460CBB6710540B03AACF_PHYSXPC_4F198F4B4F64301ADB00C0A30C4D927__0FF18CF3183D8696F2963735259AD6A12ED37DEC.udd" 4674
"C:/Users/Brayan/AppData/Local/UnrealEngine/Common/DerivedDataCache/8/0/9/NAVCOLLISION_2983273BE5D6425391E8C0B3D1C0A55D_NAVCOLLISION_X_4F198F4B4F64301AD__48EBDA3B6954AF3B0B250B0A8F8F52B7717A55C8.udd" 4675
"C:/Users/Brayan/Desktop/banana odyssey/banana_odyssey/Content/niveles/nivel_1/nivel_1_ba?o_Default__BrickSimple_AAA_SolidWall_C_007.uasset" 4676
"C:/Users/Brayan/AppData/Local/UnrealEngine/Common/DerivedDataCache/6/9/9/STATICMESH_9CE2B6FB46754B699726C4AA1515F12E_228332BAE0224DD294E232B87D83948FQU__3863E53A2B408D18E2476451BFF7036D36A2A8E2.udd" 4677
"C:/Users/Brayan/AppData/Local/UnrealEngine/Common/DerivedDataCache/7/9/1/PHYSX_A08609EF508D460CBB6710540B03AACF_PHYSXPC_3340CED84B16C486EA51C98E38C5E0D__7570B34099B6C0379E0F622E4647781F32DE5229.udd" 4678
"C:/Users/Brayan/AppData/Local/UnrealEngine/Common/DerivedDataCache/8/6/9/NAVCOLLISION_2983273BE5D6425391E8C0B3D1C0A55D_NAVCOLLISION_X_3340CED84B16C486E__94026CE35C3A5D935399A794E06F42ABF186AD72.udd" 4679
"C:/Users/Brayan/Desktop/banana odyssey/banana_odyssey/Content/niveles/nivel_1/nivel_1_ba?o_Default__BrickSimple_AAA_SolidWall_C_006.uasset" 4680
"C:/Users/Brayan/AppData/Local/UnrealEngine/Common/DerivedDataCache/1/5/8/STATICMESH_9CE2B6FB46754B699726C4AA1515F12E_228332BAE0224DD294E232B87D83948FQU__9EE9EA243DCC939DA03C9EA11ECB2BFE8EA8286D.udd" 4681
"C:/Users/Brayan/AppData/Local/UnrealEngine/Common/DerivedDataCache/0/3/4/PHYSX_A08609EF508D460CBB6710540B03AACF_PHYSXPC_311798944FAAE625A1AB11BE1C3DBFD__A3CD36A86D903C572ECD1655433DCE3DE2879A18.udd" 4682
"C:/Users/Brayan/AppData/Local/UnrealEngine/Common/DerivedDataCache/3/0/5/NAVCOLLISION_2983273BE5D6425391E8C0B3D1C0A55D_NAVCOLLISION_X_311798944FAAE625A__DEE2A03DBE973E9F1F6207DE308BBBAFD17BCAAA.udd" 4683
"C:/Users/Brayan/Desktop/banana odyssey/banana_odyssey/Content/niveles/nivel_1/nivel_1_ba?o_Default__BrickSimple_AAA_SolidWall_C_005.uasset" 4684
"C:/Users/Brayan/AppData/Local/UnrealEngine/Common/DerivedDataCache/4/0/3/STATICMESH_9CE2B6FB46754B699726C4AA1515F12E_228332BAE0224DD294E232B87D83948FQU__21F3E290945D8968A79F804BE7A663C018DFC3D3.udd" 4685
"C:/Users/Brayan/AppData/Local/UnrealEngine/Common/DerivedDataCache/8/8/9/PHYSX_A08609EF508D460CBB6710540B03AACF_PHYSXPC_C86F0EB1477374CB7D0279BCE7F5CED__BCC4D6D439257C88D0CE203CB319A21F0CA595BE.udd" 4686
"C:/Users/Brayan/AppData/Local/UnrealEngine/Common/DerivedDataCache/6/4/7/NAVCOLLISION_2983273BE5D6425391E8C0B3D1C0A55D_NAVCOLLISION_X_C86F0EB1477374CB7__B522B339B6A8B1CBB78EDFC98F591B80463B019F.udd" 4687
"C:/Users/Brayan/Desktop/banana odyssey/banana_odyssey/Content/niveles/nivel_1/nivel_1_ba?o_Default__BrickSimple_AAA_SolidWall_C_004.uasset" 4688
"C:/Users/Brayan/AppData/Local/UnrealEngine/Common/DerivedDataCache/2/0/7/STATICMESH_9CE2B6FB46754B699726C4AA1515F12E_228332BAE0224DD294E232B87D83948FQU__C2FE19FC54E6B6C9EA868C654EE6CF0DF6891405.udd" 4689
"C:/Users/Brayan/AppData/Local/UnrealEngine/Common/DerivedDataCache/8/2/0/PHYSX_A08609EF508D460CBB6710540B03AACF_PHYSXPC_195C6BAB4AC8D60D11898A8C02DB00E__EB661A4AC77946867774F3FDC3883A07B874B405.udd" 4690
"C:/Users/Brayan/AppData/Local/UnrealEngine/Common/DerivedDataCache/6/1/4/NAVCOLLISION_2983273BE5D6425391E8C0B3D1C0A55D_NAVCOLLISION_X_195C6BAB4AC8D60D1__AF85D05FA862710C6ED19A2792EBF015EC2A0A03.udd" 4691
"C:/Users/Brayan/Desktop/banana odyssey/banana_odyssey/Content/niveles/nivel_1/nivel_1_ba?o_Default__BrickSimple_AAA_SolidWall_C_003.uasset" 4692
"C:/Users/Brayan/AppData/Local/UnrealEngine/Common/DerivedDataCache/9/4/4/STATICMESH_9CE2B6FB46754B699726C4AA1515F12E_228332BAE0224DD294E232B87D83948FQU__AC734CA3A35295F2759479EBC462CA30BBA0CADC.udd" 4693
"C:/Users/Brayan/AppData/Local/UnrealEngine/Common/DerivedDataCache/1/1/8/PHYSX_A08609EF508D460CBB6710540B03AACF_PHYSXPC_F59FB4434A4B106B344453B9757D215__CD29924410D8A51BC418444FD631AC8D7559401C.udd" 4694
"C:/Users/Brayan/AppData/Local/UnrealEngine/Common/DerivedDataCache/2/3/8/NAVCOLLISION_2983273BE5D6425391E8C0B3D1C0A55D_NAVCOLLISION_X_F59FB4434A4B106B3__4A1D834F5E92AA6C29D3C0E3A9F860A543FC5CFF.udd" 4695
"C:/Users/Brayan/Desktop/banana odyssey/banana_odyssey/Content/niveles/nivel_1/nivel_1_ba?o_Default__BrickSimple_AAA_SolidWall_C_002.uasset" 4696
"C:/Users/Brayan/AppData/Local/UnrealEngine/Common/DerivedDataCache/4/5/8/STATICMESH_9CE2B6FB46754B699726C4AA1515F12E_228332BAE0224DD294E232B87D83948FQU__B57E840C3486AD33A116A4124A51EB961E547735.udd" 4697
"C:/Users/Brayan/AppData/Local/UnrealEngine/Common/DerivedDataCache/3/0/9/PHYSX_A08609EF508D460CBB6710540B03AACF_PHYSXPC_12F8899D44D1667ECD20E7A9FFEEE6C__D2ED32C27D1FF0054D4AED8516328563079C3835.udd" 4698
"C:/Users/Brayan/AppData/Local/UnrealEngine/Common/DerivedDataCache/7/0/0/NAVCOLLISION_2983273BE5D6425391E8C0B3D1C0A55D_NAVCOLLISION_X_12F8899D44D1667EC__B066596F3AE840605CAD9A96F2A767271D7E9D32.udd" 4699
"C:/Users/Brayan/Desktop/banana odyssey/banana_odyssey/Content/niveles/nivel_1/nivel_1_ba?o_Default__BrickSimple_AAA_SolidWall_C_001.uasset" 4700
"C:/Users/Brayan/AppData/Local/UnrealEngine/Common/DerivedDataCache/9/7/5/STATICMESH_9CE2B6FB46754B699726C4AA1515F12E_228332BAE0224DD294E232B87D83948FQU__B96661E1AA9B656791685A15A5519340ECDB4130.udd" 4701
"C:/Users/Brayan/AppData/Local/UnrealEngine/Common/DerivedDataCache/2/3/8/PHYSX_A08609EF508D460CBB6710540B03AACF_PHYSXPC_FB7218CF445BD18B8FAEDC9FED52952__09C5E2319F4319ACAC505A2C29839351F455096E.udd" 4702
"C:/Users/Brayan/AppData/Local/UnrealEngine/Common/DerivedDataCache/2/9/6/NAVCOLLISION_2983273BE5D6425391E8C0B3D1C0A55D_NAVCOLLISION_X_FB7218CF445BD18B8__090B7F7DBF879DF6FAA398B3CA04AEBBB58E7BE5.udd" 4703
"C:/Users/Brayan/Desktop/banana odyssey/banana_odyssey/Content/niveles/nivel_1/nivel_1_ba?o_Default__BP_Commerce_BathroomPlanter_A_C_C_002.uasset" 4704
"C:/Users/Brayan/AppData/Local/UnrealEngine/Common/DerivedDataCache/9/8/7/STATICMESH_9CE2B6FB46754B699726C4AA1515F12E_228332BAE0224DD294E232B87D83948FQU__C0ECD3B2B9E2BF7AAAFB9CD1C670CB4EDDEFAECB.udd" 4705
"C:/Users/Brayan/AppData/Local/UnrealEngine/Common/DerivedDataCache/4/6/2/PHYSX_A08609EF508D460CBB6710540B03AACF_PHYSXPC_4A0A7EC9428B491DBA34358927B31B2__DFFD6DDAAD2EC17FB23F9868D79E517135A92E76.udd" 4706
"C:/Users/Brayan/AppData/Local/UnrealEngine/Common/DerivedDataCache/4/1/2/NAVCOLLISION_2983273BE5D6425391E8C0B3D1C0A55D_NAVCOLLISION_X_4A0A7EC9428B491DB__75467229A11D5503E1BB755BD7D18F03ECAB0AEF.udd" 4707
"C:/Users/Brayan/Desktop/banana odyssey/banana_odyssey/Content/niveles/nivel_1/nivel_1_ba?o_Default__BP_Commerce_BathroomPlanter_A_C_C_001.uasset" 4708
"C:/Users/Brayan/AppData/Local/UnrealEngine/Common/DerivedDataCache/3/3/3/STATICMESH_9CE2B6FB46754B699726C4AA1515F12E_228332BAE0224DD294E232B87D83948FQU__655B7AB1DFE1F9C70C294EF01C34EF8DAF9C21A3.udd" 4709
"C:/Users/Brayan/AppData/Local/UnrealEngine/Common/DerivedDataCache/4/8/0/PHYSX_A08609EF508D460CBB6710540B03AACF_PHYSXPC_464D03C84BCF403D789972B5FFE94DA__10D4CF98E3924B985E41F070B1A47C7160233759.udd" 4710
"C:/Users/Brayan/AppData/Local/UnrealEngine/Common/DerivedDataCache/9/7/9/NAVCOLLISION_2983273BE5D6425391E8C0B3D1C0A55D_NAVCOLLISION_X_464D03C84BCF403D7__09397B2AB4B2670EE4C30D6053CEA3ABBE1F061B.udd" 4711
"C:/Users/Brayan/Desktop/banana odyssey/banana_odyssey/Content/niveles/nivel_1/nivel_1_ba?o_Default__BP_Commerce_BathroomPlanter_A_C_C.uasset" 4712
"C:/Users/Brayan/AppData/Local/UnrealEngine/Common/DerivedDataCache/3/7/1/STATICMESH_9CE2B6FB46754B699726C4AA1515F12E_228332BAE0224DD294E232B87D83948FQU__0538C20F2ED680C126AF9517D275BAFE50FA48AD.udd" 4713
"C:/Users/Brayan/AppData/Local/UnrealEngine/Common/DerivedDataCache/2/7/3/PHYSX_A08609EF508D460CBB6710540B03AACF_PHYSXPC_C6A92E0245C811454F7C9DB5FB2DE6D__9CDCF0CD5E171DF06B33D8BB67ADD5E6CF96D080.udd" 4714
"C:/Users/Brayan/AppData/Local/UnrealEngine/Common/DerivedDataCache/2/0/6/NAVCOLLISION_2983273BE5D6425391E8C0B3D1C0A55D_NAVCOLLISION_X_C6A92E0245C811454__D4531897B2EC32CF90CC14C821F80356118F2018.udd" 4715
"C:/Users/Brayan/Desktop/banana odyssey/banana_odyssey/Content/niveles/texturas_nivel_1/objetos/T_ClayTile_BathSpout_A_A_S.uasset" 4716
"C:/Users/Brayan/AppData/Local/UnrealEngine/Common/DerivedDataCache/1/9/2/STATICMESH_9CE2B6FB46754B699726C4AA1515F12E_228332BAE0224DD294E232B87D83948FQU__F0F30D67C79DA8A42E4B4F9321F1643E7BE41873.udd" 4717
"C:/Users/Brayan/AppData/Local/UnrealEngine/Common/DerivedDataCache/8/7/4/PHYSX_A08609EF508D460CBB6710540B03AACF_PHYSXPC_CEF3739342C66CD56E0188B465997CE__34EFA42EEFADC0344977CB741ABB35C58FDE9907.udd" 4718
"C:/Users/Brayan/AppData/Local/UnrealEngine/Common/DerivedDataCache/6/3/6/NAVCOLLISION_2983273BE5D6425391E8C0B3D1C0A55D_NAVCOLLISION_X_CEF3739342C66CD56__137399F0EEC750A7373C383CD98C98312CE33F05.udd" 4719
"C:/Users/Brayan/Desktop/banana odyssey/banana_odyssey/Content/niveles/texturas_nivel_1/objetos/T_ClayTile_BathSpout_A_A_N.uasset" 4720
"C:/Users/Brayan/AppData/Local/UnrealEngine/Common/DerivedDataCache/0/5/1/STATICMESH_9CE2B6FB46754B699726C4AA1515F12E_228332BAE0224DD294E232B87D83948FQU__FA2202017DFA532999FD5A161A3B007E8E822E93.udd" 4721
"C:/Users/Brayan/AppData/Local/UnrealEngine/Common/DerivedDataCache/9/7/6/PHYSX_A08609EF508D460CBB6710540B03AACF_PHYSXPC_D50E20504E880BF5DA58F5AF42AF410__FD222A05FBFAF6A2091DB95A8A35F439464B13AA.udd" 4722
"C:/Users/Brayan/AppData/Local/UnrealEngine/Common/DerivedDataCache/8/2/5/NAVCOLLISION_2983273BE5D6425391E8C0B3D1C0A55D_NAVCOLLISION_X_D50E20504E880BF5D__6583524E7BC68BFC6F85B5EC4CEE1E25B78BB317.udd" 4723
"C:/Users/Brayan/Desktop/banana odyssey/banana_odyssey/Content/niveles/texturas_nivel_1/objetos/T_ClayTile_BathSpout_A_A_D.uasset" 4724
"C:/Users/Brayan/AppData/Local/UnrealEngine/Common/DerivedDataCache/6/7/0/STATICMESH_9CE2B6FB46754B699726C4AA1515F12E_228332BAE0224DD294E232B87D83948FQU__8FC4CE7CAACDC8732002BFCDD070D28AAD245093.udd" 4725
"C:/Users/Brayan/AppData/Local/UnrealEngine/Common/DerivedDataCache/8/7/6/PHYSX_A08609EF508D460CBB6710540B03AACF_PHYSXPC_30B45914446AB23E9ECBBDBDEC9D1DA__36493CBD7EDBAB7FED8A3497CEC8ED6F79F3746E.udd" 4726
"C:/Users/Brayan/AppData/Local/UnrealEngine/Common/DerivedDataCache/3/3/1/NAVCOLLISION_2983273BE5D6425391E8C0B3D1C0A55D_NAVCOLLISION_X_30B45914446AB23E9__39C8A33692AB411BB952851054F38715C32BBF5A.udd" 4727
"C:/Users/Brayan/Desktop/banana odyssey/banana_odyssey/Content/niveles/nivel_1/MI_ClayTile_BathSpout_A_65151f66.uasset" 4728
"C:/Users/Brayan/AppData/Local/UnrealEngine/Common/DerivedDataCache/8/7/4/STATICMESH_9CE2B6FB46754B699726C4AA1515F12E_228332BAE0224DD294E232B87D83948FQU__93CC0C097D935AF49DDD719314F5C924F0004030.udd" 4729
"C:/Users/Brayan/AppData/Local/UnrealEngine/Common/DerivedDataCache/6/5/4/PHYSX_A08609EF508D460CBB6710540B03AACF_PHYSXPC_D03AB76B4164347DAA946CB30AF6004__F26FD7312F82EF4E0E8AE2893A5CCDE083BCD8DE.udd" 4730
"C:/Users/Brayan/AppData/Local/UnrealEngine/Common/DerivedDataCache/7/1/7/NAVCOLLISION_2983273BE5D6425391E8C0B3D1C0A55D_NAVCOLLISION_X_D03AB76B4164347DA__ED89AF31C94A802983FA8EDF06DE2D87414305B1.udd" 4731
"C:/Users/Brayan/Desktop/banana odyssey/banana_odyssey/Content/niveles/nivel_1/nivel_1_ba?o_Default__BP_ClayTile_BathSpout_A_C.uasset" 4732
"C:/Users/Brayan/AppData/Local/UnrealEngine/Common/DerivedDataCache/7/7/8/STATICMESH_9CE2B6FB46754B699726C4AA1515F12E_228332BAE0224DD294E232B87D83948FQU__36E35E278CC73F0A2FB96F2721A171530EAD5EEC.udd" 4733
"C:/Users/Brayan/AppData/Local/UnrealEngine/Common/DerivedDataCache/7/1/0/PHYSX_A08609EF508D460CBB6710540B03AACF_PHYSXPC_FAB76CE04B395102DEEC78BA9B4D514__56BE6450A4669CBEC9D57623A665D1F2DF3599BE.udd" 4734
"C:/Users/Brayan/AppData/Local/UnrealEngine/Common/DerivedDataCache/4/0/5/NAVCOLLISION_2983273BE5D6425391E8C0B3D1C0A55D_NAVCOLLISION_X_FAB76CE04B395102D__B6F4C6AEE5FF3366A2BD066348F7BA28EF2385DB.udd" 4735
"C:/Users/Brayan/Desktop/banana odyssey/banana_odyssey/Content/niveles/texturas_nivel_1/pared_y_piso/T_Suburban_Checkered_Tile_S.uasset" 4736
"C:/Users/Brayan/AppData/Local/UnrealEngine/Common/DerivedDataCache/5/0/8/STATICMESH_9CE2B6FB46754B699726C4AA1515F12E_228332BAE0224DD294E232B87D83948FQU__71D056DB80F0740DABCAF00D8C3E31DD63A3A9EF.udd" 4737
"C:/Users/Brayan/AppData/Local/UnrealEngine/Common/DerivedDataCache/9/8/1/PHYSX_A08609EF508D460CBB6710540B03AACF_PHYSXPC_BF9926904C519F74F81A31B9DB9F827__9BD9FD8DD7803AD27992CB99DB2E2E27C0682AC7.udd" 4738
"C:/Users/Brayan/AppData/Local/UnrealEngine/Common/DerivedDataCache/1/4/6/NAVCOLLISION_2983273BE5D6425391E8C0B3D1C0A55D_NAVCOLLISION_X_BF9926904C519F74F__FB61EB8CF48308BA6130D5E8482932B0F9BF018D.udd" 4739
"C:/Users/Brayan/Desktop/banana odyssey/banana_odyssey/Content/niveles/texturas_nivel_1/pared_y_piso/T_Suburban_Checkered_Tile_N.uasset" 4740
"C:/Users/Brayan/AppData/Local/UnrealEngine/Common/DerivedDataCache/3/2/9/STATICMESH_9CE2B6FB46754B699726C4AA1515F12E_228332BAE0224DD294E232B87D83948FQU__EAF4BE3460F7AB70B8DBABC02F753978C7735C5A.udd" 4741
"C:/Users/Brayan/AppData/Local/UnrealEngine/Common/DerivedDataCache/5/7/7/PHYSX_A08609EF508D460CBB6710540B03AACF_PHYSXPC_A38B8DF94DD564F3A954CDB63FC5265__40700A1F04C204ECB27203B3A70D09473E49AB5A.udd" 4742
"C:/Users/Brayan/AppData/Local/UnrealEngine/Common/DerivedDataCache/4/1/9/NAVCOLLISION_2983273BE5D6425391E8C0B3D1C0A55D_NAVCOLLISION_X_A38B8DF94DD564F3A__AC800A70195C8ABAA25E720F0230EF55850B0E7F.udd" 4743
"C:/Users/Brayan/Desktop/banana odyssey/banana_odyssey/Content/niveles/texturas_nivel_1/pared_y_piso/T_Suburban_Checkered_Tile_D.uasset" 4744
"C:/Users/Brayan/AppData/Local/UnrealEngine/Common/DerivedDataCache/0/1/4/STATICMESH_9CE2B6FB46754B699726C4AA1515F12E_228332BAE0224DD294E232B87D83948FQU__90FA05506586419D22036C31DCBF42FD14F5FBA5.udd" 4745
"C:/Users/Brayan/AppData/Local/UnrealEngine/Common/DerivedDataCache/7/2/6/PHYSX_A08609EF508D460CBB6710540B03AACF_PHYSXPC_5759FDD64C28E5C4E6497691E48702E__4FF39C6BA4F690D36645EDB2B8710F240E4A0509.udd" 4746
"C:/Users/Brayan/AppData/Local/UnrealEngine/Common/DerivedDataCache/1/7/3/NAVCOLLISION_2983273BE5D6425391E8C0B3D1C0A55D_NAVCOLLISION_X_5759FDD64C28E5C4E__93E3BCA2B86DD75387A85F2BBEBB90860194567E.udd" 4747
"C:/Users/Brayan/Desktop/banana odyssey/banana_odyssey/Content/niveles/nivel_1/MI_GenericSet_Master_2Layer_1a079643.uasset" 4748
"C:/Users/Brayan/AppData/Local/UnrealEngine/Common/DerivedDataCache/3/7/5/STATICMESH_9CE2B6FB46754B699726C4AA1515F12E_228332BAE0224DD294E232B87D83948FQU__D068573B19F482881CFC9C1A04D3AC265E0F633E.udd" 4749
"C:/Users/Brayan/AppData/Local/UnrealEngine/Common/DerivedDataCache/2/9/7/PHYSX_A08609EF508D460CBB6710540B03AACF_PHYSXPC_8336D1DE4B3A57062DA6F08671497ED__D990F1FD22DF586389E66CA986269557B1D744F0.udd" 4750
"C:/Users/Brayan/AppData/Local/UnrealEngine/Common/DerivedDataCache/7/4/2/NAVCOLLISION_2983273BE5D6425391E8C0B3D1C0A55D_NAVCOLLISION_X_8336D1DE4B3A57062__3D09DCFFD187D55A33F03C4499EEF59E992BB67E.udd" 4751
"C:/Users/Brayan/Desktop/banana odyssey/banana_odyssey/Content/niveles/nivel_1/nivel_1_ba?o_Default__BP_Blockout_Floor_A_A_C_017.uasset" 4752
"C:/Users/Brayan/AppData/Local/UnrealEngine/Common/DerivedDataCache/3/7/3/STATICMESH_9CE2B6FB46754B699726C4AA1515F12E_228332BAE0224DD294E232B87D83948FQU__B7BA7ECE84D7A7C96DF35E17E2CBFEA7CDB1F0D7.udd" 4753
"C:/Users/Brayan/AppData/Local/UnrealEngine/Common/DerivedDataCache/5/6/6/PHYSX_A08609EF508D460CBB6710540B03AACF_PHYSXPC_EC51D75344FF68F04E30489B48CC8CF__807D5D2C4BCEA7089B8803C98E2C2FD985D146D4.udd" 4754
"C:/Users/Brayan/AppData/Local/UnrealEngine/Common/DerivedDataCache/4/4/2/NAVCOLLISION_2983273BE5D6425391E8C0B3D1C0A55D_NAVCOLLISION_X_EC51D75344FF68F04__F523691E27B75F9713262C7CC966B04207E9F0AB.udd" 4755
"C:/Users/Brayan/Desktop/banana odyssey/banana_odyssey/Content/niveles/nivel_1/nivel_1_ba?o_Default__BP_Blockout_Floor_A_A_C_016.uasset" 4756
"C:/Users/Brayan/AppData/Local/UnrealEngine/Common/DerivedDataCache/6/8/4/STATICMESH_9CE2B6FB46754B699726C4AA1515F12E_228332BAE0224DD294E232B87D83948FQU__21F9FAA14F907194E2F0590C456289EF22EE31E8.udd" 4757
"C:/Users/Brayan/AppData/Local/UnrealEngine/Common/DerivedDataCache/8/3/9/PHYSX_A08609EF508D460CBB6710540B03AACF_PHYSXPC_3355F24045940A0AE42EEFA89783593__67C530A8D3AA50316A136BC33DD014229F006B2D.udd" 4758
"C:/Users/Brayan/AppData/Local/UnrealEngine/Common/DerivedDataCache/6/1/0/NAVCOLLISION_2983273BE5D6425391E8C0B3D1C0A55D_NAVCOLLISION_X_3355F24045940A0AE__C14F5192E3D8C6B4CE13314F2DDA804D89E78416.udd" 4759
"C:/Users/Brayan/Desktop/banana odyssey/banana_odyssey/Content/niveles/nivel_1/nivel_1_ba?o_Default__BP_Blockout_Floor_A_A_C_015.uasset" 4760
"C:/Users/Brayan/AppData/Local/UnrealEngine/Common/DerivedDataCache/0/3/3/STATICMESH_9CE2B6FB46754B699726C4AA1515F12E_228332BAE0224DD294E232B87D83948FQU__C3F7A0633396E844A64A3F206965D50DE701A1D1.udd" 4761
"C:/Users/Brayan/AppData/Local/UnrealEngine/Common/DerivedDataCache/6/7/5/PHYSX_A08609EF508D460CBB6710540B03AACF_PHYSXPC_E9D491FF49E097F37600C990A8C3472__7DECD8FF6EE20DB79F6B5B8F77598E09F5C329C6.udd" 4762
"C:/Users/Brayan/AppData/Local/UnrealEngine/Common/DerivedDataCache/0/6/8/NAVCOLLISION_2983273BE5D6425391E8C0B3D1C0A55D_NAVCOLLISION_X_E9D491FF49E097F37__184985ABCDD932C3F58FFBD29BE67A1F77597B2D.udd" 4763
"C:/Users/Brayan/Desktop/banana odyssey/banana_odyssey/Content/niveles/nivel_1/nivel_1_ba?o_Default__BP_Blockout_Floor_A_A_C_014.uasset" 4764
"C:/Users/Brayan/AppData/Local/UnrealEngine/Common/DerivedDataCache/5/5/1/STATICMESH_9CE2B6FB46754B699726C4AA1515F12E_228332BAE0224DD294E232B87D83948FQU__9DAE04A1A51F6A81B913EDAB8A687D5563456EA5.udd" 4765
"C:/Users/Brayan/AppData/Local/UnrealEngine/Common/DerivedDataCache/6/7/2/PHYSX_A08609EF508D460CBB6710540B03AACF_PHYSXPC_96256DD943BA404F2477A69ADDC3585__8BDC7FC281A30F308DB710216172D0691D3A4412.udd" 4766
"C:/Users/Brayan/AppData/Local/UnrealEngine/Common/DerivedDataCache/8/1/1/NAVCOLLISION_2983273BE5D6425391E8C0B3D1C0A55D_NAVCOLLISION_X_96256DD943BA404F2__5584A061292534C773E7FDC330FFFD4358E0626A.udd" 4767
"C:/Users/Brayan/Desktop/banana odyssey/banana_odyssey/Content/niveles/nivel_1/nivel_1_ba?o_Default__BP_Blockout_Floor_A_A_C_013.uasset" 4768
"C:/Users/Brayan/AppData/Local/UnrealEngine/Common/DerivedDataCache/5/5/8/STATICMESH_9CE2B6FB46754B699726C4AA1515F12E_228332BAE0224DD294E232B87D83948FQU__F497CAA0208FCA13EC7D1705115EBB8D13922A7C.udd" 4769
"C:/Users/Brayan/AppData/Local/UnrealEngine/Common/DerivedDataCache/1/7/9/PHYSX_A08609EF508D460CBB6710540B03AACF_PHYSXPC_5BD82CE949511F157FE7E6A7DBF261B__525C25621F3B2EE113A39E02DB6DD3D5C0BC305B.udd" 4770
"C:/Users/Brayan/AppData/Local/UnrealEngine/Common/DerivedDataCache/3/5/6/NAVCOLLISION_2983273BE5D6425391E8C0B3D1C0A55D_NAVCOLLISION_X_5BD82CE949511F157__B31CB27D6A2C7C1BA67B2512BCDC747198E90CB5.udd" 4771
"C:/Users/Brayan/Desktop/banana odyssey/banana_odyssey/Content/niveles/nivel_1/nivel_1_ba?o_Default__BP_Blockout_Floor_A_A_C_012.uasset" 4772
"C:/Users/Brayan/AppData/Local/UnrealEngine/Common/DerivedDataCache/5/7/8/STATICMESH_9CE2B6FB46754B699726C4AA1515F12E_228332BAE0224DD294E232B87D83948FQU__54E675880F427DBE281D27B3571628C1759B0758.udd" 4773
"C:/Users/Brayan/AppData/Local/UnrealEngine/Common/DerivedDataCache/6/4/9/PHYSX_A08609EF508D460CBB6710540B03AACF_PHYSXPC_98248E5443942A61B14E26BC630A05C__8851F1EF5253B25AA4B1B736240906A6045AC9CC.udd" 4774
"C:/Users/Brayan/AppData/Local/UnrealEngine/Common/DerivedDataCache/4/3/6/NAVCOLLISION_2983273BE5D6425391E8C0B3D1C0A55D_NAVCOLLISION_X_98248E5443942A61B__B3180FA08F31A13F74E155FA3952A91F4D045A72.udd" 4775
"C:/Users/Brayan/Desktop/banana odyssey/banana_odyssey/Content/niveles/nivel_1/nivel_1_ba?o_Default__BP_Blockout_Floor_A_A_C_011.uasset" 4776
"C:/Users/Brayan/Desktop/banana odyssey/banana_odyssey/Content/niveles/nivel_1/nivel_1_ba?o_Default__BP_Blockout_Floor_A_A_C_010.uasset" 4777
"C:/Users/Brayan/Desktop/banana odyssey/banana_odyssey/Content/niveles/nivel_1/nivel_1_ba?o_Default__BP_Blockout_Floor_A_A_C_009.uasset" 4778
"C:/Users/Brayan/Desktop/banana odyssey/banana_odyssey/Content/niveles/nivel_1/nivel_1_ba?o_Default__BP_Blockout_Floor_A_A_C_008.uasset" 4779
"C:/Users/Brayan/Desktop/banana odyssey/banana_odyssey/Content/niveles/nivel_1/nivel_1_ba?o_Default__BP_Blockout_Floor_A_A_C_007.uasset" 4780
"C:/Users/Brayan/AppData/Local/UnrealEngine/Common/DerivedDataCache/1/1/2/STATICMESH_9CE2B6FB46754B699726C4AA1515F12E_228332BAE0224DD294E232B87D83948FQU__924C51FDE37CFEBDB6D4D581C3E11B8613112203.udd" 4781
"C:/Users/Brayan/AppData/Local/UnrealEngine/Common/DerivedDataCache/8/3/5/PHYSX_A08609EF508D460CBB6710540B03AACF_PHYSXPC_CE33591A45D6FBCAF69001AC49044C3__6B3FD2178C5786A8161FD453FCF65048993A2C7F.udd" 4782
"C:/Users/Brayan/AppData/Local/UnrealEngine/Common/DerivedDataCache/1/1/2/NAVCOLLISION_2983273BE5D6425391E8C0B3D1C0A55D_NAVCOLLISION_X_CE33591A45D6FBCAF__381B61D9EC3A868CDC352E846614C7004BDD606F.udd" 4783
"C:/Users/Brayan/Desktop/banana odyssey/banana_odyssey/Content/niveles/nivel_1/nivel_1_ba?o_Default__BP_Blockout_Floor_A_A_C_006.uasset" 4784
"C:/Users/Brayan/Desktop/banana odyssey/banana_odyssey/Content/niveles/nivel_1/nivel_1_ba?o_Default__BP_Blockout_Floor_A_A_C_005.uasset" 4785
"C:/Users/Brayan/Desktop/banana odyssey/banana_odyssey/Content/niveles/nivel_1/nivel_1_ba?o_Default__BP_Blockout_Floor_A_A_C_004.uasset" 4786
"C:/Users/Brayan/Desktop/banana odyssey/banana_odyssey/Content/niveles/nivel_1/nivel_1_ba?o_Default__BP_Blockout_Floor_A_A_C_003.uasset" 4787
"C:/Users/Brayan/Desktop/banana odyssey/banana_odyssey/Content/niveles/nivel_1/nivel_1_ba?o_Default__BP_Blockout_Floor_A_A_C_002.uasset" 4788
"C:/Users/Brayan/AppData/Local/UnrealEngine/Common/DerivedDataCache/1/9/1/STATICMESH_9CE2B6FB46754B699726C4AA1515F12E_228332BAE0224DD294E232B87D83948FQU__552423791739463E1C09D7CC64D3EC09D3EC7A56.udd" 4789
"C:/Users/Brayan/AppData/Local/UnrealEngine/Common/DerivedDataCache/2/8/8/PHYSX_A08609EF508D460CBB6710540B03AACF_PHYSXPC_7834D68D46003CFCBCCA0A9BC02F5DD__58C12B4271AD6044D07692891F8EB690ED7452A4.udd" 4790
"C:/Users/Brayan/AppData/Local/UnrealEngine/Common/DerivedDataCache/9/0/1/NAVCOLLISION_2983273BE5D6425391E8C0B3D1C0A55D_NAVCOLLISION_X_7834D68D46003CFCB__CF008240926D66C043A4F71FA775D1FC7AC377E8.udd" 4791
"C:/Users/Brayan/Desktop/banana odyssey/banana_odyssey/Content/niveles/nivel_1/nivel_1_ba?o_Default__BP_Blockout_Floor_A_A_C_001.uasset" 4792
"C:/Users/Brayan/AppData/Local/UnrealEngine/Common/DerivedDataCache/1/8/1/STATICMESH_9CE2B6FB46754B699726C4AA1515F12E_228332BAE0224DD294E232B87D83948FQU__196F501B80F60111C21EA131E33E9D744A2A5FE7.udd" 4793
"C:/Users/Brayan/AppData/Local/UnrealEngine/Common/DerivedDataCache/9/5/1/PHYSX_A08609EF508D460CBB6710540B03AACF_PHYSXPC_12CC93FD41D93A09A59F868BED7EFEC__FDA235E37831549D420716B2EF62909E4DEE2620.udd" 4794
"C:/Users/Brayan/AppData/Local/UnrealEngine/Common/DerivedDataCache/3/0/7/NAVCOLLISION_2983273BE5D6425391E8C0B3D1C0A55D_NAVCOLLISION_X_12CC93FD41D93A09A__2EBA51B8A3E61017887850533C8E8C11B9FEA1BF.udd" 4795
"C:/Users/Brayan/Desktop/banana odyssey/banana_odyssey/Content/niveles/nivel_1/nivel_1_ba?o_Default__BP_Blockout_Floor_A_A_C.uasset" 4796
"C:/Users/Brayan/AppData/Local/UnrealEngine/Common/DerivedDataCache/7/7/5/STATICMESH_9CE2B6FB46754B699726C4AA1515F12E_228332BAE0224DD294E232B87D83948FQU__91A234C74FAFF0ADA01954E0E8803838AB94FE21.udd" 4797
"C:/Users/Brayan/AppData/Local/UnrealEngine/Common/DerivedDataCache/1/1/8/PHYSX_A08609EF508D460CBB6710540B03AACF_PHYSXPC_EEB67E3F402A6038CECEFCBAC49404F__AA0925F0756036D600AC4FAF4548BEFA312B1CEC.udd" 4798
"C:/Users/Brayan/AppData/Local/UnrealEngine/Common/DerivedDataCache/7/8/9/NAVCOLLISION_2983273BE5D6425391E8C0B3D1C0A55D_NAVCOLLISION_X_EEB67E3F402A6038C__F050BC25F10D533C801F4B256AA59B61999DFC1B.udd" 4799
"C:/Users/Brayan/Desktop/banana odyssey/banana_odyssey/Content/niveles/texturas_nivel_1/objetos/T_Bathroom_TowelPile_A_A_S.uasset" 4800
"C:/Users/Brayan/AppData/Local/UnrealEngine/Common/DerivedDataCache/8/0/8/STATICMESH_9CE2B6FB46754B699726C4AA1515F12E_228332BAE0224DD294E232B87D83948FQU__D93E031244E47B3B18C0744D0229F7F9C14D41F7.udd" 4801
"C:/Users/Brayan/AppData/Local/UnrealEngine/Common/DerivedDataCache/3/7/0/PHYSX_A08609EF508D460CBB6710540B03AACF_PHYSXPC_D814C58D4D18E37543F59094164E27E__5DF36657ECB064F02F75769081A5559C1802988B.udd" 4802
"C:/Users/Brayan/AppData/Local/UnrealEngine/Common/DerivedDataCache/1/1/1/NAVCOLLISION_2983273BE5D6425391E8C0B3D1C0A55D_NAVCOLLISION_X_D814C58D4D18E3754__C63179EDCC79E7A6B662E37B47A96DE83A99F6AE.udd" 4803
"C:/Users/Brayan/Desktop/banana odyssey/banana_odyssey/Content/niveles/texturas_nivel_1/objetos/T_Bathroom_TowelPile_A_A_N.uasset" 4804
"C:/Users/Brayan/AppData/Local/UnrealEngine/Common/DerivedDataCache/3/6/6/STATICMESH_9CE2B6FB46754B699726C4AA1515F12E_228332BAE0224DD294E232B87D83948FQU__4FF1C9AC571A2F121D1F0F5B78E05506F0913C7D.udd" 4805
"C:/Users/Brayan/AppData/Local/UnrealEngine/Common/DerivedDataCache/1/5/5/PHYSX_A08609EF508D460CBB6710540B03AACF_PHYSXPC_CE02E0A144C339C12ED96AAE19EA20C__4C02E20E2A2DBE4BF46CEE1A52993FAB5F334E51.udd" 4806
"C:/Users/Brayan/AppData/Local/UnrealEngine/Common/DerivedDataCache/0/9/8/NAVCOLLISION_2983273BE5D6425391E8C0B3D1C0A55D_NAVCOLLISION_X_CE02E0A144C339C12__B9A9C5F51881D87FA829BE2F55CFAE1E81FF0601.udd" 4807
"C:/Users/Brayan/Desktop/banana odyssey/banana_odyssey/Content/niveles/texturas_nivel_1/objetos/T_Bathroom_TowelPile_A_A_D.uasset" 4808
"C:/Users/Brayan/AppData/Local/UnrealEngine/Common/DerivedDataCache/4/4/7/STATICMESH_9CE2B6FB46754B699726C4AA1515F12E_228332BAE0224DD294E232B87D83948FQU__1215054869E62920E2221B96938E088CCB36744A.udd" 4809
"C:/Users/Brayan/AppData/Local/UnrealEngine/Common/DerivedDataCache/8/1/3/PHYSX_A08609EF508D460CBB6710540B03AACF_PHYSXPC_20458C3A42B5A21AE3AC82ABB7F7579__3F5A42BC834359DB3B4DFB9A3B6BE8191E9975AD.udd" 4810
"C:/Users/Brayan/AppData/Local/UnrealEngine/Common/DerivedDataCache/5/2/1/NAVCOLLISION_2983273BE5D6425391E8C0B3D1C0A55D_NAVCOLLISION_X_20458C3A42B5A21AE__A62FE794C3D1B7135C48EF1469970D6ED61E6406.udd" 4811
"C:/Users/Brayan/Desktop/banana odyssey/banana_odyssey/Content/niveles/nivel_1/MI_Bathroom_TowelPile_A_27e5c4ef.uasset" 4812
"C:/Users/Brayan/AppData/Local/UnrealEngine/Common/DerivedDataCache/4/7/0/STATICMESH_9CE2B6FB46754B699726C4AA1515F12E_228332BAE0224DD294E232B87D83948FQU__D42C4C4415E26FF67D5E423D0A5FB84F37E89E5F.udd" 4813
"C:/Users/Brayan/AppData/Local/UnrealEngine/Common/DerivedDataCache/9/5/3/PHYSX_A08609EF508D460CBB6710540B03AACF_PHYSXPC_1A96DA864A160316F39FFAA34876355__838D40108CB8287B09CAFEA7D7F252AB29CC1972.udd" 4814
"C:/Users/Brayan/AppData/Local/UnrealEngine/Common/DerivedDataCache/9/2/2/NAVCOLLISION_2983273BE5D6425391E8C0B3D1C0A55D_NAVCOLLISION_X_1A96DA864A160316F__F14A697F0CB0D86F0A1364335151EE5E2A4BF3E1.udd" 4815
"C:/Users/Brayan/Desktop/banana odyssey/banana_odyssey/Content/niveles/nivel_1/nivel_1_ba?o_Default__BP_Bathroom_TowelPile_A_C_005.uasset" 4816
"C:/Users/Brayan/AppData/Local/UnrealEngine/Common/DerivedDataCache/1/8/2/STATICMESH_9CE2B6FB46754B699726C4AA1515F12E_228332BAE0224DD294E232B87D83948FQU__AA750EF676D3216434B3B734DD267591BE71356F.udd" 4817
"C:/Users/Brayan/AppData/Local/UnrealEngine/Common/DerivedDataCache/6/8/8/PHYSX_A08609EF508D460CBB6710540B03AACF_PHYSXPC_7CE9E0D34FF8432BDE397FBB81B9AB2__65BD9E5335E5A905E2A258A59B0197316A9B36AA.udd" 4818
"C:/Users/Brayan/AppData/Local/UnrealEngine/Common/DerivedDataCache/0/3/5/NAVCOLLISION_2983273BE5D6425391E8C0B3D1C0A55D_NAVCOLLISION_X_7CE9E0D34FF8432BD__58E628A2D9769C1CCFAFD34DB8468FE3CCEB91D3.udd" 4819
"C:/Users/Brayan/Desktop/banana odyssey/banana_odyssey/Content/niveles/nivel_1/nivel_1_ba?o_Default__BP_Bathroom_TowelPile_A_C_004.uasset" 4820
"C:/Users/Brayan/AppData/Local/UnrealEngine/Common/DerivedDataCache/4/9/5/STATICMESH_9CE2B6FB46754B699726C4AA1515F12E_228332BAE0224DD294E232B87D83948FQU__2C751D340AEDACF91F9B58926019E1BF03AF705B.udd" 4821
"C:/Users/Brayan/AppData/Local/UnrealEngine/Common/DerivedDataCache/2/6/0/PHYSX_A08609EF508D460CBB6710540B03AACF_PHYSXPC_4EBDFE384AF91EA943A0D0A1EBA28B4__3C4B930AA6645DB373698120ADD2599D35B8207B.udd" 4822
"C:/Users/Brayan/AppData/Local/UnrealEngine/Common/DerivedDataCache/2/1/6/NAVCOLLISION_2983273BE5D6425391E8C0B3D1C0A55D_NAVCOLLISION_X_4EBDFE384AF91EA94__9ED6832C2889A80DFCD379161A522F086B4A6A3A.udd" 4823
"C:/Users/Brayan/Desktop/banana odyssey/banana_odyssey/Content/niveles/nivel_1/nivel_1_ba?o_Default__BP_Bathroom_TowelPile_A_C_003.uasset" 4824
"C:/Users/Brayan/AppData/Local/UnrealEngine/Common/DerivedDataCache/0/5/1/STATICMESH_9CE2B6FB46754B699726C4AA1515F12E_228332BAE0224DD294E232B87D83948FQU__FB982E9AD7805E5D2CC8D23A6D51684360868E99.udd" 4825
"C:/Users/Brayan/AppData/Local/UnrealEngine/Common/DerivedDataCache/5/7/9/PHYSX_A08609EF508D460CBB6710540B03AACF_PHYSXPC_189062204812CD07F927CF95CE4538E__0AD0BC5071D8DFCE215CC938A2C6398B0E1E9AF3.udd" 4826
"C:/Users/Brayan/AppData/Local/UnrealEngine/Common/DerivedDataCache/8/4/6/NAVCOLLISION_2983273BE5D6425391E8C0B3D1C0A55D_NAVCOLLISION_X_189062204812CD07F__CCD0CE252FE9BF80F4B4DCE0F31920456FF433FB.udd" 4827
"C:/Users/Brayan/Desktop/banana odyssey/banana_odyssey/Content/niveles/nivel_1/nivel_1_ba?o_Default__BP_Bathroom_TowelPile_A_C_002.uasset" 4828
"C:/Users/Brayan/AppData/Local/UnrealEngine/Common/DerivedDataCache/9/4/6/STATICMESH_9CE2B6FB46754B699726C4AA1515F12E_228332BAE0224DD294E232B87D83948FQU__6D404FF413505A27FDDC8DE9EA66DF26D369F7C2.udd" 4829
"C:/Users/Brayan/AppData/Local/UnrealEngine/Common/DerivedDataCache/7/7/0/PHYSX_A08609EF508D460CBB6710540B03AACF_PHYSXPC_FE6586E146C6D62B5A8D6FAC37D777D__A8633CEB57A7D8F57C73587C7021B8C9C5C62ABD.udd" 4830
"C:/Users/Brayan/AppData/Local/UnrealEngine/Common/DerivedDataCache/8/1/1/NAVCOLLISION_2983273BE5D6425391E8C0B3D1C0A55D_NAVCOLLISION_X_FE6586E146C6D62B5__30CA805692AE05499EE36A2EEFE1034BB99E8E0F.udd" 4831
"C:/Users/Brayan/Desktop/banana odyssey/banana_odyssey/Content/niveles/nivel_1/nivel_1_ba?o_Default__BP_Bathroom_TowelPile_A_C_001.uasset" 4832
"C:/Users/Brayan/AppData/Local/UnrealEngine/Common/DerivedDataCache/6/7/0/STATICMESH_9CE2B6FB46754B699726C4AA1515F12E_228332BAE0224DD294E232B87D83948FQU__C8495D4A4142157D1100E3F11DD06A3BCCDEEF52.udd" 4833
"C:/Users/Brayan/AppData/Local/UnrealEngine/Common/DerivedDataCache/3/4/0/PHYSX_A08609EF508D460CBB6710540B03AACF_PHYSXPC_1824A6BD4086373FADB138A91A40A00__6A597962E8FEB53D88270A4DCEE2BA05D9A206D9.udd" 4834
"C:/Users/Brayan/AppData/Local/UnrealEngine/Common/DerivedDataCache/7/1/0/NAVCOLLISION_2983273BE5D6425391E8C0B3D1C0A55D_NAVCOLLISION_X_1824A6BD4086373FA__E19D545A91BD0FE871DD4874AA86E40117B8A040.udd" 4835
"C:/Users/Brayan/Desktop/banana odyssey/banana_odyssey/Content/niveles/nivel_1/nivel_1_ba?o_Default__BP_Bathroom_TowelPile_A_C.uasset" 4836
"C:/Users/Brayan/AppData/Local/UnrealEngine/Common/DerivedDataCache/1/0/8/STATICMESH_9CE2B6FB46754B699726C4AA1515F12E_228332BAE0224DD294E232B87D83948FQU__6B198A8B6627D17620A47F899191514F1F19F220.udd" 4837
"C:/Users/Brayan/AppData/Local/UnrealEngine/Common/DerivedDataCache/7/7/2/PHYSX_A08609EF508D460CBB6710540B03AACF_PHYSXPC_375F6D9F4C6D7913F1DB778C712F8F2__CEA744F4B40D5C95F40CC65B3225918C692C7BAB.udd" 4838
"C:/Users/Brayan/AppData/Local/UnrealEngine/Common/DerivedDataCache/8/6/4/NAVCOLLISION_2983273BE5D6425391E8C0B3D1C0A55D_NAVCOLLISION_X_375F6D9F4C6D7913F__D2201C1463E122F216A342E930B32D69EA2021A3.udd" 4839
"C:/Users/Brayan/Desktop/banana odyssey/banana_odyssey/Content/niveles/texturas_nivel_1/skibidys/T_Bathroom_FullShower_A_A_S.uasset" 4840
"C:/Users/Brayan/AppData/Local/UnrealEngine/Common/DerivedDataCache/5/3/3/STATICMESH_9CE2B6FB46754B699726C4AA1515F12E_228332BAE0224DD294E232B87D83948FQU__FEFF87A944496CBD8FA0E1E9B438BC5D2CE89BA1.udd" 4841
"C:/Users/Brayan/AppData/Local/UnrealEngine/Common/DerivedDataCache/5/9/0/PHYSX_A08609EF508D460CBB6710540B03AACF_PHYSXPC_40C9C32C41916FE918A8E2BC931C048__E323495B1F06FBFB8CADD4AA8A430E68FAFA56ED.udd" 4842
"C:/Users/Brayan/AppData/Local/UnrealEngine/Common/DerivedDataCache/4/9/0/NAVCOLLISION_2983273BE5D6425391E8C0B3D1C0A55D_NAVCOLLISION_X_40C9C32C41916FE91__521AFD22E6F4362F1E8469FA9D774AA34C8D9B71.udd" 4843
"C:/Users/Brayan/Desktop/banana odyssey/banana_odyssey/Content/niveles/texturas_nivel_1/skibidys/T_Bathroom_FullShower_A_A_N.uasset" 4844
"C:/Users/Brayan/AppData/Local/UnrealEngine/Common/DerivedDataCache/5/0/8/STATICMESH_9CE2B6FB46754B699726C4AA1515F12E_228332BAE0224DD294E232B87D83948FQU__AB8971918D65517DF80630478A30BA9C1235319B.udd" 4845
"C:/Users/Brayan/AppData/Local/UnrealEngine/Common/DerivedDataCache/8/3/5/PHYSX_A08609EF508D460CBB6710540B03AACF_PHYSXPC_6259B4A74496212AB7A46B9CFEACA3B__FF067B879A5602EDED1C85FA8CF78BD797835D20.udd" 4846
"C:/Users/Brayan/AppData/Local/UnrealEngine/Common/DerivedDataCache/2/2/9/NAVCOLLISION_2983273BE5D6425391E8C0B3D1C0A55D_NAVCOLLISION_X_6259B4A74496212AB__41C59239780B5D5F6CFAF7544A82233363FCAE00.udd" 4847
"C:/Users/Brayan/Desktop/banana odyssey/banana_odyssey/Content/niveles/texturas_nivel_1/skibidys/T_Bathroom_FullShower_A_A_D.uasset" 4848
"C:/Users/Brayan/AppData/Local/UnrealEngine/Common/DerivedDataCache/3/7/0/STATICMESH_9CE2B6FB46754B699726C4AA1515F12E_228332BAE0224DD294E232B87D83948FQU__6039262CD700B3E6AF41F1B1FB9382D2F4574AAB.udd" 4849
"C:/Users/Brayan/AppData/Local/UnrealEngine/Common/DerivedDataCache/5/7/5/PHYSX_A08609EF508D460CBB6710540B03AACF_PHYSXPC_DF19D9364954546EC42E128F34E66E9__72770A2A6CE4966F924417B303C489A7CB078258.udd" 4850
"C:/Users/Brayan/AppData/Local/UnrealEngine/Common/DerivedDataCache/5/2/1/NAVCOLLISION_2983273BE5D6425391E8C0B3D1C0A55D_NAVCOLLISION_X_DF19D9364954546EC__6CAB9661A4B17728931964A5294A5E55FB71497C.udd" 4851
"C:/Users/Brayan/Desktop/banana odyssey/banana_odyssey/Content/niveles/nivel_1/MI_Bathroom_FullShower_A_51d02baa.uasset" 4852
"C:/Users/Brayan/AppData/Local/UnrealEngine/Common/DerivedDataCache/6/7/8/STATICMESH_9CE2B6FB46754B699726C4AA1515F12E_228332BAE0224DD294E232B87D83948FQU__750935CE497DD1FA98D7FA67CDAEB3462EF11323.udd" 4853
"C:/Users/Brayan/AppData/Local/UnrealEngine/Common/DerivedDataCache/9/2/7/PHYSX_A08609EF508D460CBB6710540B03AACF_PHYSXPC_84DD2BE54CD237D78890469C2A28CB3__145E1B49748D172CB2C128873A31682B22EAB027.udd" 4854
"C:/Users/Brayan/AppData/Local/UnrealEngine/Common/DerivedDataCache/1/7/2/NAVCOLLISION_2983273BE5D6425391E8C0B3D1C0A55D_NAVCOLLISION_X_84DD2BE54CD237D78__DFA38BBA7A8E0A79AD477E279BD42879A585F9DB.udd" 4855
"C:/Users/Brayan/Desktop/banana odyssey/banana_odyssey/Content/niveles/nivel_1/nivel_1_ba?o_Default__BP_Bathroom_FullShower_A_C_004.uasset" 4856
"C:/Users/Brayan/AppData/Local/UnrealEngine/Common/DerivedDataCache/9/4/1/STATICMESH_9CE2B6FB46754B699726C4AA1515F12E_228332BAE0224DD294E232B87D83948FQU__AA9FCDE35DC497FDA85520AF2EE47389A0ABE9A9.udd" 4857
"C:/Users/Brayan/AppData/Local/UnrealEngine/Common/DerivedDataCache/8/6/5/PHYSX_A08609EF508D460CBB6710540B03AACF_PHYSXPC_B73937AB4777595327E2B2804F9473A__02903625E65CFABAFC9EB0189915D0ECF03291D4.udd" 4858
"C:/Users/Brayan/AppData/Local/UnrealEngine/Common/DerivedDataCache/4/8/4/NAVCOLLISION_2983273BE5D6425391E8C0B3D1C0A55D_NAVCOLLISION_X_B73937AB477759532__B6137076752AD202AFE3A315E78094998D9CEAB3.udd" 4859
"C:/Users/Brayan/Desktop/banana odyssey/banana_odyssey/Content/niveles/nivel_1/nivel_1_ba?o_Default__BP_Bathroom_FullShower_A_C_003.uasset" 4860
"C:/Users/Brayan/Desktop/banana odyssey/banana_odyssey/Content/niveles/nivel_1/nivel_1_ba?o_Default__BP_Bathroom_FullShower_A_C_002.uasset" 4861
"C:/Users/Brayan/Desktop/banana odyssey/banana_odyssey/Content/niveles/nivel_1/nivel_1_ba?o_Default__BP_Bathroom_FullShower_A_C_001.uasset" 4862
"C:/Users/Brayan/Desktop/banana odyssey/banana_odyssey/Content/niveles/nivel_1/nivel_1_ba?o_Default__BP_Bathroom_FullShower_A_C.uasset" 4863
"C:/Users/Brayan/Desktop/banana odyssey/banana_odyssey/Content/niveles/texturas_nivel_1/skibidys/Bathroom_Urinal_01_S.uasset" 4864
"C:/Users/Brayan/AppData/Local/UnrealEngine/Common/DerivedDataCache/3/2/0/STATICMESH_9CE2B6FB46754B699726C4AA1515F12E_228332BAE0224DD294E232B87D83948FQU__3CD098F952881AE2D1C2BF8C0BEA0B7E64B29C5B.udd" 4865
"C:/Users/Brayan/AppData/Local/UnrealEngine/Common/DerivedDataCache/3/4/6/PHYSX_A08609EF508D460CBB6710540B03AACF_PHYSXPC_F57343124F423E4B6C8351B3350A42B__3EC1DF9EF02C71AE9C491D8EE05B37A102910C84.udd" 4866
"C:/Users/Brayan/AppData/Local/UnrealEngine/Common/DerivedDataCache/2/9/5/NAVCOLLISION_2983273BE5D6425391E8C0B3D1C0A55D_NAVCOLLISION_X_F57343124F423E4B6__2BE2B899037132E9A8A20142812A460054503D67.udd" 4867
"C:/Users/Brayan/Desktop/banana odyssey/banana_odyssey/Content/niveles/texturas_nivel_1/skibidys/Bathroom_Urinal_01_N.uasset" 4868
"C:/Users/Brayan/AppData/Local/UnrealEngine/Common/DerivedDataCache/4/8/5/STATICMESH_9CE2B6FB46754B699726C4AA1515F12E_228332BAE0224DD294E232B87D83948FQU__94D9347924605F13487D299BA6E9197F4A0BFCBC.udd" 4869
"C:/Users/Brayan/AppData/Local/UnrealEngine/Common/DerivedDataCache/6/5/7/PHYSX_A08609EF508D460CBB6710540B03AACF_PHYSXPC_7287B5FF40CC490EC2A840BB06B05C3__F574D321DEE50B3D814AAC36D868D740BDCF54EB.udd" 4870
"C:/Users/Brayan/AppData/Local/UnrealEngine/Common/DerivedDataCache/9/0/3/NAVCOLLISION_2983273BE5D6425391E8C0B3D1C0A55D_NAVCOLLISION_X_7287B5FF40CC490EC__9A3C48E86F5CDCBA0B190D47CC95380F726601BA.udd" 4871
"C:/Users/Brayan/Desktop/banana odyssey/banana_odyssey/Content/niveles/texturas_nivel_1/skibidys/Bathroom_Urinal_01_D.uasset" 4872
"C:/Users/Brayan/AppData/Local/UnrealEngine/Common/DerivedDataCache/1/3/7/STATICMESH_9CE2B6FB46754B699726C4AA1515F12E_228332BAE0224DD294E232B87D83948FQU__048EDF393FC79A0BB575C698BEF2BB32C4B5ADAF.udd" 4873
"C:/Users/Brayan/AppData/Local/UnrealEngine/Common/DerivedDataCache/3/3/4/PHYSX_A08609EF508D460CBB6710540B03AACF_PHYSXPC_256AFAF741D355CF73AE6C84879E7CB__FB363C9EEC9EFF29C8CDD32747D40A8C60C5E602.udd" 4874
"C:/Users/Brayan/AppData/Local/UnrealEngine/Common/DerivedDataCache/2/8/8/NAVCOLLISION_2983273BE5D6425391E8C0B3D1C0A55D_NAVCOLLISION_X_256AFAF741D355CF7__423F84566CF7D59A5DAE3983B2F6EEA300CA8AC9.udd" 4875
"C:/Users/Brayan/Desktop/banana odyssey/banana_odyssey/Content/niveles/nivel_1/MI_Urinal01_b4b0c26.uasset" 4876
"C:/Users/Brayan/AppData/Local/UnrealEngine/Common/DerivedDataCache/2/0/2/STATICMESH_9CE2B6FB46754B699726C4AA1515F12E_228332BAE0224DD294E232B87D83948FQU__E05609777A92965F591D5BB0EC9FF31CDADBE940.udd" 4877
"C:/Users/Brayan/AppData/Local/UnrealEngine/Common/DerivedDataCache/2/7/8/PHYSX_A08609EF508D460CBB6710540B03AACF_PHYSXPC_8EFA733E4BC0E061A344E3B4ABE49D0__02394E9D5DD605F9F5FD64943A8E21AF9379DC22.udd" 4878
"C:/Users/Brayan/AppData/Local/UnrealEngine/Common/DerivedDataCache/6/6/0/NAVCOLLISION_2983273BE5D6425391E8C0B3D1C0A55D_NAVCOLLISION_X_8EFA733E4BC0E061A__A6E94C1FF0F0B5449514816105EE81035873D951.udd" 4879
"C:/Users/Brayan/Desktop/banana odyssey/banana_odyssey/Content/niveles/nivel_1/nivel_1_ba?o_Default__Bathroom_Urinal01_C_008.uasset" 4880
"C:/Users/Brayan/AppData/Local/UnrealEngine/Common/DerivedDataCache/1/3/0/STATICMESH_9CE2B6FB46754B699726C4AA1515F12E_228332BAE0224DD294E232B87D83948FQU__E81E26F4FA83B206FBDEA09565C8CEDE2B204905.udd" 4881
"C:/Users/Brayan/AppData/Local/UnrealEngine/Common/DerivedDataCache/2/6/1/PHYSX_A08609EF508D460CBB6710540B03AACF_PHYSXPC_A78DF83A4DEEA755AFA5CD9B8480671__8FD6131CF3B7D980DE7D2D7D20E77F498FAA5A07.udd" 4882
"C:/Users/Brayan/AppData/Local/UnrealEngine/Common/DerivedDataCache/6/9/0/NAVCOLLISION_2983273BE5D6425391E8C0B3D1C0A55D_NAVCOLLISION_X_A78DF83A4DEEA755A__6AA6308206B75C6948865172419D695FCDBB6CB0.udd" 4883
"C:/Users/Brayan/Desktop/banana odyssey/banana_odyssey/Content/niveles/nivel_1/nivel_1_ba?o_Default__Bathroom_Urinal01_C_007.uasset" 4884
"C:/Users/Brayan/AppData/Local/UnrealEngine/Common/DerivedDataCache/9/9/4/STATICMESH_9CE2B6FB46754B699726C4AA1515F12E_228332BAE0224DD294E232B87D83948FQU__1D4D6ED7E7CB07B09FC3488860336FF25B8AA189.udd" 4885
"C:/Users/Brayan/AppData/Local/UnrealEngine/Common/DerivedDataCache/9/5/6/PHYSX_A08609EF508D460CBB6710540B03AACF_PHYSXPC_9939CDE94A8D2102218A828A3D8C787__20964ACDB134C3D11956F41A29CAB52A2120261A.udd" 4886
"C:/Users/Brayan/AppData/Local/UnrealEngine/Common/DerivedDataCache/4/2/4/NAVCOLLISION_2983273BE5D6425391E8C0B3D1C0A55D_NAVCOLLISION_X_9939CDE94A8D21022__985A853FC75C9BEAC484DC65D4043B4BF6A2D240.udd" 4887
"C:/Users/Brayan/Desktop/banana odyssey/banana_odyssey/Content/niveles/nivel_1/nivel_1_ba?o_Default__Bathroom_Urinal01_C_006.uasset" 4888
"C:/Users/Brayan/Desktop/banana odyssey/banana_odyssey/Content/niveles/nivel_1/nivel_1_ba?o_Default__Bathroom_Urinal01_C_005.uasset" 4889
"C:/Users/Brayan/Desktop/banana odyssey/banana_odyssey/Content/niveles/nivel_1/nivel_1_ba?o_Default__Bathroom_Urinal01_C_004.uasset" 4890
"C:/Users/Brayan/Desktop/banana odyssey/banana_odyssey/Content/niveles/nivel_1/nivel_1_ba?o_Default__Bathroom_Urinal01_C_003.uasset" 4891
"C:/Users/Brayan/Desktop/banana odyssey/banana_odyssey/Content/niveles/nivel_1/nivel_1_ba?o_Default__Bathroom_Urinal01_C_002.uasset" 4892
"C:/Users/Brayan/AppData/Local/UnrealEngine/Common/DerivedDataCache/7/7/8/STATICMESH_9CE2B6FB46754B699726C4AA1515F12E_228332BAE0224DD294E232B87D83948FQU__77FE843680FA7B29C287CA0921E500F6A03088C9.udd" 4893
"C:/Users/Brayan/AppData/Local/UnrealEngine/Common/DerivedDataCache/6/3/0/PHYSX_A08609EF508D460CBB6710540B03AACF_PHYSXPC_15730CCE4FEECCC429786381D573024__5101A1C327719E3C6E5174CAE7DFE887DA8B0235.udd" 4894
"C:/Users/Brayan/AppData/Local/UnrealEngine/Common/DerivedDataCache/2/0/0/NAVCOLLISION_2983273BE5D6425391E8C0B3D1C0A55D_NAVCOLLISION_X_15730CCE4FEECCC42__2B87B4E3903CA7A426A0328E5D1FC49F5D6EC984.udd" 4895
"C:/Users/Brayan/Desktop/banana odyssey/banana_odyssey/Content/niveles/nivel_1/nivel_1_ba?o_Default__Bathroom_Urinal01_C_001.uasset" 4896
"C:/Users/Brayan/AppData/Local/UnrealEngine/Common/DerivedDataCache/6/7/8/STATICMESH_9CE2B6FB46754B699726C4AA1515F12E_228332BAE0224DD294E232B87D83948FQU__6EA7363DAC7F40385DBD17C6A0273090F79AE25A.udd" 4897
"C:/Users/Brayan/AppData/Local/UnrealEngine/Common/DerivedDataCache/1/3/3/PHYSX_A08609EF508D460CBB6710540B03AACF_PHYSXPC_AA89A8E540055A5113C072898561806__0027F85F6D2EADF35323DAFA40561E91A7B1A0F7.udd" 4898
"C:/Users/Brayan/AppData/Local/UnrealEngine/Common/DerivedDataCache/4/3/5/NAVCOLLISION_2983273BE5D6425391E8C0B3D1C0A55D_NAVCOLLISION_X_AA89A8E540055A511__9226959C9CD5A58F305E79C4918D2D50355A55EA.udd" 4899
"C:/Users/Brayan/Desktop/banana odyssey/banana_odyssey/Content/niveles/nivel_1/nivel_1_ba?o_Default__Bathroom_Urinal01_C.uasset" 4900
"C:/Users/Brayan/AppData/Local/UnrealEngine/Common/DerivedDataCache/8/5/1/STATICMESH_9CE2B6FB46754B699726C4AA1515F12E_228332BAE0224DD294E232B87D83948FQU__D8A7CBE8B9034F98BBABEAF900A6471F4899BA20.udd" 4901
"C:/Users/Brayan/AppData/Local/UnrealEngine/Common/DerivedDataCache/4/2/1/PHYSX_A08609EF508D460CBB6710540B03AACF_PHYSXPC_BEB1C0ED4CD7F54019B5CEB3F916AA5__BB577CD0DC5F8061B4B67BEE1B107661375E5EAB.udd" 4902
"C:/Users/Brayan/AppData/Local/UnrealEngine/Common/DerivedDataCache/2/8/2/NAVCOLLISION_2983273BE5D6425391E8C0B3D1C0A55D_NAVCOLLISION_X_BEB1C0ED4CD7F5401__A48049DDE508AED1ACB78DF2C53CE67B886A97DA.udd" 4903
"C:/Users/Brayan/Desktop/banana odyssey/banana_odyssey/Content/niveles/texturas_nivel_1/objetos/T_Welcome_Custodial_Broom.uasset" 4904
"C:/Users/Brayan/AppData/Local/UnrealEngine/Common/DerivedDataCache/9/3/9/STATICMESH_9CE2B6FB46754B699726C4AA1515F12E_228332BAE0224DD294E232B87D83948FQU__0ABFE79618C1F82F98193119488576AE9568197F.udd" 4905
"C:/Users/Brayan/AppData/Local/UnrealEngine/Common/DerivedDataCache/2/1/1/PHYSX_A08609EF508D460CBB6710540B03AACF_PHYSXPC_4595D1D5403B6A78A9AB2CB61455A26__39219BA515BC41ECEB2A127684D08EB5D1E3BCF9.udd" 4906
"C:/Users/Brayan/AppData/Local/UnrealEngine/Common/DerivedDataCache/9/7/4/NAVCOLLISION_2983273BE5D6425391E8C0B3D1C0A55D_NAVCOLLISION_X_4595D1D5403B6A78A__ABDAE2CBCE491DC9997D92C538EF5C201F9761B7.udd" 4907
"C:/Users/Brayan/Desktop/banana odyssey/banana_odyssey/Content/niveles/texturas_nivel_1/objetos/T_Emote_Prop_Custodial_Pushbroom_S.uasset" 4908
"C:/Users/Brayan/AppData/Local/UnrealEngine/Common/DerivedDataCache/1/7/4/STATICMESH_9CE2B6FB46754B699726C4AA1515F12E_228332BAE0224DD294E232B87D83948FQU__6134D150458BC84FD98D517B38CCD1C04EC0B09A.udd" 4909
"C:/Users/Brayan/AppData/Local/UnrealEngine/Common/DerivedDataCache/3/9/0/PHYSX_A08609EF508D460CBB6710540B03AACF_PHYSXPC_3EDF4B82444A8C9EB3D748A2114C5DA__F37CF4C0F46CF80CD5597194687ED8C530167E07.udd" 4910
"C:/Users/Brayan/AppData/Local/UnrealEngine/Common/DerivedDataCache/8/3/9/NAVCOLLISION_2983273BE5D6425391E8C0B3D1C0A55D_NAVCOLLISION_X_3EDF4B82444A8C9EB__8934C872324717EDF570BBAC319368B8B0C8BA31.udd" 4911
"C:/Users/Brayan/Desktop/banana odyssey/banana_odyssey/Content/niveles/texturas_nivel_1/objetos/T_Emote_Prop_Custodial_Pushbroom_N.uasset" 4912
"C:/Users/Brayan/Desktop/banana odyssey/banana_odyssey/Content/niveles/nivel_1/MI_Welcome_Custodian_Broom_308c7599.uasset" 4913
"C:/Users/Brayan/Desktop/banana odyssey/banana_odyssey/Content/niveles/nivel_1/nivel_1_ba?o_Default__Apollo_Welcome_Custodian_Broom_C.uasset" 4914
"C:/Users/Brayan/Desktop/banana odyssey/banana_odyssey/Content/niveles/texturas_nivel_1/objetos/T_Shared_CleaningCart_01_S.uasset" 4915
"C:/Users/Brayan/Desktop/banana odyssey/banana_odyssey/Content/niveles/texturas_nivel_1/objetos/T_Shared_CleaningCart_01_N.uasset" 4916
"C:/Users/Brayan/AppData/Local/UnrealEngine/Common/DerivedDataCache/3/9/9/STATICMESH_9CE2B6FB46754B699726C4AA1515F12E_228332BAE0224DD294E232B87D83948FQU__226F49708CAE428665033D414EB25A85E2F10F6D.udd" 4917
"C:/Users/Brayan/AppData/Local/UnrealEngine/Common/DerivedDataCache/5/4/8/PHYSX_A08609EF508D460CBB6710540B03AACF_PHYSXPC_FE4A8D3D48CD05F71278E29196D5E2C__442F1E4206601A6925E68AACBF77F1B74CAE8453.udd" 4918
"C:/Users/Brayan/AppData/Local/UnrealEngine/Common/DerivedDataCache/1/4/4/NAVCOLLISION_2983273BE5D6425391E8C0B3D1C0A55D_NAVCOLLISION_X_FE4A8D3D48CD05F71__F3B1980883148EA6923001482B5FACA65CBD1F01.udd" 4919
"C:/Users/Brayan/Desktop/banana odyssey/banana_odyssey/Content/niveles/texturas_nivel_1/objetos/T_Shared_CleaningCart_01_D.uasset" 4920
"C:/Users/Brayan/AppData/Local/UnrealEngine/Common/DerivedDataCache/6/5/8/STATICMESH_9CE2B6FB46754B699726C4AA1515F12E_228332BAE0224DD294E232B87D83948FQU__764241071D72C45536045101C3B6C968646C2B18.udd" 4921
"C:/Users/Brayan/AppData/Local/UnrealEngine/Common/DerivedDataCache/4/6/5/PHYSX_A08609EF508D460CBB6710540B03AACF_PHYSXPC_DDEC664246DBE2F7876483A1D99914E__F1E9F654AF5A3EA01DEE2538C40A53834D804156.udd" 4922
"C:/Users/Brayan/AppData/Local/UnrealEngine/Common/DerivedDataCache/7/7/4/NAVCOLLISION_2983273BE5D6425391E8C0B3D1C0A55D_NAVCOLLISION_X_DDEC664246DBE2F78__56FA0530761F64E6AE3D7E527F620CA9739CDB54.udd" 4923
"C:/Users/Brayan/Desktop/banana odyssey/banana_odyssey/Content/niveles/nivel_1/MI_Shared_CleaningCart_01_505cc6b.uasset" 4924
"C:/Users/Brayan/AppData/Local/UnrealEngine/Common/DerivedDataCache/7/3/3/STATICMESH_9CE2B6FB46754B699726C4AA1515F12E_228332BAE0224DD294E232B87D83948FQU__F2D97DA3202B33773F9013C3CB1B3A43479A5FDD.udd" 4925
"C:/Users/Brayan/AppData/Local/UnrealEngine/Common/DerivedDataCache/2/7/6/PHYSX_A08609EF508D460CBB6710540B03AACF_PHYSXPC_046B71E5446DEFDA8C1F3AA26D9F414__11C50D9DC3D066B34F13250209AC186C164F7ECD.udd" 4926
"C:/Users/Brayan/AppData/Local/UnrealEngine/Common/DerivedDataCache/4/4/2/NAVCOLLISION_2983273BE5D6425391E8C0B3D1C0A55D_NAVCOLLISION_X_046B71E5446DEFDA8__0CB0CB591824B25328E56CC2381D8A60DB234C21.udd" 4927
"C:/Users/Brayan/Desktop/banana odyssey/banana_odyssey/Content/niveles/nivel_1/nivel_1_ba?o_Default__Apollo_Shared_CleaningCart_01_C.uasset" 4928
"C:/Users/Brayan/AppData/Local/UnrealEngine/Common/DerivedDataCache/7/6/6/STATICMESH_9CE2B6FB46754B699726C4AA1515F12E_228332BAE0224DD294E232B87D83948FQU__EE20E245D7A6EA9F817FFDEE5146ECE30EC909DD.udd" 4929
"C:/Users/Brayan/AppData/Local/UnrealEngine/Common/DerivedDataCache/5/4/2/PHYSX_A08609EF508D460CBB6710540B03AACF_PHYSXPC_759BCEEE4C5B82412E044E9991AADAC__0B27AC8244B6722DE4E4B19E76BC673722411693.udd" 4930
"C:/Users/Brayan/AppData/Local/UnrealEngine/Common/DerivedDataCache/1/1/2/NAVCOLLISION_2983273BE5D6425391E8C0B3D1C0A55D_NAVCOLLISION_X_759BCEEE4C5B82412__F84CED0DA241A7759C65A829346021EE62ECD0F8.udd" 4931
"C:/Users/Brayan/Desktop/banana odyssey/banana_odyssey/Content/niveles/texturas_nivel_1/objetos/T_Shared_Bathroom_HandDryer_01_S.uasset" 4932
"C:/Users/Brayan/AppData/Local/UnrealEngine/Common/DerivedDataCache/2/3/9/STATICMESH_9CE2B6FB46754B699726C4AA1515F12E_228332BAE0224DD294E232B87D83948FQU__2BA586C1A3415D684FCF90D7E4C6C191B660951E.udd" 4933
"C:/Users/Brayan/AppData/Local/UnrealEngine/Common/DerivedDataCache/9/3/8/PHYSX_A08609EF508D460CBB6710540B03AACF_PHYSXPC_8428531F42317FFDF55DDDAAF592BFA__0C6E99ED7637BB12A40CC2072CF1B3A05E38D7F8.udd" 4934
"C:/Users/Brayan/AppData/Local/UnrealEngine/Common/DerivedDataCache/6/1/9/NAVCOLLISION_2983273BE5D6425391E8C0B3D1C0A55D_NAVCOLLISION_X_8428531F42317FFDF__32111604EA2AF4D62342778059327EF3338F1A4A.udd" 4935
"C:/Users/Brayan/Desktop/banana odyssey/banana_odyssey/Content/niveles/texturas_nivel_1/objetos/T_Shared_Bathroom_HandDryer_01_N.uasset" 4936
"C:/Users/Brayan/AppData/Local/UnrealEngine/Common/DerivedDataCache/8/2/9/STATICMESH_9CE2B6FB46754B699726C4AA1515F12E_228332BAE0224DD294E232B87D83948FQU__9857D99FFC0DAE4DFAFDBB4F6E1B18AF33681827.udd" 4937
"C:/Users/Brayan/AppData/Local/UnrealEngine/Common/DerivedDataCache/2/4/0/PHYSX_A08609EF508D460CBB6710540B03AACF_PHYSXPC_11DB1A904CA9DFB8D5C40D9BE38DFDC__0A26997B9982A99C7CFB2C9263319FFF70666478.udd" 4938
"C:/Users/Brayan/AppData/Local/UnrealEngine/Common/DerivedDataCache/3/1/2/NAVCOLLISION_2983273BE5D6425391E8C0B3D1C0A55D_NAVCOLLISION_X_11DB1A904CA9DFB8D__B446A8397632945441280B9C11EE96D2225F7ACB.udd" 4939
"C:/Users/Brayan/Desktop/banana odyssey/banana_odyssey/Content/niveles/texturas_nivel_1/objetos/T_Shared_Bathroom_HandDryer_01_D.uasset" 4940
"C:/Users/Brayan/AppData/Local/UnrealEngine/Common/DerivedDataCache/8/2/0/STATICMESH_9CE2B6FB46754B699726C4AA1515F12E_228332BAE0224DD294E232B87D83948FQU__B858AE83D34D9D57751D57A801E0EFBD1AE11809.udd" 4941
"C:/Users/Brayan/AppData/Local/UnrealEngine/Common/DerivedDataCache/7/2/5/PHYSX_A08609EF508D460CBB6710540B03AACF_PHYSXPC_024CE69348FBD66BFD5DE1A80B59EAD__51BC9E7F864E37C19A5B70CBD499EE531B2217C9.udd" 4942
"C:/Users/Brayan/AppData/Local/UnrealEngine/Common/DerivedDataCache/4/2/0/NAVCOLLISION_2983273BE5D6425391E8C0B3D1C0A55D_NAVCOLLISION_X_024CE69348FBD66BF__C72E8AE860D47BC9805F8B5494A735A086A5B0E9.udd" 4943
"C:/Users/Brayan/Desktop/banana odyssey/banana_odyssey/Content/niveles/nivel_1/MI_Shared_Bathroom_HandDryer_01_3f10e4e8.uasset" 4944
"C:/Users/Brayan/AppData/Local/UnrealEngine/Common/DerivedDataCache/7/0/4/STATICMESH_9CE2B6FB46754B699726C4AA1515F12E_228332BAE0224DD294E232B87D83948FQU__DE9BB97EAD8F231B5542DB93C48364A5A77B9ADE.udd" 4945
"C:/Users/Brayan/AppData/Local/UnrealEngine/Common/DerivedDataCache/5/5/3/PHYSX_A08609EF508D460CBB6710540B03AACF_PHYSXPC_25D832CB4FF766687AAB8580599508C__0D32DA729066685968A762C90C7BED7BF33FB1E4.udd" 4946
"C:/Users/Brayan/AppData/Local/UnrealEngine/Common/DerivedDataCache/1/1/6/NAVCOLLISION_2983273BE5D6425391E8C0B3D1C0A55D_NAVCOLLISION_X_25D832CB4FF766687__7718452BD439D73194F913E701C37D8677097EF0.udd" 4947
"C:/Users/Brayan/Desktop/banana odyssey/banana_odyssey/Content/niveles/nivel_1/nivel_1_ba?o_Default__Apollo_Shared_Bathroom_HandDryer_01_C_002.uasset" 4948
"C:/Users/Brayan/AppData/Local/UnrealEngine/Common/DerivedDataCache/6/5/1/STATICMESH_9CE2B6FB46754B699726C4AA1515F12E_228332BAE0224DD294E232B87D83948FQU__BA1459E7305AB633BE89181FF0A344529912A67C.udd" 4949
"C:/Users/Brayan/AppData/Local/UnrealEngine/Common/DerivedDataCache/9/1/9/PHYSX_A08609EF508D460CBB6710540B03AACF_PHYSXPC_72FE6D6F45F19B1BD58F0AA54C75C0A__24F84BF8E7BCE5F8553DF29BA07B6B828119C04B.udd" 4950
"C:/Users/Brayan/AppData/Local/UnrealEngine/Common/DerivedDataCache/3/1/8/NAVCOLLISION_2983273BE5D6425391E8C0B3D1C0A55D_NAVCOLLISION_X_72FE6D6F45F19B1BD__39E81E6BB361369E1306A27E753DB5B70A4BB029.udd" 4951
"C:/Users/Brayan/Desktop/banana odyssey/banana_odyssey/Content/niveles/nivel_1/nivel_1_ba?o_Default__Apollo_Shared_Bathroom_HandDryer_01_C_001.uasset" 4952
"C:/Users/Brayan/Desktop/banana odyssey/banana_odyssey/Content/niveles/nivel_1/nivel_1_ba?o_Default__Apollo_Shared_Bathroom_HandDryer_01_C.uasset" 4953
"C:/Users/Brayan/Desktop/banana odyssey/banana_odyssey/Content/niveles/texturas_nivel_1/objetos/T_Commerce_SandwichBoard_01_S.uasset" 4954
"C:/Users/Brayan/Desktop/banana odyssey/banana_odyssey/Content/niveles/texturas_nivel_1/objetos/T_Commerce_SandwichBoard_01_N.uasset" 4955
"C:/Users/Brayan/Desktop/banana odyssey/banana_odyssey/Content/niveles/texturas_nivel_1/objetos/T_Commerce_SandwichBoard_01_D.uasset" 4956
"C:/Users/Brayan/AppData/Local/UnrealEngine/Common/DerivedDataCache/1/4/4/STATICMESH_9CE2B6FB46754B699726C4AA1515F12E_228332BAE0224DD294E232B87D83948FQU__CEA72D87724B80B5884530B532F6D1871981AF64.udd" 4957
"C:/Users/Brayan/AppData/Local/UnrealEngine/Common/DerivedDataCache/4/7/6/PHYSX_A08609EF508D460CBB6710540B03AACF_PHYSXPC_F47DE7DD4B827975F3361992518F788__CF167325957E514BC49EC39AF6F2174FE1C7DBAF.udd" 4958
"C:/Users/Brayan/AppData/Local/UnrealEngine/Common/DerivedDataCache/0/2/9/NAVCOLLISION_2983273BE5D6425391E8C0B3D1C0A55D_NAVCOLLISION_X_F47DE7DD4B827975F__3B9FA0B42AD46ABF8A713798F94E101E2D507D96.udd" 4959
"C:/Users/Brayan/Desktop/banana odyssey/banana_odyssey/Content/niveles/nivel_1/MI_Commerce_SandwichBoard_01_4f18ca69.uasset" 4960
"C:/Users/Brayan/Desktop/banana odyssey/banana_odyssey/Content/niveles/nivel_1/nivel_1_ba?o_Default__Apollo_Commerce_SandwichBoard_01_C.uasset" 4961
"C:/Users/Brayan/Desktop/banana odyssey/banana_odyssey/Content/niveles/texturas_nivel_1/objetos/T_Air_Vents_S.uasset" 4962
"C:/Users/Brayan/Desktop/banana odyssey/banana_odyssey/Content/niveles/texturas_nivel_1/objetos/T_Air_Vents_N.uasset" 4963
"C:/Users/Brayan/Desktop/banana odyssey/banana_odyssey/Content/niveles/texturas_nivel_1/objetos/T_Air_Vents_D.uasset" 4964
"C:/Users/Brayan/AppData/Local/UnrealEngine/Common/DerivedDataCache/2/8/0/STATICMESH_9CE2B6FB46754B699726C4AA1515F12E_228332BAE0224DD294E232B87D83948FQU__2410C9B153D11EAA4FB60005BADBEF3E36E26782.udd" 4965
"C:/Users/Brayan/AppData/Local/UnrealEngine/Common/DerivedDataCache/5/8/4/PHYSX_A08609EF508D460CBB6710540B03AACF_PHYSXPC_319B3E6844C16D88806666B9CE6913D__B7E6574149704F423CACA8685C8C67799AA5CD95.udd" 4966
"C:/Users/Brayan/AppData/Local/UnrealEngine/Common/DerivedDataCache/3/0/9/NAVCOLLISION_2983273BE5D6425391E8C0B3D1C0A55D_NAVCOLLISION_X_319B3E6844C16D888__01EFFCFEA6E187C1CB995D0596697CECFA2321AD.udd" 4967
"C:/Users/Brayan/Desktop/banana odyssey/banana_odyssey/Content/niveles/nivel_1/MI_Apollo_AirVents_367ba8b.uasset" 4968
"C:/Users/Brayan/Desktop/banana odyssey/banana_odyssey/Content/niveles/nivel_1/nivel_1_ba?o_Default__Apollo_AirDuct_Straight_C.uasset" 4969
"C:/Users/Brayan/Desktop/banana odyssey/banana_odyssey/Content/niveles/tutorial/texturas_tutorial/puerta_flechas/T_GlacierHotel_Door_D.uasset" 4970
"C:/Users/Brayan/Desktop/banana odyssey/banana_odyssey/Content/niveles/tutorial/texturas_tutorial/puerta_flechas/T_GenericSet_Door_Villa_S.uasset" 4971
"C:/Users/Brayan/Desktop/banana odyssey/banana_odyssey/Content/niveles/tutorial/texturas_tutorial/puerta_flechas/T_GenericSet_Door_Villa_N.uasset" 4972
"C:/Users/Brayan/AppData/Local/UnrealEngine/Common/DerivedDataCache/8/8/2/STATICMESH_9CE2B6FB46754B699726C4AA1515F12E_228332BAE0224DD294E232B87D83948FQU__98EC86CAC2CC187D0143C7EA10AB1BF7035C7121.udd" 4973
"C:/Users/Brayan/AppData/Local/UnrealEngine/Common/DerivedDataCache/5/3/7/PHYSX_A08609EF508D460CBB6710540B03AACF_PHYSXPC_29302F3747D656842A0A6093DBE89CA__468719B3439D4B61A5A48886490FFF1D0351FA7E.udd" 4974
"C:/Users/Brayan/AppData/Local/UnrealEngine/Common/DerivedDataCache/3/6/7/NAVCOLLISION_2983273BE5D6425391E8C0B3D1C0A55D_NAVCOLLISION_X_29302F3747D656842__D4E02D26C054AAB213BFC91CB12E9F965388D6EE.udd" 4975
"C:/Users/Brayan/Desktop/banana odyssey/banana_odyssey/Content/niveles/tutorial/MI_GlacierHotel_Doors_A_3e9bb7bc.uasset" 4976
"C:/Users/Brayan/AppData/Local/UnrealEngine/Common/DerivedDataCache/4/0/5/STATICMESH_9CE2B6FB46754B699726C4AA1515F12E_228332BAE0224DD294E232B87D83948FQU__278B0418308CAB96A166786E592BD470478CB850.udd" 4977
"C:/Users/Brayan/AppData/Local/UnrealEngine/Common/DerivedDataCache/9/3/9/PHYSX_A08609EF508D460CBB6710540B03AACF_PHYSXPC_5224B5EB4AD29C7F548DB0BCFD76A87__F168DCB5F788C32F0C7E96DFD3EA900C9D9F6716.udd" 4978
"C:/Users/Brayan/AppData/Local/UnrealEngine/Common/DerivedDataCache/8/7/5/NAVCOLLISION_2983273BE5D6425391E8C0B3D1C0A55D_NAVCOLLISION_X_5224B5EB4AD29C7F5__04822F6BCA402BA55E89A2AFEC3EA4C3DCA5143E.udd" 4979
"C:/Users/Brayan/Desktop/banana odyssey/banana_odyssey/Content/niveles/tutorial/nivel_tutorial_SM_GlacierHotel_Door_A_A.uasset" 4980
"C:/Users/Brayan/AppData/Local/UnrealEngine/Common/DerivedDataCache/4/3/9/STATICMESH_9CE2B6FB46754B699726C4AA1515F12E_228332BAE0224DD294E232B87D83948FQU__56FB8B437FF7B8E852C9CBA11C89CADA415EF9A1.udd" 4981
"C:/Users/Brayan/AppData/Local/UnrealEngine/Common/DerivedDataCache/6/0/4/PHYSX_A08609EF508D460CBB6710540B03AACF_PHYSXPC_CA232FC34E3B2B1820FC5691B1A4FF5__D093C79DEDF1AF5FD0FE342353008836800DAF32.udd" 4982
"C:/Users/Brayan/AppData/Local/UnrealEngine/Common/DerivedDataCache/0/2/6/NAVCOLLISION_2983273BE5D6425391E8C0B3D1C0A55D_NAVCOLLISION_X_CA232FC34E3B2B182__85278BB678BF4497236FCFEBA640BE3A285F9376.udd" 4983
"C:/Users/Brayan/Desktop/banana odyssey/banana_odyssey/Content/niveles/tutorial/texturas_tutorial/mesa_sillas/T_NeonCity_Sushi_Chairs_E_S.uasset" 4984
"C:/Users/Brayan/Desktop/banana odyssey/banana_odyssey/Content/niveles/tutorial/texturas_tutorial/mesa_sillas/T_NeonCity_Sushi_Chairs_E_N.uasset" 4985
"C:/Users/Brayan/Desktop/banana odyssey/banana_odyssey/Content/niveles/tutorial/texturas_tutorial/mesa_sillas/T_NeonCity_Sushi_Chairs_E_D.uasset" 4986
"C:/Users/Brayan/Desktop/banana odyssey/banana_odyssey/Content/niveles/tutorial/MI_NeonCity_Sushi_Chairs_E_55704571.uasset" 4987
"C:/Users/Brayan/Desktop/banana odyssey/banana_odyssey/Content/niveles/tutorial/nivel_tutorial_Instance_3_SM_NeonCity_Sushi_Chairs_E.uasset" 4988
"C:/Users/Brayan/AppData/Local/UnrealEngine/Common/DerivedDataCache/3/5/7/STATICMESH_9CE2B6FB46754B699726C4AA1515F12E_228332BAE0224DD294E232B87D83948FQU__3A4C4B1DC09E7394FE1D23FA4492E90B5C3737B9.udd" 4989
"C:/Users/Brayan/AppData/Local/UnrealEngine/Common/DerivedDataCache/8/2/5/PHYSX_A08609EF508D460CBB6710540B03AACF_PHYSXPC_B82B762D404DAEC868611BAD52BCD6A__F4D5982084EF08061763A9D615A290AB79CA4F24.udd" 4990
"C:/Users/Brayan/AppData/Local/UnrealEngine/Common/DerivedDataCache/8/7/4/NAVCOLLISION_2983273BE5D6425391E8C0B3D1C0A55D_NAVCOLLISION_X_B82B762D404DAEC86__7ED2FF0E20EBD840E3969ACC62E556DCDEBCEDB9.udd" 4991
"C:/Users/Brayan/Desktop/banana odyssey/banana_odyssey/Content/niveles/tutorial/nivel_tutorial_Instance_2_SM_NeonCity_Sushi_Chairs_E.uasset" 4992
"C:/Users/Brayan/Desktop/banana odyssey/banana_odyssey/Content/niveles/tutorial/nivel_tutorial_Instance_1_SM_NeonCity_Sushi_Chairs_E.uasset" 4993
"C:/Users/Brayan/Desktop/banana odyssey/banana_odyssey/Content/niveles/tutorial/texturas_tutorial/mesa_sillas/T_NeonCity_Vendors_Goods_A_S.uasset" 4994
"C:/Users/Brayan/Desktop/banana odyssey/banana_odyssey/Content/niveles/tutorial/texturas_tutorial/mesa_sillas/T_NeonCity_Vendors_Goods_A_N.uasset" 4995
"C:/Users/Brayan/Desktop/banana odyssey/banana_odyssey/Content/niveles/tutorial/texturas_tutorial/mesa_sillas/T_CozyTea_SushiBoxes_A_A_D.uasset" 4996
"C:/Users/Brayan/AppData/Local/UnrealEngine/Common/DerivedDataCache/2/4/2/STATICMESH_9CE2B6FB46754B699726C4AA1515F12E_228332BAE0224DD294E232B87D83948FQU__8E71D19FBAC01A8CBDD1640796DE7E8EB5796EF7.udd" 4997
"C:/Users/Brayan/AppData/Local/UnrealEngine/Common/DerivedDataCache/3/1/0/PHYSX_A08609EF508D460CBB6710540B03AACF_PHYSXPC_12C12E64474719E12C5CD6BB320690D__69A6D6ED1FB5304A290A937A78B8AF641A64FBB4.udd" 4998
"C:/Users/Brayan/AppData/Local/UnrealEngine/Common/DerivedDataCache/6/6/0/NAVCOLLISION_2983273BE5D6425391E8C0B3D1C0A55D_NAVCOLLISION_X_12C12E64474719E12__337AA2F93908E649FAEF4D3E964C947EB88A7BC7.udd" 4999
"C:/Users/Brayan/Desktop/banana odyssey/banana_odyssey/Content/niveles/tutorial/MI_CozyTea_SushiBoxes_A_669b785b.uasset" 5000
"C:/Users/Brayan/Desktop/banana odyssey/banana_odyssey/Content/niveles/tutorial/nivel_tutorial_Instance_1_SM_CozyTea_SushiBox_B.uasset" 5001
"C:/Users/Brayan/Desktop/banana odyssey/banana_odyssey/Content/niveles/tutorial/nivel_tutorial_Instance_1_SM_CozyTea_SushiBox_A.uasset" 5002
"C:/Users/Brayan/Desktop/banana odyssey/banana_odyssey/Content/niveles/tutorial/nivel_tutorial_Instance_0_SM_CozyTea_SushiBox_B.uasset" 5003
"C:/Users/Brayan/Desktop/banana odyssey/banana_odyssey/Content/niveles/tutorial/texturas_tutorial/puerta_flechas/T_Obstacle_Trim_S.uasset" 5004
"C:/Users/Brayan/AppData/Local/UnrealEngine/Common/DerivedDataCache/0/5/1/STATICMESH_9CE2B6FB46754B699726C4AA1515F12E_228332BAE0224DD294E232B87D83948FQU__77F44625E94714D2C952960F6F3ACC86EEB818AE.udd" 5005
"C:/Users/Brayan/AppData/Local/UnrealEngine/Common/DerivedDataCache/6/2/5/PHYSX_A08609EF508D460CBB6710540B03AACF_PHYSXPC_47169B2A4F44DD384496718A16EA3D0__3B5355CFCF22DF9A3C6949468DB4219D4F56A8FD.udd" 5006
"C:/Users/Brayan/AppData/Local/UnrealEngine/Common/DerivedDataCache/4/7/8/NAVCOLLISION_2983273BE5D6425391E8C0B3D1C0A55D_NAVCOLLISION_X_47169B2A4F44DD384__B1EDE377B8303B6256C9B0A965124582CFFAC302.udd" 5007
"C:/Users/Brayan/Desktop/banana odyssey/banana_odyssey/Content/niveles/tutorial/texturas_tutorial/puerta_flechas/T_Obstacle_Trim_N.uasset" 5008
"C:/Users/Brayan/Desktop/banana odyssey/banana_odyssey/Content/niveles/tutorial/texturas_tutorial/puerta_flechas/T_Obstacle_Trim_D.uasset" 5009
"C:/Users/Brayan/Desktop/banana odyssey/banana_odyssey/Content/niveles/tutorial/OC_Trim_83b9cfc.uasset" 5010
"C:/Users/Brayan/Desktop/banana odyssey/banana_odyssey/Content/niveles/tutorial/nivel_tutorial_Default__Obstacle_Course_Arrow_C_002.uasset" 5011
"C:/Users/Brayan/Desktop/banana odyssey/banana_odyssey/Content/niveles/tutorial/nivel_tutorial_Default__Obstacle_Course_Arrow_C_001.uasset" 5012
"C:/Users/Brayan/AppData/Local/UnrealEngine/Common/DerivedDataCache/1/3/1/STATICMESH_9CE2B6FB46754B699726C4AA1515F12E_228332BAE0224DD294E232B87D83948FQU__20F2AD991590B4387C229CB23AE127928C860C7B.udd" 5013
"C:/Users/Brayan/AppData/Local/UnrealEngine/Common/DerivedDataCache/0/7/6/PHYSX_A08609EF508D460CBB6710540B03AACF_PHYSXPC_A7A6EA8D4311FED1A3ABA79DE998400__5E0D80642C468CB8794A73C865C62970D173580B.udd" 5014
"C:/Users/Brayan/AppData/Local/UnrealEngine/Common/DerivedDataCache/4/3/2/NAVCOLLISION_2983273BE5D6425391E8C0B3D1C0A55D_NAVCOLLISION_X_A7A6EA8D4311FED1A__1DB8B5B90AD79141B0A95D878AD0E2A26ABBE954.udd" 5015
"C:/Users/Brayan/Desktop/banana odyssey/banana_odyssey/Content/niveles/tutorial/nivel_tutorial_Default__Obstacle_Course_Arrow_C.uasset" 5016
"C:/Users/Brayan/AppData/Local/UnrealEngine/Common/DerivedDataCache/0/9/4/STATICMESH_9CE2B6FB46754B699726C4AA1515F12E_228332BAE0224DD294E232B87D83948FQU__1DAF2498ED90F9DC6F9B9F34ACD46238023AE0D9.udd" 5017
"C:/Users/Brayan/AppData/Local/UnrealEngine/Common/DerivedDataCache/2/3/8/PHYSX_A08609EF508D460CBB6710540B03AACF_PHYSXPC_A35D47254B4E0C7173BE67A37C7B9B1__29ED864ABFD8876D775FA661389EFDECA51E9B7E.udd" 5018
"C:/Users/Brayan/AppData/Local/UnrealEngine/Common/DerivedDataCache/6/5/9/NAVCOLLISION_2983273BE5D6425391E8C0B3D1C0A55D_NAVCOLLISION_X_A35D47254B4E0C717__99AF3C78E348C2C1FC2C8DF105B2F7B906AE18A7.udd" 5019
"C:/Users/Brayan/Desktop/banana odyssey/banana_odyssey/Content/niveles/tutorial/MI_Artemis_Business_Master_3_fcc1b12.uasset" 5020
"C:/Users/Brayan/AppData/Local/UnrealEngine/Common/DerivedDataCache/4/7/2/STATICMESH_9CE2B6FB46754B699726C4AA1515F12E_228332BAE0224DD294E232B87D83948FQU__183197AC8E262FFD1BA09209C83EBF209DFCC169.udd" 5021
"C:/Users/Brayan/AppData/Local/UnrealEngine/Common/DerivedDataCache/6/6/7/PHYSX_A08609EF508D460CBB6710540B03AACF_PHYSXPC_A45CA0D44FACF3E6C587C2B762FC024__1A52A815861CF2BDEFD6AE0B02C924D500EBFF76.udd" 5022
"C:/Users/Brayan/AppData/Local/UnrealEngine/Common/DerivedDataCache/8/5/8/NAVCOLLISION_2983273BE5D6425391E8C0B3D1C0A55D_NAVCOLLISION_X_A45CA0D44FACF3E6C__2C2C8631AD1F5A5045D6EBBA2733B679AC627DB2.udd" 5023
"C:/Users/Brayan/Desktop/banana odyssey/banana_odyssey/Content/niveles/tutorial/nivel_tutorial_Default__Business_Wall_A_A_C.uasset" 5024
"C:/Users/Brayan/Desktop/banana odyssey/banana_odyssey/Content/niveles/tutorial/texturas_tutorial/repisas/T_Orchard_BottleRacks_A_A_S.uasset" 5025
"C:/Users/Brayan/Desktop/banana odyssey/banana_odyssey/Content/niveles/tutorial/texturas_tutorial/repisas/T_Orchard_BottleRacks_A_A_N.uasset" 5026
"C:/Users/Brayan/Desktop/banana odyssey/banana_odyssey/Content/niveles/tutorial/texturas_tutorial/repisas/T_Orchard_BottleRacks_A_A_D.uasset" 5027
"C:/Users/Brayan/Desktop/banana odyssey/banana_odyssey/Content/niveles/tutorial/MI_Orchard_BottleRacks_A_A_3b85c33a.uasset" 5028
"C:/Users/Brayan/AppData/Local/UnrealEngine/Common/DerivedDataCache/4/3/0/STATICMESH_9CE2B6FB46754B699726C4AA1515F12E_228332BAE0224DD294E232B87D83948FQU__40AB7718BB3D69250EF010FBB911E7E33F9BA592.udd" 5029
"C:/Users/Brayan/AppData/Local/UnrealEngine/Common/DerivedDataCache/5/6/9/PHYSX_A08609EF508D460CBB6710540B03AACF_PHYSXPC_C5C9D61843DADE74827C899B0A4A3A3__9E59B645885C4BF4F21DD61FDB57AB3D2FCB7815.udd" 5030
"C:/Users/Brayan/AppData/Local/UnrealEngine/Common/DerivedDataCache/9/2/2/NAVCOLLISION_2983273BE5D6425391E8C0B3D1C0A55D_NAVCOLLISION_X_C5C9D61843DADE748__080CD05D9190D05FAB60F5A3044A132D03BFF9BC.udd" 5031
"C:/Users/Brayan/Desktop/banana odyssey/banana_odyssey/Content/niveles/tutorial/nivel_tutorial_Default__BP_Orchard_BottleRackFullShelf_E_C.uasset" 5032
"C:/Users/Brayan/AppData/Local/UnrealEngine/Common/DerivedDataCache/4/1/5/STATICMESH_9CE2B6FB46754B699726C4AA1515F12E_228332BAE0224DD294E232B87D83948FQU__753BB00B9E0304D1770A1FD69B5BD36B4FD532A1.udd" 5033
"C:/Users/Brayan/AppData/Local/UnrealEngine/Common/DerivedDataCache/8/1/9/PHYSX_A08609EF508D460CBB6710540B03AACF_PHYSXPC_AEF074444A39B363CC0C37A17BC4EF4__5ADE8D5A34A49A31AA9FD49EE3A3F3BB7CBAF789.udd" 5034
"C:/Users/Brayan/AppData/Local/UnrealEngine/Common/DerivedDataCache/6/3/7/NAVCOLLISION_2983273BE5D6425391E8C0B3D1C0A55D_NAVCOLLISION_X_AEF074444A39B363C__5F845175BB74C3CA25329BEDBCEE30B0DC714B67.udd" 5035
"C:/Users/Brayan/Desktop/banana odyssey/banana_odyssey/Content/niveles/tutorial/texturas_tutorial/electrodomesticos/T_Kitchen_Pro_Oven_A_S.uasset" 5036
"C:/Users/Brayan/AppData/Local/UnrealEngine/Common/DerivedDataCache/6/1/6/STATICMESH_9CE2B6FB46754B699726C4AA1515F12E_228332BAE0224DD294E232B87D83948FQU__26C4476CC384F1DBDB0D4D5837CAB52F64AD9E01.udd" 5037
"C:/Users/Brayan/AppData/Local/UnrealEngine/Common/DerivedDataCache/7/4/6/PHYSX_A08609EF508D460CBB6710540B03AACF_PHYSXPC_9A0585A34CE71A1EBF3DC098D1D949B__3DF782843C8B71E148ECD0A46DC61EC1E0A08B8A.udd" 5038
"C:/Users/Brayan/AppData/Local/UnrealEngine/Common/DerivedDataCache/3/8/1/NAVCOLLISION_2983273BE5D6425391E8C0B3D1C0A55D_NAVCOLLISION_X_9A0585A34CE71A1EB__A81734946666E4A350204ED055F3B635024C29EC.udd" 5039
"C:/Users/Brayan/Desktop/banana odyssey/banana_odyssey/Content/niveles/tutorial/texturas_tutorial/electrodomesticos/T_Kitchen_Pro_Oven_A_N.uasset" 5040
"C:/Users/Brayan/Desktop/banana odyssey/banana_odyssey/Content/niveles/tutorial/texturas_tutorial/electrodomesticos/T_Kitchen_Pro_Oven_A_D.uasset" 5041
"C:/Users/Brayan/Desktop/banana odyssey/banana_odyssey/Content/niveles/tutorial/MI_Kitchen_Pro_Oven_A_31ae19e7.uasset" 5042
"C:/Users/Brayan/Desktop/banana odyssey/banana_odyssey/Content/niveles/tutorial/nivel_tutorial_Default__BP_Kitchen_Pro_Oven_A_C.uasset" 5043
"C:/Users/Brayan/Desktop/banana odyssey/banana_odyssey/Content/niveles/tutorial/texturas_tutorial/mostrador/T_Kitchen_Pro_Counter_C_S.uasset" 5044
"C:/Users/Brayan/AppData/Local/UnrealEngine/Common/DerivedDataCache/8/1/8/STATICMESH_9CE2B6FB46754B699726C4AA1515F12E_228332BAE0224DD294E232B87D83948FQU__3A3B197226794549174098112BFA4D12598A738A.udd" 5045
"C:/Users/Brayan/AppData/Local/UnrealEngine/Common/DerivedDataCache/8/9/4/PHYSX_A08609EF508D460CBB6710540B03AACF_PHYSXPC_6538947F40E86D4D45F46280E2185DF__8F6FDC809809F78C3188987157F8DDCD1989240A.udd" 5046
"C:/Users/Brayan/AppData/Local/UnrealEngine/Common/DerivedDataCache/4/1/4/NAVCOLLISION_2983273BE5D6425391E8C0B3D1C0A55D_NAVCOLLISION_X_6538947F40E86D4D4__8DE91A948422BA1937E135D26AC8521C4FEEF2B4.udd" 5047
"C:/Users/Brayan/Desktop/banana odyssey/banana_odyssey/Content/niveles/tutorial/texturas_tutorial/mostrador/T_Kitchen_Pro_Counter_C_N.uasset" 5048
"C:/Users/Brayan/AppData/Local/UnrealEngine/Common/DerivedDataCache/0/1/9/STATICMESH_9CE2B6FB46754B699726C4AA1515F12E_228332BAE0224DD294E232B87D83948FQU__99062E7DA33B159298965111E57B41295E6043D6.udd" 5049
"C:/Users/Brayan/AppData/Local/UnrealEngine/Common/DerivedDataCache/6/2/8/PHYSX_A08609EF508D460CBB6710540B03AACF_PHYSXPC_78CA5B9F49E8D970A6B7DD81D6F7FD2__111636AC016D9945B1F4F77C64F7A7F22BCB0C12.udd" 5050
"C:/Users/Brayan/AppData/Local/UnrealEngine/Common/DerivedDataCache/2/9/8/NAVCOLLISION_2983273BE5D6425391E8C0B3D1C0A55D_NAVCOLLISION_X_78CA5B9F49E8D970A__AA922C2F208EBD4885F5201104B5B401BA2AB0A3.udd" 5051
"C:/Users/Brayan/Desktop/banana odyssey/banana_odyssey/Content/niveles/tutorial/texturas_tutorial/mostrador/T_Kitchen_Pro_Counter_C_D.uasset" 5052
"C:/Users/Brayan/AppData/Local/UnrealEngine/Common/DerivedDataCache/7/8/3/STATICMESH_9CE2B6FB46754B699726C4AA1515F12E_228332BAE0224DD294E232B87D83948FQU__C13F0820BAAAC52334315BE36B31F438E4C8B071.udd" 5053
"C:/Users/Brayan/AppData/Local/UnrealEngine/Common/DerivedDataCache/6/1/7/PHYSX_A08609EF508D460CBB6710540B03AACF_PHYSXPC_493CB4AA41672E19C8F19D93DB68BD7__6809FE91E349B2C362BD50A536ACA1CE35ACFEA5.udd" 5054
"C:/Users/Brayan/AppData/Local/UnrealEngine/Common/DerivedDataCache/6/9/2/NAVCOLLISION_2983273BE5D6425391E8C0B3D1C0A55D_NAVCOLLISION_X_493CB4AA41672E19C__B2673D63C3956FE691C76CD821D2A5A5088B045A.udd" 5055
"C:/Users/Brayan/Desktop/banana odyssey/banana_odyssey/Content/niveles/tutorial/MI_Kitchen_Pro_Counter_C_7df6c1e8.uasset" 5056
"C:/Users/Brayan/Desktop/banana odyssey/banana_odyssey/Content/niveles/tutorial/nivel_tutorial_Default__BP_Kitchen_Pro_Counter_C_A_C.uasset" 5057
"C:/Users/Brayan/AppData/Local/UnrealEngine/Common/DerivedDataCache/8/1/1/STATICMESH_9CE2B6FB46754B699726C4AA1515F12E_228332BAE0224DD294E232B87D83948FQU__466F83D4668F8021E5A74F9C7AA8058543FCE24F.udd" 5058
"C:/Users/Brayan/AppData/Local/UnrealEngine/Common/DerivedDataCache/9/6/1/PHYSX_A08609EF508D460CBB6710540B03AACF_PHYSXPC_9308C1174BB24E9B85CC4EB6D089BC6__7D1F62633F54BE9B4B9558F3EA2CB464D38793C3.udd" 5059
"C:/Users/Brayan/AppData/Local/UnrealEngine/Common/DerivedDataCache/6/7/4/NAVCOLLISION_2983273BE5D6425391E8C0B3D1C0A55D_NAVCOLLISION_X_9308C1174BB24E9B8__CD28E66C46253DD77CD0473C6DDFE97988114D96.udd" 5060
"C:/Users/Brayan/Desktop/banana odyssey/banana_odyssey/Content/niveles/tutorial/texturas_tutorial/electrodomesticos/T_Kitchen_Pro_Range_S.uasset" 5061
"C:/Users/Brayan/Desktop/banana odyssey/banana_odyssey/Content/niveles/tutorial/texturas_tutorial/electrodomesticos/T_Kitchen_Pro_Range_N.uasset" 5062
"C:/Users/Brayan/Desktop/banana odyssey/banana_odyssey/Content/niveles/tutorial/texturas_tutorial/electrodomesticos/T_Kitchen_Pro_Range_D.uasset" 5063
"C:/Users/Brayan/Desktop/banana odyssey/banana_odyssey/Content/niveles/tutorial/MI_Kitchen_Pro_Range_A_1ad53aed.uasset" 5064
"C:/Users/Brayan/Desktop/banana odyssey/banana_odyssey/Content/niveles/tutorial/nivel_tutorial_Default__BP_Kitchen_ProRange_A_B_C.uasset" 5065
"C:/Users/Brayan/AppData/Local/UnrealEngine/Common/DerivedDataCache/3/0/2/STATICMESH_9CE2B6FB46754B699726C4AA1515F12E_228332BAE0224DD294E232B87D83948FQU__4E7C3CBC93E44BEA3025F55E79EFAB8C052C4A2B.udd" 5066
"C:/Users/Brayan/AppData/Local/UnrealEngine/Common/DerivedDataCache/8/3/8/PHYSX_A08609EF508D460CBB6710540B03AACF_PHYSXPC_F43D96BE493482A50C8BF5B6CDFB16E__DC384D8CD73C6A5A83019D6BEE4B1622EF824A37.udd" 5067
"C:/Users/Brayan/AppData/Local/UnrealEngine/Common/DerivedDataCache/0/3/2/NAVCOLLISION_2983273BE5D6425391E8C0B3D1C0A55D_NAVCOLLISION_X_F43D96BE493482A50__F4E610831A4BAAFA143DB6EEA3AA28EC6F750AC5.udd" 5068
"C:/Users/Brayan/Desktop/banana odyssey/banana_odyssey/Content/niveles/tutorial/texturas_tutorial/repisas/T_Furniture_RusticShelf_A_S.uasset" 5069
"C:/Users/Brayan/Desktop/banana odyssey/banana_odyssey/Content/niveles/tutorial/texturas_tutorial/repisas/T_Furniture_RusticShelf_A_N.uasset" 5070
"C:/Users/Brayan/Desktop/banana odyssey/banana_odyssey/Content/niveles/tutorial/texturas_tutorial/repisas/T_Furniture_RusticShelf_A_D.uasset" 5071
"C:/Users/Brayan/Desktop/banana odyssey/banana_odyssey/Content/niveles/tutorial/MI_Furniture_RusticShelf_A_5614103d.uasset" 5072
"C:/Users/Brayan/Desktop/banana odyssey/banana_odyssey/Content/niveles/tutorial/nivel_tutorial_Default__BP_Furniture_RusticShelf_A_C_001.uasset" 5073
"C:/Users/Brayan/AppData/Local/UnrealEngine/Common/DerivedDataCache/8/4/2/STATICMESH_9CE2B6FB46754B699726C4AA1515F12E_228332BAE0224DD294E232B87D83948FQU__407A7ED0D1F271CC22354F2040A73A30117EFE76.udd" 5074
"C:/Users/Brayan/AppData/Local/UnrealEngine/Common/DerivedDataCache/4/5/3/PHYSX_A08609EF508D460CBB6710540B03AACF_PHYSXPC_751744E8437716220FC10AAA8DC65FA__C271704C4F97194C26C0B17847B508BF5C6BF1C2.udd" 5075
"C:/Users/Brayan/AppData/Local/UnrealEngine/Common/DerivedDataCache/7/1/9/NAVCOLLISION_2983273BE5D6425391E8C0B3D1C0A55D_NAVCOLLISION_X_751744E8437716220__C3F6963BEBDA5859EE33FAAE1A568FCF67B67F32.udd" 5076
"C:/Users/Brayan/Desktop/banana odyssey/banana_odyssey/Content/niveles/tutorial/nivel_tutorial_Default__BP_Furniture_RusticShelf_A_C.uasset" 5077
"C:/Users/Brayan/Desktop/banana odyssey/banana_odyssey/Content/niveles/tutorial/texturas_tutorial/mesa_sillas/T_NeonCity_Sushi_Tables_A_S.uasset" 5078
"C:/Users/Brayan/Desktop/banana odyssey/banana_odyssey/Content/niveles/tutorial/texturas_tutorial/mesa_sillas/T_NeonCity_Sushi_Tables_A_N.uasset" 5079
"C:/Users/Brayan/Desktop/banana odyssey/banana_odyssey/Content/niveles/tutorial/texturas_tutorial/mesa_sillas/T_NeonCity_Sushi_Tables_A_D.uasset" 5080
"C:/Users/Brayan/Desktop/banana odyssey/banana_odyssey/Content/niveles/tutorial/MI_NeonCity_Sushi_Tables_A_1b50d5c5.uasset" 5081
"C:/Users/Brayan/AppData/Local/UnrealEngine/Common/DerivedDataCache/5/9/3/STATICMESH_9CE2B6FB46754B699726C4AA1515F12E_228332BAE0224DD294E232B87D83948FQU__6E428A932B92A95A0CB6765886CBBB44B5B33851.udd" 5082
"C:/Users/Brayan/AppData/Local/UnrealEngine/Common/DerivedDataCache/3/8/1/PHYSX_A08609EF508D460CBB6710540B03AACF_PHYSXPC_F4AB61094D6BC9A796DE2DB9C6C3797__CAEB79B5E3EBFF95F05BEECE6AB53B66B96DFAA1.udd" 5083
"C:/Users/Brayan/AppData/Local/UnrealEngine/Common/DerivedDataCache/0/4/1/NAVCOLLISION_2983273BE5D6425391E8C0B3D1C0A55D_NAVCOLLISION_X_F4AB61094D6BC9A79__63394046C3F203DBD3E8C6CCBD0B344FF3143C50.udd" 5084
"C:/Users/Brayan/Desktop/banana odyssey/banana_odyssey/Content/niveles/tutorial/nivel_tutorial_Default__BP_CozyTea_SushiTable_B_C.uasset" 5085
"C:/Users/Brayan/Desktop/banana odyssey/banana_odyssey/Content/niveles/tutorial/texturas_tutorial/pared_y_piso/T_Parallel_Office_Wood_01_S.uasset" 5086
"C:/Users/Brayan/Desktop/banana odyssey/banana_odyssey/Content/niveles/tutorial/texturas_tutorial/pared_y_piso/T_Parallel_Office_Wood_01_N.uasset" 5087
"C:/Users/Brayan/Desktop/banana odyssey/banana_odyssey/Content/niveles/tutorial/texturas_tutorial/pared_y_piso/T_Parallel_Office_Wood_01_D.uasset" 5088
"C:/Users/Brayan/Desktop/banana odyssey/banana_odyssey/Content/niveles/tutorial/MI_GenericSet_Master_2Layer_462aeed4.uasset" 5089
"C:/Users/Brayan/AppData/Local/UnrealEngine/Common/DerivedDataCache/1/6/9/STATICMESH_9CE2B6FB46754B699726C4AA1515F12E_228332BAE0224DD294E232B87D83948FQU__8D31D620AF127E76E22B3C7FD8D222FC1279C58D.udd" 5090
"C:/Users/Brayan/AppData/Local/UnrealEngine/Common/DerivedDataCache/4/8/4/PHYSX_A08609EF508D460CBB6710540B03AACF_PHYSXPC_987DB09E4901358316E44BB1BA12CBB__2A846DE7B3A83C47455A1BBBA8682DC121379DF5.udd" 5091
"C:/Users/Brayan/AppData/Local/UnrealEngine/Common/DerivedDataCache/6/4/2/NAVCOLLISION_2983273BE5D6425391E8C0B3D1C0A55D_NAVCOLLISION_X_987DB09E490135831__C4B9AF0B07E42B8D64AB430D630F8921906562C6.udd" 5092
"C:/Users/Brayan/Desktop/banana odyssey/banana_odyssey/Content/niveles/tutorial/nivel_tutorial_Default__BP_Blockout_Floor_A_A_NoSnap_C_007.uasset" 5093
"C:/Users/Brayan/Desktop/banana odyssey/banana_odyssey/Content/niveles/tutorial/nivel_tutorial_Default__BP_Blockout_Floor_A_A_NoSnap_C_006.uasset" 5094
"C:/Users/Brayan/Desktop/banana odyssey/banana_odyssey/Content/niveles/tutorial/nivel_tutorial_Default__BP_Blockout_Floor_A_A_NoSnap_C_005.uasset" 5095
"C:/Users/Brayan/Desktop/banana odyssey/banana_odyssey/Content/niveles/tutorial/nivel_tutorial_Default__BP_Blockout_Floor_A_A_NoSnap_C_004.uasset" 5096
"C:/Users/Brayan/Desktop/banana odyssey/banana_odyssey/Content/niveles/tutorial/nivel_tutorial_Default__BP_Blockout_Floor_A_A_NoSnap_C_003.uasset" 5097
"C:/Users/Brayan/AppData/Local/UnrealEngine/Common/DerivedDataCache/7/9/6/STATICMESH_9CE2B6FB46754B699726C4AA1515F12E_228332BAE0224DD294E232B87D83948FQU__AF37005468E63B5589EA24A021FEADC168B32FE2.udd" 5098
"C:/Users/Brayan/AppData/Local/UnrealEngine/Common/DerivedDataCache/3/9/8/PHYSX_A08609EF508D460CBB6710540B03AACF_PHYSXPC_54FFF84F43844B63DECBE4805DBFC00__9CA87346C1A8EADD59B9A13FF116465C18CDDEB8.udd" 5099
"C:/Users/Brayan/AppData/Local/UnrealEngine/Common/DerivedDataCache/4/2/2/NAVCOLLISION_2983273BE5D6425391E8C0B3D1C0A55D_NAVCOLLISION_X_54FFF84F43844B63D__5119DED72D6813E6CDA48743C158BF22E3257090.udd" 5100
"C:/Users/Brayan/Desktop/banana odyssey/banana_odyssey/Content/niveles/tutorial/nivel_tutorial_Default__BP_Blockout_Floor_A_A_NoSnap_C_002.uasset" 5101
"C:/Users/Brayan/AppData/Local/UnrealEngine/Common/DerivedDataCache/1/9/9/STATICMESH_9CE2B6FB46754B699726C4AA1515F12E_228332BAE0224DD294E232B87D83948FQU__888E94C2E388FECE0FF6045C5A0515775CD1ACED.udd" 5102
"C:/Users/Brayan/AppData/Local/UnrealEngine/Common/DerivedDataCache/1/9/7/PHYSX_A08609EF508D460CBB6710540B03AACF_PHYSXPC_22D2F2E9445215D643199A9AB34CCEE__1E07E252AFE05901644A24D84BD6EEA52B1948D6.udd" 5103
"C:/Users/Brayan/AppData/Local/UnrealEngine/Common/DerivedDataCache/5/0/2/NAVCOLLISION_2983273BE5D6425391E8C0B3D1C0A55D_NAVCOLLISION_X_22D2F2E9445215D64__174243FD93C98F30FA2568410A89ADB08934DF00.udd" 5104
"C:/Users/Brayan/Desktop/banana odyssey/banana_odyssey/Content/niveles/tutorial/nivel_tutorial_Default__BP_Blockout_Floor_A_A_NoSnap_C_001.uasset" 5105
"C:/Users/Brayan/Desktop/banana odyssey/banana_odyssey/Content/niveles/tutorial/nivel_tutorial_Default__BP_Blockout_Floor_A_A_NoSnap_C.uasset" 5106
"C:/Users/Brayan/Desktop/banana odyssey/banana_odyssey/Content/niveles/tutorial/texturas_tutorial/electrodomesticos/IND_Kitchen_DeepFryer_01_S.uasset" 5107
"C:/Users/Brayan/Desktop/banana odyssey/banana_odyssey/Content/niveles/tutorial/texturas_tutorial/electrodomesticos/IND_Kitchen_DeepFryer_01_N.uasset" 5108
"C:/Users/Brayan/Desktop/banana odyssey/banana_odyssey/Content/niveles/tutorial/texturas_tutorial/electrodomesticos/IND_Kitchen_DeepFryer_01_D.uasset" 5109
"C:/Users/Brayan/AppData/Local/UnrealEngine/Common/DerivedDataCache/3/8/2/STATICMESH_9CE2B6FB46754B699726C4AA1515F12E_228332BAE0224DD294E232B87D83948FQU__B011BB4C7594F0A793A4F4055BD9C1913A9A7007.udd" 5110
"C:/Users/Brayan/AppData/Local/UnrealEngine/Common/DerivedDataCache/5/7/0/PHYSX_A08609EF508D460CBB6710540B03AACF_PHYSXPC_CC6BEDAE4740274C11251198FCA9D33__384E877A30E9ACA2D86AC30B42AAB5D902B5F8E9.udd" 5111
"C:/Users/Brayan/AppData/Local/UnrealEngine/Common/DerivedDataCache/6/3/2/NAVCOLLISION_2983273BE5D6425391E8C0B3D1C0A55D_NAVCOLLISION_X_CC6BEDAE4740274C1__D6F120EE41B766F362F9BD3310BCA098C2727663.udd" 5112
"C:/Users/Brayan/Desktop/banana odyssey/banana_odyssey/Content/niveles/tutorial/IND_DeepFryer_01_352cccbf.uasset" 5113
"C:/Users/Brayan/Desktop/banana odyssey/banana_odyssey/Content/niveles/tutorial/nivel_tutorial_Default__Athena_Prop_Kitchen_DeepFryer_01_C.uasset" 5114
"C:/Users/Brayan/Desktop/banana odyssey/banana_odyssey/Content/niveles/tutorial/texturas_tutorial/repisas/Prop_WaterCooler_02_N.uasset" 5115
"C:/Users/Brayan/Desktop/banana odyssey/banana_odyssey/Content/niveles/tutorial/texturas_tutorial/repisas/Prop_WaterCooler_02_D.uasset" 5116
"C:/Users/Brayan/Desktop/banana odyssey/banana_odyssey/Content/niveles/tutorial/MI_Durr_Watercooler_Rack_59d92b71.uasset" 5117
"C:/Users/Brayan/AppData/Local/UnrealEngine/Common/DerivedDataCache/0/4/4/STATICMESH_9CE2B6FB46754B699726C4AA1515F12E_228332BAE0224DD294E232B87D83948FQU__02FB05703178DCE94A02627EC50AF6A5AC11DF4B.udd" 5118
"C:/Users/Brayan/AppData/Local/UnrealEngine/Common/DerivedDataCache/1/6/8/PHYSX_A08609EF508D460CBB6710540B03AACF_PHYSXPC_CD6CAE7B4AE4CDFDB1839BA6227ABA2__12231CD4B496609424F2EFB97F16C0684CBC1ABA.udd" 5119
"C:/Users/Brayan/AppData/Local/UnrealEngine/Common/DerivedDataCache/9/7/0/NAVCOLLISION_2983273BE5D6425391E8C0B3D1C0A55D_NAVCOLLISION_X_CD6CAE7B4AE4CDFDB__CE864577A541B10BC91BF9A6852E3CCFC39524A4.udd" 5120
"C:/Users/Brayan/Desktop/banana odyssey/banana_odyssey/Content/niveles/tutorial/nivel_tutorial_Default__Athena_Prop_Durr_Watercooler_Shelves2_C.uasset" 5121
"C:/Users/Brayan/AppData/Local/UnrealEngine/Common/DerivedDataCache/8/6/8/STATICMESH_9CE2B6FB46754B699726C4AA1515F12E_228332BAE0224DD294E232B87D83948FQU__81F6BD96ACD219DCCCFE134839B0FC41B58FC0AE.udd" 5122
"C:/Users/Brayan/AppData/Local/UnrealEngine/Common/DerivedDataCache/2/1/7/PHYSX_A08609EF508D460CBB6710540B03AACF_PHYSXPC_F428705E42081A1217AEF7A24393B18__983DAEE662140B2B560732300C6A06D4C3322EFA.udd" 5123
"C:/Users/Brayan/AppData/Local/UnrealEngine/Common/DerivedDataCache/8/3/5/NAVCOLLISION_2983273BE5D6425391E8C0B3D1C0A55D_NAVCOLLISION_X_F428705E42081A121__226237BAB614992D70FFF2C0E457300AD30B2B89.udd" 5124
"C:/Users/Brayan/Desktop/banana odyssey/banana_odyssey/Content/niveles/tutorial/texturas_tutorial/electrodomesticos/T_NeonCity_Kitchen_Refrigerator_A_S.uasset" 5125
"C:/Users/Brayan/AppData/Local/UnrealEngine/Common/DerivedDataCache/2/8/1/STATICMESH_9CE2B6FB46754B699726C4AA1515F12E_228332BAE0224DD294E232B87D83948FQU__5C07FECD19E54618FD55B26DDF96367C3AB6FB5B.udd" 5126
"C:/Users/Brayan/AppData/Local/UnrealEngine/Common/DerivedDataCache/3/1/5/PHYSX_A08609EF508D460CBB6710540B03AACF_PHYSXPC_077D739C4C7B1A375CDC12BDE0DF878__DEEFF3183BEA0ED754910647030C405B7AC208FB.udd" 5127
"C:/Users/Brayan/AppData/Local/UnrealEngine/Common/DerivedDataCache/7/4/9/NAVCOLLISION_2983273BE5D6425391E8C0B3D1C0A55D_NAVCOLLISION_X_077D739C4C7B1A375__8EA8C428CE5ECE81D8727D217B25ED9B5C243DFF.udd" 5128
"C:/Users/Brayan/Desktop/banana odyssey/banana_odyssey/Content/niveles/tutorial/texturas_tutorial/electrodomesticos/T_NeonCity_Kitchen_Refrigerator_A_N.uasset" 5129
"C:/Users/Brayan/AppData/Local/UnrealEngine/Common/DerivedDataCache/8/4/8/STATICMESH_9CE2B6FB46754B699726C4AA1515F12E_228332BAE0224DD294E232B87D83948FQU__DCDCEF20EAF52D42E808C2E671DC01516B7FD700.udd" 5130
"C:/Users/Brayan/AppData/Local/UnrealEngine/Common/DerivedDataCache/7/9/5/PHYSX_A08609EF508D460CBB6710540B03AACF_PHYSXPC_8DA2CED345CE552F89F50D940392992__7C1894C9401F4704942A39A8DAAA09A5655A76CE.udd" 5131
"C:/Users/Brayan/AppData/Local/UnrealEngine/Common/DerivedDataCache/1/4/7/NAVCOLLISION_2983273BE5D6425391E8C0B3D1C0A55D_NAVCOLLISION_X_8DA2CED345CE552F8__7F756FB2323775293EC93F69890408EF82BBAE22.udd" 5132
"C:/Users/Brayan/Desktop/banana odyssey/banana_odyssey/Content/niveles/tutorial/texturas_tutorial/electrodomesticos/T_NeonCity_Kitchen_Refrigerator_A_D.uasset" 5133
"C:/Users/Brayan/AppData/Local/UnrealEngine/Common/DerivedDataCache/3/0/8/STATICMESH_9CE2B6FB46754B699726C4AA1515F12E_228332BAE0224DD294E232B87D83948FQU__4D3564C84343FA4F2782472FBEBB1E17A6C36C3F.udd" 5134
"C:/Users/Brayan/AppData/Local/UnrealEngine/Common/DerivedDataCache/8/7/3/PHYSX_A08609EF508D460CBB6710540B03AACF_PHYSXPC_078DF8F04A823C952ADA62A262EAE11__CDA39FF441A6E72C64873D9AEEE21FA5D3E9AD3B.udd" 5135
"C:/Users/Brayan/AppData/Local/UnrealEngine/Common/DerivedDataCache/9/7/8/NAVCOLLISION_2983273BE5D6425391E8C0B3D1C0A55D_NAVCOLLISION_X_078DF8F04A823C952__65A132F4FEAE28482B8C3772A04B042BE65F4C0C.udd" 5136
"C:/Users/Brayan/Desktop/banana odyssey/banana_odyssey/Content/niveles/tutorial/MI_NeonCity_Kitchen_Refrigerator_A_78d462f5.uasset" 5137
"C:/Users/Brayan/AppData/Local/UnrealEngine/Common/DerivedDataCache/0/8/1/STATICMESH_9CE2B6FB46754B699726C4AA1515F12E_228332BAE0224DD294E232B87D83948FQU__C4A2CD77BD77ABA4F42A7D26677B7AE050835999.udd" 5138
"C:/Users/Brayan/AppData/Local/UnrealEngine/Common/DerivedDataCache/5/4/8/PHYSX_A08609EF508D460CBB6710540B03AACF_PHYSXPC_ADE6D58D4EA2AA29B67D3180F897C79__4600C9B60A3A69964C34A2B6FC1425910382EB06.udd" 5139
"C:/Users/Brayan/AppData/Local/UnrealEngine/Common/DerivedDataCache/0/5/3/NAVCOLLISION_2983273BE5D6425391E8C0B3D1C0A55D_NAVCOLLISION_X_ADE6D58D4EA2AA29B__A5472D528092F030D6E94C6F61AD75DA0CAF4820.udd" 5140
"C:/Users/Brayan/Desktop/banana odyssey/banana_odyssey/Content/niveles/tutorial/nivel_tutorial_Default__Asteria_NeonCity_Kitchen_Refrigerator_A_B_C_001.uasset" 5141
"C:/Users/Brayan/AppData/Local/UnrealEngine/Common/DerivedDataCache/4/3/5/STATICMESH_9CE2B6FB46754B699726C4AA1515F12E_228332BAE0224DD294E232B87D83948FQU__105A3BC628CA45E9CE216A64E2FC6388ED8B9145.udd" 5142
"C:/Users/Brayan/AppData/Local/UnrealEngine/Common/DerivedDataCache/3/6/0/PHYSX_A08609EF508D460CBB6710540B03AACF_PHYSXPC_C483448B44E876A801CB03B096AB83F__68793F596E310710ECB3CA6BC12FC52A3D3D39DF.udd" 5143
"C:/Users/Brayan/AppData/Local/UnrealEngine/Common/DerivedDataCache/3/2/4/NAVCOLLISION_2983273BE5D6425391E8C0B3D1C0A55D_NAVCOLLISION_X_C483448B44E876A80__314C4AECDFFCE5BE82157734C548F46AE4EDA141.udd" 5144
"C:/Users/Brayan/Desktop/banana odyssey/banana_odyssey/Content/niveles/tutorial/nivel_tutorial_Default__Asteria_NeonCity_Kitchen_Refrigerator_A_B_C.uasset" 5145
"C:/Users/Brayan/AppData/Local/UnrealEngine/Common/DerivedDataCache/9/7/6/STATICMESH_9CE2B6FB46754B699726C4AA1515F12E_228332BAE0224DD294E232B87D83948FQU__1ED900E6308D2DDB79DC310EC67803784DB7A375.udd" 5146
"C:/Users/Brayan/AppData/Local/UnrealEngine/Common/DerivedDataCache/6/7/4/PHYSX_A08609EF508D460CBB6710540B03AACF_PHYSXPC_69C7DD9B4E48C37245865F86E783E8B__095CF591BA8A917600523B92EDF1B6CB5027C739.udd" 5147
"C:/Users/Brayan/AppData/Local/UnrealEngine/Common/DerivedDataCache/0/4/4/NAVCOLLISION_2983273BE5D6425391E8C0B3D1C0A55D_NAVCOLLISION_X_69C7DD9B4E48C3724__90E3F65C8727E8011307DE4E5091C64E3B5C7C8A.udd" 5148
"C:/Users/Brayan/Desktop/banana odyssey/banana_odyssey/Content/niveles/tutorial/texturas_tutorial/electrodomesticos/T_Kitchen_Refrigerator_02_S.uasset" 5149
"C:/Users/Brayan/Desktop/banana odyssey/banana_odyssey/Content/niveles/tutorial/texturas_tutorial/electrodomesticos/T_Kitchen_Refrigerator_02_N.uasset" 5150
"C:/Users/Brayan/Desktop/banana odyssey/banana_odyssey/Content/niveles/tutorial/texturas_tutorial/electrodomesticos/T_Kitchen_Refrigerator_02_D.uasset" 5151
"C:/Users/Brayan/Desktop/banana odyssey/banana_odyssey/Content/niveles/tutorial/MI_Kitchen_Refrigerator_02_2bb06257.uasset" 5152
"C:/Users/Brayan/Desktop/banana odyssey/banana_odyssey/Content/niveles/tutorial/nivel_tutorial_Default__Apollo_Kitchen_Refrigerator_02_C.uasset" 5153
"C:/Users/Brayan/AppData/Local/UnrealEngine/Common/DerivedDataCache/1/0/0/STATICMESH_9CE2B6FB46754B699726C4AA1515F12E_228332BAE0224DD294E232B87D83948FQU__239501237D0CFA97B03B2D9FF3039F2A6C3760DB.udd" 5154
"C:/Users/Brayan/AppData/Local/UnrealEngine/Common/DerivedDataCache/8/6/7/PHYSX_A08609EF508D460CBB6710540B03AACF_PHYSXPC_500E8F554AEB5B6FA7157A9A6EC5B26__AD80526490AE0245016329DF1820582CA7461EA0.udd" 5155
"C:/Users/Brayan/AppData/Local/UnrealEngine/Common/DerivedDataCache/5/3/5/NAVCOLLISION_2983273BE5D6425391E8C0B3D1C0A55D_NAVCOLLISION_X_500E8F554AEB5B6FA__69E917E31451CA38FAE8F291F054D455721AA1B4.udd" 5156
"C:/Users/Brayan/Desktop/banana odyssey/banana_odyssey/Content/niveles/tutorial/nivel_tutorial_Default__Apollo_Kitchen_CoffeeCounter_01_C_003.uasset" 5157
"C:/Users/Brayan/Desktop/banana odyssey/banana_odyssey/Content/niveles/tutorial/nivel_tutorial_Default__Apollo_Kitchen_CoffeeCounter_01_C_002.uasset" 5158
"C:/Users/Brayan/Desktop/banana odyssey/banana_odyssey/Content/niveles/tutorial/nivel_tutorial_Default__Apollo_Kitchen_CoffeeCounter_01_C.uasset" 5159
"C:/Users/Brayan/Desktop/banana odyssey/banana_odyssey/Content/niveles/tutorial/texturas_tutorial/repisas/T_Kitchen_Chair_01_S.uasset" 5160
"C:/Users/Brayan/AppData/Local/UnrealEngine/Common/DerivedDataCache/6/4/8/STATICMESH_9CE2B6FB46754B699726C4AA1515F12E_228332BAE0224DD294E232B87D83948FQU__EC6C93575E97790368861526376FD82CC186DFE2.udd" 5161
"C:/Users/Brayan/AppData/Local/UnrealEngine/Common/DerivedDataCache/1/9/4/PHYSX_A08609EF508D460CBB6710540B03AACF_PHYSXPC_91F55D1049F2923104EE01B0CD8BA5F__9D3AFDAD7B58F684A9E0466712CC71FDA902EA9F.udd" 5162
"C:/Users/Brayan/AppData/Local/UnrealEngine/Common/DerivedDataCache/7/1/1/NAVCOLLISION_2983273BE5D6425391E8C0B3D1C0A55D_NAVCOLLISION_X_91F55D1049F292310__428F1DD260F2E2E7E0344A2D9A6E7E622DA41765.udd" 5163
"C:/Users/Brayan/Desktop/banana odyssey/banana_odyssey/Content/niveles/tutorial/texturas_tutorial/repisas/T_Kitchen_Chair_01_N.uasset" 5164
"C:/Users/Brayan/Desktop/banana odyssey/banana_odyssey/Content/niveles/tutorial/texturas_tutorial/repisas/T_Kitchen_Chair_01_D.uasset" 5165
"C:/Users/Brayan/Desktop/banana odyssey/banana_odyssey/Content/niveles/tutorial/texturas_tutorial/repisas/Car_color_4.uasset" 5166
"C:/Users/Brayan/Desktop/banana odyssey/banana_odyssey/Content/niveles/tutorial/MI_Kitchen_Chair_01_1f312500.uasset" 5167
"C:/Users/Brayan/Desktop/banana odyssey/banana_odyssey/Content/niveles/tutorial/nivel_tutorial_Default__Apollo_Kitchen_Chair_01_C.uasset" 5168
"C:/Users/Brayan/AppData/Local/UnrealEngine/Common/DerivedDataCache/1/6/7/STATICMESH_9CE2B6FB46754B699726C4AA1515F12E_228332BAE0224DD294E232B87D83948FQU__1E98DC3B8C5A3C4868FCD30B5D2E91294BBAFDE4.udd" 5169
"C:/Users/Brayan/AppData/Local/UnrealEngine/Common/DerivedDataCache/1/5/1/PHYSX_A08609EF508D460CBB6710540B03AACF_PHYSXPC_C28F17FA4C986150E448DFA38FAC062__48E90044C7ACE5E75F95AF5F9592FAE6239EFE89.udd" 5170
"C:/Users/Brayan/AppData/Local/UnrealEngine/Common/DerivedDataCache/1/5/5/NAVCOLLISION_2983273BE5D6425391E8C0B3D1C0A55D_NAVCOLLISION_X_C28F17FA4C986150E__1E9E4B47820675CD5E3714748E5A653A6D3EFE85.udd" 5171
"C:/Users/Brayan/Desktop/banana odyssey/banana_odyssey/Content/2DSideScrollerBP/Maps/nivel1.umap" 5172
"C:/Users/Brayan/AppData/Local/UnrealEngine/Common/DerivedDataCache/2/3/0/STATICMESH_9CE2B6FB46754B699726C4AA1515F12E_228332BAE0224DD294E232B87D83948FQU__B6DD99603B773522BCC233D54068663692A363B7.udd" 5173
"C:/Users/Brayan/AppData/Local/UnrealEngine/Common/DerivedDataCache/3/5/2/PHYSX_A08609EF508D460CBB6710540B03AACF_PHYSXPC_7455140A4078E9C0541E428DF847E17__5C0439FE742022791BA04B426D7CD00D948AFFA9.udd" 5174
"C:/Users/Brayan/AppData/Local/UnrealEngine/Common/DerivedDataCache/1/2/4/NAVCOLLISION_2983273BE5D6425391E8C0B3D1C0A55D_NAVCOLLISION_X_7455140A4078E9C05__E180459ECB82A19BC1CF1A162055CE5F6DA41AF8.udd" 5175
"C:/Users/Brayan/AppData/Local/UnrealEngine/Common/DerivedDataCache/2/9/5/STATICMESH_9CE2B6FB46754B699726C4AA1515F12E_228332BAE0224DD294E232B87D83948FQU__3127DFCFA4ABBFA678A8366AEC1B587E14E704D3.udd" 5176
"C:/Users/Brayan/AppData/Local/UnrealEngine/Common/DerivedDataCache/9/6/8/PHYSX_A08609EF508D460CBB6710540B03AACF_PHYSXPC_F3CFA52F430F7B5872244E830D1A768__D777171276F18FDEC9CE9F37B32B6165A04C0FDC.udd" 5177
"C:/Users/Brayan/AppData/Local/UnrealEngine/Common/DerivedDataCache/0/4/0/NAVCOLLISION_2983273BE5D6425391E8C0B3D1C0A55D_NAVCOLLISION_X_F3CFA52F430F7B587__DBDA3A32659ABBD4704162BF66F0FCB9A9C3CC4D.udd" 5178
"C:/Users/Brayan/AppData/Local/UnrealEngine/Common/DerivedDataCache/5/2/7/STATICMESH_9CE2B6FB46754B699726C4AA1515F12E_228332BAE0224DD294E232B87D83948FQU__F4BBA196F7CC561DCB84B6E793618BEA988C0AAB.udd" 5179
"C:/Users/Brayan/AppData/Local/UnrealEngine/Common/DerivedDataCache/5/9/2/PHYSX_A08609EF508D460CBB6710540B03AACF_PHYSXPC_D387033F4CD30476DA32ED9B1498B70__407FEEF235EE4502DB854DF6023C7B6FDDF004CF.udd" 5180
"C:/Users/Brayan/AppData/Local/UnrealEngine/Common/DerivedDataCache/5/7/6/NAVCOLLISION_2983273BE5D6425391E8C0B3D1C0A55D_NAVCOLLISION_X_D387033F4CD30476D__6E152958FE5706503967EF721703251157498D3D.udd" 5181
"C:/Users/Brayan/AppData/Local/UnrealEngine/Common/DerivedDataCache/0/1/9/STATICMESH_9CE2B6FB46754B699726C4AA1515F12E_228332BAE0224DD294E232B87D83948FQU__DF5632AD2BEE6B554309CE0201F6D19D58B6E85E.udd" 5182
"C:/Users/Brayan/AppData/Local/UnrealEngine/Common/DerivedDataCache/2/8/1/PHYSX_A08609EF508D460CBB6710540B03AACF_PHYSXPC_BFFC7F2C4D04FB6DDE41DCB777C2457__64F36005276257C87C93640B76AD07C2ED0D8FEE.udd" 5183
"C:/Users/Brayan/AppData/Local/UnrealEngine/Common/DerivedDataCache/9/5/2/NAVCOLLISION_2983273BE5D6425391E8C0B3D1C0A55D_NAVCOLLISION_X_BFFC7F2C4D04FB6DD__EE30196288933FFC1EEE6ED40829B6B0E8A09454.udd" 5184
"C:/Users/Brayan/AppData/Local/UnrealEngine/Common/DerivedDataCache/9/4/9/TEXTURE_E01F4250BECD420DA9CE63B5EECEC2C2_OODLE_AUTODXT_11_648005FD43854C574826__2B434AFF032F4EDB73FEDA4C59B312A528225C90.udd" 5185
"C:/Users/Brayan/AppData/Local/UnrealEngine/Common/DerivedDataCache/4/7/0/TEXTURE_E01F4250BECD420DA9CE63B5EECEC2C2_OODLE_AUTODXT_11_648005FD43854C574826__D49F2D12098CD04A3EE946DE4A3B9DB852DC0C39.udd" 5186
"C:/Users/Brayan/AppData/Local/UnrealEngine/Common/DerivedDataCache/4/1/8/TEXTURE_E01F4250BECD420DA9CE63B5EECEC2C2_OODLE_AUTODXT_11_648005FD43854C574826__7AAC48B2E0D69092E601225066ABA51E96F8021B.udd" 5187
"C:/Users/Brayan/AppData/Local/UnrealEngine/Common/DerivedDataCache/3/3/4/TEXTURE_E01F4250BECD420DA9CE63B5EECEC2C2_OODLE_AUTODXT_11_648005FD43854C574826__DC19F90656B6F6F9DB351A98CD3F478500575C8B.udd" 5188
"C:/Users/Brayan/AppData/Local/UnrealEngine/Common/DerivedDataCache/9/8/4/TEXTURE_E01F4250BECD420DA9CE63B5EECEC2C2_OODLE_AUTODXT_11_648005FD43854C574826__A673F51E0A87B015107BAAEDAF35000A66565670.udd" 5189
"C:/Users/Brayan/AppData/Local/UnrealEngine/Common/DerivedDataCache/8/4/6/TEXTURE_E01F4250BECD420DA9CE63B5EECEC2C2_OODLE_AUTODXT_11_648005FD43854C574826__0B7DBF3CCB6AF0B26EBF00370C9FBDF4102C2A69.udd" 5190
"C:/Users/Brayan/AppData/Local/UnrealEngine/Common/DerivedDataCache/7/8/4/MATSM_0BA69734E4FD45E082FA4560DBE25454_PCD3D_SM5_8__BC5N_NOCCBN_NOIRIS_DEV_SL___6E226993DB4C826E316A3E5ED727194997CA7060.udd" 5191
"C:/Users/Brayan/AppData/Local/UnrealEngine/Common/DerivedDataCache/8/3/7/TEXTURE_E01F4250BECD420DA9CE63B5EECEC2C2_OODLE_AUTODXT_11_999789A840D098B24D88__345042DCA6E5B5110465C80B5DCD7CAC91C2E1D2.udd" 5192
"C:/Users/Brayan/AppData/Local/UnrealEngine/Common/DerivedDataCache/6/3/0/TEXTURE_E01F4250BECD420DA9CE63B5EECEC2C2_OODLE_AUTODXT_11_999789A840D098B24D88__E42907C2CAC1D8D38B7DC202B9DE07D21DC96D5C.udd" 5193
"C:/Users/Brayan/AppData/Local/UnrealEngine/Common/DerivedDataCache/3/9/4/TEXTURE_E01F4250BECD420DA9CE63B5EECEC2C2_OODLE_AUTODXT_11_999789A840D098B24D88__FD4B3CB753BB2E35CC86A5B8EF24354B7D3C2ECA.udd" 5194
"C:/Users/Brayan/AppData/Local/UnrealEngine/Common/DerivedDataCache/4/7/5/TEXTURE_E01F4250BECD420DA9CE63B5EECEC2C2_OODLE_AUTODXT_11_999789A840D098B24D88__CE3D6F54F593833F9140E90899668106B4821659.udd" 5195
"C:/Users/Brayan/AppData/Local/UnrealEngine/Common/DerivedDataCache/4/1/3/TEXTURE_E01F4250BECD420DA9CE63B5EECEC2C2_OODLE_AUTODXT_11_999789A840D098B24D88__F02AFD5864BC632E9FEAE50256498539F920E737.udd" 5196
"C:/Users/Brayan/AppData/Local/UnrealEngine/Common/DerivedDataCache/9/6/0/TEXTURE_E01F4250BECD420DA9CE63B5EECEC2C2_OODLE_AUTODXT_11_999789A840D098B24D88__5DE36A5C1CEB7F1CB780CE4F717E1A8330989BDF.udd" 5197
"C:/Users/Brayan/AppData/Local/UnrealEngine/Common/DerivedDataCache/9/0/4/TEXTURE_E01F4250BECD420DA9CE63B5EECEC2C2_OODLE_BC5_11_37C7710241AEB500418D92BE__75782BD776BFFB4D6456D58C1D900806AAB4821D.udd" 5198
"C:/Users/Brayan/AppData/Local/UnrealEngine/Common/DerivedDataCache/6/2/4/TEXTURE_E01F4250BECD420DA9CE63B5EECEC2C2_OODLE_BC5_11_37C7710241AEB500418D92BE__E3D795E99E6769F290408D69E3E153396830EFF8.udd" 5199
"C:/Users/Brayan/AppData/Local/UnrealEngine/Common/DerivedDataCache/3/1/7/TEXTURE_E01F4250BECD420DA9CE63B5EECEC2C2_OODLE_BC5_11_37C7710241AEB500418D92BE__05588164291C7C8CCD882333A4E8E5B884084652.udd" 5200
"C:/Users/Brayan/AppData/Local/UnrealEngine/Common/DerivedDataCache/9/1/2/TEXTURE_E01F4250BECD420DA9CE63B5EECEC2C2_OODLE_BC5_11_37C7710241AEB500418D92BE__393B6B4B28E248403BAB8C7C551D4982065FD1E1.udd" 5201
"C:/Users/Brayan/AppData/Local/UnrealEngine/Common/DerivedDataCache/8/4/3/TEXTURE_E01F4250BECD420DA9CE63B5EECEC2C2_OODLE_BC5_11_37C7710241AEB500418D92BE__CE98936CDFCCEAE5DD6E1B43B8FAEC49B3B08464.udd" 5202
"C:/Users/Brayan/AppData/Local/UnrealEngine/Common/DerivedDataCache/4/5/4/TEXTURE_E01F4250BECD420DA9CE63B5EECEC2C2_OODLE_BC5_11_37C7710241AEB500418D92BE__4E2627734CDD14A3680A2C71D54074BFE4791AAC.udd" 5203
"C:/Users/Brayan/AppData/Local/UnrealEngine/Common/DerivedDataCache/4/6/5/TEXTURE_E01F4250BECD420DA9CE63B5EECEC2C2_OODLE_AUTODXT_11_EA02BCE64655FD4C2AAB__93F7CF432901FEF70D4DF64EA448A29A705A04FC.udd" 5204
"C:/Users/Brayan/AppData/Local/UnrealEngine/Common/DerivedDataCache/9/9/4/TEXTURE_E01F4250BECD420DA9CE63B5EECEC2C2_OODLE_AUTODXT_11_EA02BCE64655FD4C2AAB__5702E0EDA9D9B39E79F56A98BFEAF5F3E4722862.udd" 5205
"C:/Users/Brayan/AppData/Local/UnrealEngine/Common/DerivedDataCache/2/5/6/TEXTURE_E01F4250BECD420DA9CE63B5EECEC2C2_OODLE_AUTODXT_11_EA02BCE64655FD4C2AAB__D9946230243ABDDB6C9C3673303BA84132F0496E.udd" 5206
"C:/Users/Brayan/AppData/Local/UnrealEngine/Common/DerivedDataCache/3/3/2/TEXTURE_E01F4250BECD420DA9CE63B5EECEC2C2_OODLE_AUTODXT_11_EA02BCE64655FD4C2AAB__B6B49B954B9CEAB389EED386F7FB5E0EC7921C84.udd" 5207
"C:/Users/Brayan/AppData/Local/UnrealEngine/Common/DerivedDataCache/3/8/3/TEXTURE_E01F4250BECD420DA9CE63B5EECEC2C2_OODLE_AUTODXT_11_EA02BCE64655FD4C2AAB__F927B5AFA7B80EF6AEF76890A82B282628D343AA.udd" 5208
"C:/Users/Brayan/AppData/Local/UnrealEngine/Common/DerivedDataCache/3/1/2/TEXTURE_E01F4250BECD420DA9CE63B5EECEC2C2_OODLE_AUTODXT_11_EA02BCE64655FD4C2AAB__B982A12C6B9CA7D9B21E6B954FC808EE9EADE15B.udd" 5209
"C:/Users/Brayan/AppData/Local/UnrealEngine/Common/DerivedDataCache/0/2/7/MATSM_0BA69734E4FD45E082FA4560DBE25454_PCD3D_SM5_8__BC5N_NOCCBN_NOIRIS_DEV_SL___A694A42B088C667393391FD255971CC505379822.udd" 5210
"C:/Users/Brayan/AppData/Local/UnrealEngine/Common/DerivedDataCache/9/0/2/TEXTURE_E01F4250BECD420DA9CE63B5EECEC2C2_OODLE_AUTODXT_11_C804236B44C56EC59A98__A2EC1E9971CD82E5E991F80E5B54F7B65A889793.udd" 5211
"C:/Users/Brayan/AppData/Local/UnrealEngine/Common/DerivedDataCache/3/1/8/TEXTURE_E01F4250BECD420DA9CE63B5EECEC2C2_OODLE_AUTODXT_11_C804236B44C56EC59A98__944B7129E4E5680A7127749C5750E7583ADBFA92.udd" 5212
"C:/Users/Brayan/AppData/Local/UnrealEngine/Common/DerivedDataCache/6/9/1/TEXTURE_E01F4250BECD420DA9CE63B5EECEC2C2_OODLE_AUTODXT_11_C804236B44C56EC59A98__EAE379894B0B877665067EBFB97C325EE0E5FE7D.udd" 5213
"C:/Users/Brayan/AppData/Local/UnrealEngine/Common/DerivedDataCache/7/3/5/TEXTURE_E01F4250BECD420DA9CE63B5EECEC2C2_OODLE_AUTODXT_11_C804236B44C56EC59A98__65BE853AC11CB62DA9D25BE8BA344D8E3918CCF4.udd" 5214
"C:/Users/Brayan/AppData/Local/UnrealEngine/Common/DerivedDataCache/4/4/5/TEXTURE_E01F4250BECD420DA9CE63B5EECEC2C2_OODLE_AUTODXT_11_C804236B44C56EC59A98__EA853361B0AE52BFBCCE82A592BBB3D7567C89CB.udd" 5215
"C:/Users/Brayan/AppData/Local/UnrealEngine/Common/DerivedDataCache/4/3/2/TEXTURE_E01F4250BECD420DA9CE63B5EECEC2C2_OODLE_BC5_11_25BB63A94A1BBEBA2DAEE694__E044E8CE048C6DF940D5715494BCD839A9AA58ED.udd" 5216
"C:/Users/Brayan/AppData/Local/UnrealEngine/Common/DerivedDataCache/3/9/6/TEXTURE_E01F4250BECD420DA9CE63B5EECEC2C2_OODLE_BC5_11_25BB63A94A1BBEBA2DAEE694__1A6B2B593C6921194DF7576846D1703C990D3CD8.udd" 5217
"C:/Users/Brayan/AppData/Local/UnrealEngine/Common/DerivedDataCache/5/4/6/TEXTURE_E01F4250BECD420DA9CE63B5EECEC2C2_OODLE_BC5_11_25BB63A94A1BBEBA2DAEE694__838B37C0335F3CA73F4E94C7FFD8A50CBF6CEA25.udd" 5218
"C:/Users/Brayan/AppData/Local/UnrealEngine/Common/DerivedDataCache/0/8/4/TEXTURE_E01F4250BECD420DA9CE63B5EECEC2C2_OODLE_BC5_11_25BB63A94A1BBEBA2DAEE694__81952FC9AE9F6F8A0FA596DEC830D7CA0069DC74.udd" 5219
"C:/Users/Brayan/AppData/Local/UnrealEngine/Common/DerivedDataCache/7/8/3/TEXTURE_E01F4250BECD420DA9CE63B5EECEC2C2_OODLE_BC5_11_25BB63A94A1BBEBA2DAEE694__AAF42E8AC254A9989405C4CBA85C3BB6BDDA91C0.udd" 5220
"C:/Users/Brayan/AppData/Local/UnrealEngine/Common/DerivedDataCache/2/2/8/TEXTURE_E01F4250BECD420DA9CE63B5EECEC2C2_OODLE_AUTODXT_11_67B605544A725A0F79AC__341A0BBEA51CBC692DBF3EA25105D07EF6D3945D.udd" 5221
"C:/Users/Brayan/AppData/Local/UnrealEngine/Common/DerivedDataCache/6/2/1/TEXTURE_E01F4250BECD420DA9CE63B5EECEC2C2_OODLE_AUTODXT_11_67B605544A725A0F79AC__12787C8132404F36E2F84C7C12B58D42333CCC0A.udd" 5222
"C:/Users/Brayan/AppData/Local/UnrealEngine/Common/DerivedDataCache/0/7/0/TEXTURE_E01F4250BECD420DA9CE63B5EECEC2C2_OODLE_AUTODXT_11_67B605544A725A0F79AC__1CA4D0EFBAA1AD715D496E2DBEE4505F328FCD58.udd" 5223
"C:/Users/Brayan/AppData/Local/UnrealEngine/Common/DerivedDataCache/3/6/8/TEXTURE_E01F4250BECD420DA9CE63B5EECEC2C2_OODLE_AUTODXT_11_67B605544A725A0F79AC__3029284CED66B2CDD983F3F0A71474DF878A3BC4.udd" 5224
"C:/Users/Brayan/AppData/Local/UnrealEngine/Common/DerivedDataCache/8/6/8/TEXTURE_E01F4250BECD420DA9CE63B5EECEC2C2_OODLE_AUTODXT_11_67B605544A725A0F79AC__70B5A957D2E48A9F8EC3AE86EA6D480653B2D4D1.udd" 5225
"C:/Users/Brayan/AppData/Local/UnrealEngine/Common/DerivedDataCache/8/8/8/MATSM_0BA69734E4FD45E082FA4560DBE25454_PCD3D_SM5_8__BC5N_NOCCBN_NOIRIS_DEV_SL___860D73568E999A2F9B714ECF5DB1E4E952BB9B56.udd" 5226
"C:/Users/Brayan/AppData/Local/UnrealEngine/Common/DerivedDataCache/8/3/4/TEXTURE_E01F4250BECD420DA9CE63B5EECEC2C2_OODLE_AUTODXT_11_CA1F9EFB4763FF57D6CB__F28C19F311322D0E481F6BAB2A4DE3E3C6836309.udd" 5227
"C:/Users/Brayan/AppData/Local/UnrealEngine/Common/DerivedDataCache/3/0/0/TEXTURE_E01F4250BECD420DA9CE63B5EECEC2C2_OODLE_AUTODXT_11_CA1F9EFB4763FF57D6CB__89137909F7F250718F79D8B9186A5E5BF20CE2D6.udd" 5228
"C:/Users/Brayan/AppData/Local/UnrealEngine/Common/DerivedDataCache/0/6/2/TEXTURE_E01F4250BECD420DA9CE63B5EECEC2C2_OODLE_AUTODXT_11_CA1F9EFB4763FF57D6CB__6A1473AA6807D17D51E8EE4E21D91DAC9111A775.udd" 5229
"C:/Users/Brayan/AppData/Local/UnrealEngine/Common/DerivedDataCache/5/9/1/TEXTURE_E01F4250BECD420DA9CE63B5EECEC2C2_OODLE_AUTODXT_11_CA1F9EFB4763FF57D6CB__F8416694A8DF7BC0728804BE69B05E061450EED9.udd" 5230
"C:/Users/Brayan/AppData/Local/UnrealEngine/Common/DerivedDataCache/5/0/9/TEXTURE_E01F4250BECD420DA9CE63B5EECEC2C2_OODLE_AUTODXT_11_CA1F9EFB4763FF57D6CB__5E6BB98378DFBB45E25B413937203D498F114F12.udd" 5231
"C:/Users/Brayan/AppData/Local/UnrealEngine/Common/DerivedDataCache/9/5/8/TEXTURE_E01F4250BECD420DA9CE63B5EECEC2C2_OODLE_BC5_11_52D0CB774E4F72616A18A691__2595F8E689181CA7011E17718CD0B10478114584.udd" 5232
"C:/Users/Brayan/AppData/Local/UnrealEngine/Common/DerivedDataCache/4/4/1/TEXTURE_E01F4250BECD420DA9CE63B5EECEC2C2_OODLE_BC5_11_52D0CB774E4F72616A18A691__7AD2DF02DB3349B23ABA52AA57A6AD03E59FD319.udd" 5233
"C:/Users/Brayan/AppData/Local/UnrealEngine/Common/DerivedDataCache/4/4/3/TEXTURE_E01F4250BECD420DA9CE63B5EECEC2C2_OODLE_BC5_11_52D0CB774E4F72616A18A691__6E7B3D216D343EF8CA7ED24C7ED9336C934BA413.udd" 5234
"C:/Users/Brayan/AppData/Local/UnrealEngine/Common/DerivedDataCache/2/9/3/TEXTURE_E01F4250BECD420DA9CE63B5EECEC2C2_OODLE_BC5_11_52D0CB774E4F72616A18A691__F67694CB854072D1376C4B5AA1FB6D93736D1A6A.udd" 5235
"C:/Users/Brayan/AppData/Local/UnrealEngine/Common/DerivedDataCache/9/1/8/TEXTURE_E01F4250BECD420DA9CE63B5EECEC2C2_OODLE_BC5_11_52D0CB774E4F72616A18A691__4EEF3F481F7748B121062DD14AD949FFBD810151.udd" 5236
"C:/Users/Brayan/AppData/Local/UnrealEngine/Common/DerivedDataCache/9/8/0/TEXTURE_E01F4250BECD420DA9CE63B5EECEC2C2_OODLE_AUTODXT_11_CFDB115647671857FCA6__3A1AB466DB81DD27A6B2DA1B9B61735225F5174D.udd" 5237
"C:/Users/Brayan/AppData/Local/UnrealEngine/Common/DerivedDataCache/8/2/1/TEXTURE_E01F4250BECD420DA9CE63B5EECEC2C2_OODLE_AUTODXT_11_CFDB115647671857FCA6__E86BF18DD3CAB2BE3426687976416C752101B2C0.udd" 5238
"C:/Users/Brayan/AppData/Local/UnrealEngine/Common/DerivedDataCache/1/7/1/TEXTURE_E01F4250BECD420DA9CE63B5EECEC2C2_OODLE_AUTODXT_11_CFDB115647671857FCA6__7289BBC7E9AC153DB00424438DFDAC0E51A497DE.udd" 5239
"C:/Users/Brayan/AppData/Local/UnrealEngine/Common/DerivedDataCache/4/4/4/TEXTURE_E01F4250BECD420DA9CE63B5EECEC2C2_OODLE_AUTODXT_11_CFDB115647671857FCA6__51285236C1BB5B038C548490C7D9057D6C955A92.udd" 5240
"C:/Users/Brayan/AppData/Local/UnrealEngine/Common/DerivedDataCache/0/2/9/TEXTURE_E01F4250BECD420DA9CE63B5EECEC2C2_OODLE_AUTODXT_11_CFDB115647671857FCA6__1163D5547365D6005648AD866874EF1155ED349C.udd" 5241
"C:/Users/Brayan/AppData/Local/UnrealEngine/Common/DerivedDataCache/6/6/8/MATSM_0BA69734E4FD45E082FA4560DBE25454_PCD3D_SM5_8__BC5N_NOCCBN_NOIRIS_DEV_SL___5996F15AC71606A0D0F74C4BA96367500A5D84FF.udd" 5242
"C:/Users/Brayan/AppData/Local/UnrealEngine/Common/DerivedDataCache/3/9/0/TEXTURE_E01F4250BECD420DA9CE63B5EECEC2C2_OODLE_AUTODXT_11_D3B67DDC4101133B10B8__3CC158C7C3C09D18B81B4E5269DFB0EFD7A1880F.udd" 5243
"C:/Users/Brayan/AppData/Local/UnrealEngine/Common/DerivedDataCache/1/7/6/TEXTURE_E01F4250BECD420DA9CE63B5EECEC2C2_OODLE_AUTODXT_11_D3B67DDC4101133B10B8__0940BFC68339FA0412E43931EC0F7C4356C2049F.udd" 5244
"C:/Users/Brayan/AppData/Local/UnrealEngine/Common/DerivedDataCache/7/5/8/TEXTURE_E01F4250BECD420DA9CE63B5EECEC2C2_OODLE_AUTODXT_11_D3B67DDC4101133B10B8__C39B88EE1550F26CE41A4766A7E9328AF5FB8383.udd" 5245
"C:/Users/Brayan/AppData/Local/UnrealEngine/Common/DerivedDataCache/0/6/5/TEXTURE_E01F4250BECD420DA9CE63B5EECEC2C2_OODLE_AUTODXT_11_D3B67DDC4101133B10B8__C272688C0B2AE3A755A36B754DBBDEAE7012A891.udd" 5246
"C:/Users/Brayan/AppData/Local/UnrealEngine/Common/DerivedDataCache/8/5/8/TEXTURE_E01F4250BECD420DA9CE63B5EECEC2C2_OODLE_AUTODXT_11_D3B67DDC4101133B10B8__15E039866FE13D3359A6414F834FAD489E8D922D.udd" 5247
"C:/Users/Brayan/AppData/Local/UnrealEngine/Common/DerivedDataCache/7/5/6/TEXTURE_E01F4250BECD420DA9CE63B5EECEC2C2_OODLE_BC5_11_96B013D2483D006AD7D9A399__FCD727CB10B8562D521CE32909DD3E9B0B236D44.udd" 5248
"C:/Users/Brayan/AppData/Local/UnrealEngine/Common/DerivedDataCache/1/9/3/TEXTURE_E01F4250BECD420DA9CE63B5EECEC2C2_OODLE_BC5_11_96B013D2483D006AD7D9A399__57185154D56BC10EC9B32565A0F6400EF06A6BBC.udd" 5249
"C:/Users/Brayan/AppData/Local/UnrealEngine/Common/DerivedDataCache/8/5/7/TEXTURE_E01F4250BECD420DA9CE63B5EECEC2C2_OODLE_BC5_11_96B013D2483D006AD7D9A399__B4035717C4D3AC96B7EF7E92B621EC74B0884D4C.udd" 5250
"C:/Users/Brayan/AppData/Local/UnrealEngine/Common/DerivedDataCache/9/0/0/TEXTURE_E01F4250BECD420DA9CE63B5EECEC2C2_OODLE_BC5_11_96B013D2483D006AD7D9A399__E57651A12584B3435946390ED97DD488DDE9F19E.udd" 5251
"C:/Users/Brayan/AppData/Local/UnrealEngine/Common/DerivedDataCache/1/7/3/TEXTURE_E01F4250BECD420DA9CE63B5EECEC2C2_OODLE_BC5_11_96B013D2483D006AD7D9A399__4527F192219B860B20DBFF8A3A56BC70AD324ADA.udd" 5252
"C:/Users/Brayan/AppData/Local/UnrealEngine/Common/DerivedDataCache/8/6/1/TEXTURE_E01F4250BECD420DA9CE63B5EECEC2C2_OODLE_AUTODXT_11_B050719348ACD192585A__E932CBB4DA2D6D1CC99607CF95D3772045475289.udd" 5253
"C:/Users/Brayan/AppData/Local/UnrealEngine/Common/DerivedDataCache/9/1/5/TEXTURE_E01F4250BECD420DA9CE63B5EECEC2C2_OODLE_AUTODXT_11_B050719348ACD192585A__CD231D4C4F4E54250A1C77A97F59E35CC03C8454.udd" 5254
"C:/Users/Brayan/AppData/Local/UnrealEngine/Common/DerivedDataCache/3/2/1/TEXTURE_E01F4250BECD420DA9CE63B5EECEC2C2_OODLE_AUTODXT_11_B050719348ACD192585A__F369D6B1C2F07B7CAF7CC2D2F702704D2FBB939F.udd" 5255
"C:/Users/Brayan/AppData/Local/UnrealEngine/Common/DerivedDataCache/6/2/3/TEXTURE_E01F4250BECD420DA9CE63B5EECEC2C2_OODLE_AUTODXT_11_B050719348ACD192585A__922F6C4AD9AFD7845C9652400153F50F5B53A26D.udd" 5256
"C:/Users/Brayan/AppData/Local/UnrealEngine/Common/DerivedDataCache/7/3/5/TEXTURE_E01F4250BECD420DA9CE63B5EECEC2C2_OODLE_AUTODXT_11_B050719348ACD192585A__C4181CC2A3217602E4D111EBAC0010C854C0D32C.udd" 5257
"C:/Users/Brayan/AppData/Local/UnrealEngine/Common/DerivedDataCache/5/5/4/MATSM_0BA69734E4FD45E082FA4560DBE25454_PCD3D_SM5_8__BC5N_NOCCBN_NOIRIS_DEV_SL___EAA12F0310C008F984233BE0ECB8B49408B5C3CB.udd" 5258
"C:/Users/Brayan/AppData/Local/UnrealEngine/Common/DerivedDataCache/3/3/8/MATSM_0BA69734E4FD45E082FA4560DBE25454_PCD3D_SM5_8__BC5N_NOCCBN_NOIRIS_DEV_SL___D4A7C07DEEB9DE16A4E253F48095D79CAD613183.udd" 5259
"C:/Users/Brayan/AppData/Local/UnrealEngine/Common/DerivedDataCache/6/7/7/TEXTURE_E01F4250BECD420DA9CE63B5EECEC2C2_OODLE_AUTODXT_11_16EA5DA746ACFECB18C8__EDB01AF67208FD68281DA370CE2F87B522934899.udd" 5260
"C:/Users/Brayan/AppData/Local/UnrealEngine/Common/DerivedDataCache/0/9/3/TEXTURE_E01F4250BECD420DA9CE63B5EECEC2C2_OODLE_AUTODXT_11_16EA5DA746ACFECB18C8__CF00A3170B9721A13B497350740FDBAF56B87CB1.udd" 5261
"C:/Users/Brayan/AppData/Local/UnrealEngine/Common/DerivedDataCache/9/8/1/TEXTURE_E01F4250BECD420DA9CE63B5EECEC2C2_OODLE_AUTODXT_11_16EA5DA746ACFECB18C8__4FCA754E8726D15BD019535349B184A820901F3E.udd" 5262
"C:/Users/Brayan/AppData/Local/UnrealEngine/Common/DerivedDataCache/2/4/2/TEXTURE_E01F4250BECD420DA9CE63B5EECEC2C2_OODLE_AUTODXT_11_16EA5DA746ACFECB18C8__64CF8904DC1D76F0B7ABEDCDADCD6CA989B2F252.udd" 5263
"C:/Users/Brayan/AppData/Local/UnrealEngine/Common/DerivedDataCache/1/3/9/TEXTURE_E01F4250BECD420DA9CE63B5EECEC2C2_OODLE_AUTODXT_11_16EA5DA746ACFECB18C8__89612731546E43E556055F5A5C826F14B1D9FD23.udd" 5264
"C:/Users/Brayan/AppData/Local/UnrealEngine/Common/DerivedDataCache/3/7/0/TEXTURE_E01F4250BECD420DA9CE63B5EECEC2C2_OODLE_BC5_11_0E2E53094D273C0152218E8D__DC6AD6B36E8853241EB03F1E8B92B73B42BE2F74.udd" 5265
"C:/Users/Brayan/AppData/Local/UnrealEngine/Common/DerivedDataCache/5/8/6/TEXTURE_E01F4250BECD420DA9CE63B5EECEC2C2_OODLE_BC5_11_0E2E53094D273C0152218E8D__E9CDB0664380B2EBEE93C3F77BE3BB0D977B907D.udd" 5266
"C:/Users/Brayan/AppData/Local/UnrealEngine/Common/DerivedDataCache/3/3/6/TEXTURE_E01F4250BECD420DA9CE63B5EECEC2C2_OODLE_BC5_11_0E2E53094D273C0152218E8D__B429132BCBF81F3BFD89AAF20317677FD090BC4B.udd" 5267
"C:/Users/Brayan/AppData/Local/UnrealEngine/Common/DerivedDataCache/8/4/0/TEXTURE_E01F4250BECD420DA9CE63B5EECEC2C2_OODLE_BC5_11_0E2E53094D273C0152218E8D__A08F8319E90E61E15AA5C356860FFD7B0FDEB2FB.udd" 5268
"C:/Users/Brayan/AppData/Local/UnrealEngine/Common/DerivedDataCache/7/3/4/TEXTURE_E01F4250BECD420DA9CE63B5EECEC2C2_OODLE_BC5_11_0E2E53094D273C0152218E8D__4954A4A400F23D40E6FBDDE05A1DC2B4B5C39DEC.udd" 5269
"C:/Users/Brayan/AppData/Local/UnrealEngine/Common/DerivedDataCache/4/7/8/TEXTURE_E01F4250BECD420DA9CE63B5EECEC2C2_OODLE_AUTODXT_11_1EEC2488450A8115E608__46E72AA6EED4C919A4BD17B77FB5522A0506E145.udd" 5270
"C:/Users/Brayan/AppData/Local/UnrealEngine/Common/DerivedDataCache/8/0/9/TEXTURE_E01F4250BECD420DA9CE63B5EECEC2C2_OODLE_AUTODXT_11_1EEC2488450A8115E608__9395E0F60C190A5215F7E6F5475A835978F9BE8F.udd" 5271
"C:/Users/Brayan/AppData/Local/UnrealEngine/Common/DerivedDataCache/0/4/0/TEXTURE_E01F4250BECD420DA9CE63B5EECEC2C2_OODLE_AUTODXT_11_1EEC2488450A8115E608__0CEA7D6AC444C91A65C1AFE16E72BC553DC8C9C8.udd" 5272
"C:/Users/Brayan/AppData/Local/UnrealEngine/Common/DerivedDataCache/8/5/7/TEXTURE_E01F4250BECD420DA9CE63B5EECEC2C2_OODLE_AUTODXT_11_1EEC2488450A8115E608__94EBDA88EFE1A3207A0657E1C38B2A1F72C32896.udd" 5273
"C:/Users/Brayan/AppData/Local/UnrealEngine/Common/DerivedDataCache/7/2/9/TEXTURE_E01F4250BECD420DA9CE63B5EECEC2C2_OODLE_AUTODXT_11_1EEC2488450A8115E608__E71157D15871E901BAAD26D7CC3B5B4993C45AB1.udd" 5274
"C:/Users/Brayan/AppData/Local/UnrealEngine/Common/DerivedDataCache/5/7/2/TEXTURE_E01F4250BECD420DA9CE63B5EECEC2C2_OODLE_AUTODXT_11_208ABDF64062B4840A7A__43CA5C7EA509104B9C4B782DB3BE731BCD84B025.udd" 5275
"C:/Users/Brayan/AppData/Local/UnrealEngine/Common/DerivedDataCache/4/0/7/TEXTURE_E01F4250BECD420DA9CE63B5EECEC2C2_OODLE_AUTODXT_11_208ABDF64062B4840A7A__42482C48F31652F7F7934A05D747253807CE9668.udd" 5276
"C:/Users/Brayan/AppData/Local/UnrealEngine/Common/DerivedDataCache/1/0/7/TEXTURE_E01F4250BECD420DA9CE63B5EECEC2C2_OODLE_AUTODXT_11_208ABDF64062B4840A7A__744CA10279F52AC5719EEE0FE3D1506E681F56A9.udd" 5277
"C:/Users/Brayan/AppData/Local/UnrealEngine/Common/DerivedDataCache/2/5/9/TEXTURE_E01F4250BECD420DA9CE63B5EECEC2C2_OODLE_AUTODXT_11_208ABDF64062B4840A7A__0B1D5BFA0A2FD3DAB45C824362B0F39AE288AA23.udd" 5278
"C:/Users/Brayan/AppData/Local/UnrealEngine/Common/DerivedDataCache/1/3/5/TEXTURE_E01F4250BECD420DA9CE63B5EECEC2C2_OODLE_AUTODXT_11_208ABDF64062B4840A7A__08251105CE1D80FFB96E019E27DEBFADA4E73F34.udd" 5279
"C:/Users/Brayan/AppData/Local/UnrealEngine/Common/DerivedDataCache/9/5/7/MATSM_0BA69734E4FD45E082FA4560DBE25454_PCD3D_SM5_8__BC5N_NOCCBN_NOIRIS_DEV_SL___F60C965E60E804674C83F7462FAF32081DC2B9F0.udd" 5280
"C:/Users/Brayan/AppData/Local/UnrealEngine/Common/DerivedDataCache/0/8/2/TEXTURE_E01F4250BECD420DA9CE63B5EECEC2C2_OODLE_AUTODXT_11_616663F04E6223B4C502__5690CA1E8F894FEDAC66505871643B6D796128C2.udd" 5281
"C:/Users/Brayan/AppData/Local/UnrealEngine/Common/DerivedDataCache/5/8/0/TEXTURE_E01F4250BECD420DA9CE63B5EECEC2C2_OODLE_AUTODXT_11_616663F04E6223B4C502__CB1C82E9A3A952DFCDA15A46D7E8CC48C14A9415.udd" 5282
"C:/Users/Brayan/AppData/Local/UnrealEngine/Common/DerivedDataCache/3/8/3/TEXTURE_E01F4250BECD420DA9CE63B5EECEC2C2_OODLE_AUTODXT_11_616663F04E6223B4C502__D2F9501AD724162BA143C630A5BBBFF48621BC14.udd" 5283
"C:/Users/Brayan/AppData/Local/UnrealEngine/Common/DerivedDataCache/1/6/0/TEXTURE_E01F4250BECD420DA9CE63B5EECEC2C2_OODLE_AUTODXT_11_616663F04E6223B4C502__EFBCBD1F2E2B8FC4C05CDD7B20DFFA48AC1117F6.udd" 5284
"C:/Users/Brayan/AppData/Local/UnrealEngine/Common/DerivedDataCache/9/5/7/TEXTURE_E01F4250BECD420DA9CE63B5EECEC2C2_OODLE_AUTODXT_11_616663F04E6223B4C502__17FEC95DE3184A1FCA032264D0BD246F73901D88.udd" 5285
"C:/Users/Brayan/AppData/Local/UnrealEngine/Common/DerivedDataCache/6/3/7/TEXTURE_E01F4250BECD420DA9CE63B5EECEC2C2_OODLE_BC5_11_EA06D79343864AD33548A69C__BEF664CB08C7454F65C0716955B0E5C5FE137E82.udd" 5286
"C:/Users/Brayan/AppData/Local/UnrealEngine/Common/DerivedDataCache/2/6/8/TEXTURE_E01F4250BECD420DA9CE63B5EECEC2C2_OODLE_BC5_11_EA06D79343864AD33548A69C__A18BBE9C0F499C8BF0F50A55CAD3A322A613B851.udd" 5287
"C:/Users/Brayan/AppData/Local/UnrealEngine/Common/DerivedDataCache/9/1/7/TEXTURE_E01F4250BECD420DA9CE63B5EECEC2C2_OODLE_BC5_11_EA06D79343864AD33548A69C__B3BB2F84798CC91EEDCA3C247C62CB1B16A2E0BE.udd" 5288
"C:/Users/Brayan/AppData/Local/UnrealEngine/Common/DerivedDataCache/0/3/7/TEXTURE_E01F4250BECD420DA9CE63B5EECEC2C2_OODLE_BC5_11_EA06D79343864AD33548A69C__961B8D88A5CB5BAC8DD908075113C17B9973555E.udd" 5289
"C:/Users/Brayan/AppData/Local/UnrealEngine/Common/DerivedDataCache/0/6/2/TEXTURE_E01F4250BECD420DA9CE63B5EECEC2C2_OODLE_BC5_11_EA06D79343864AD33548A69C__CD4E4E334D34C67E58203AA1505C3A3A7C9242DE.udd" 5290
"C:/Users/Brayan/AppData/Local/UnrealEngine/Common/DerivedDataCache/7/3/2/MATSM_0BA69734E4FD45E082FA4560DBE25454_PCD3D_SM5_8__BC5N_NOCCBN_NOIRIS_DEV_SL___7BE421D7A8737F3FE7E6B576A8D06510F089E5B8.udd" 5291
"C:/Users/Brayan/AppData/Local/UnrealEngine/Common/DerivedDataCache/3/0/8/MATSM_0BA69734E4FD45E082FA4560DBE25454_PCD3D_SM5_8__BC5N_NOCCBN_NOIRIS_DEV_SL___8C6EE0D1AF94D44E1ACD556D0982AF01410C4914.udd" 5292
"C:/Users/Brayan/AppData/Local/UnrealEngine/Common/DerivedDataCache/2/8/8/TEXTURE_E01F4250BECD420DA9CE63B5EECEC2C2_OODLE_AUTODXT_11_2AB6FA2F4D1822536D87__923FAE82254E10E500930FBEBB79112C74015892.udd" 5293
"C:/Users/Brayan/AppData/Local/UnrealEngine/Common/DerivedDataCache/7/6/5/TEXTURE_E01F4250BECD420DA9CE63B5EECEC2C2_OODLE_AUTODXT_11_2AB6FA2F4D1822536D87__12FBDCD8DB0FCDA8933CF07DA18DDFFA6C0D8A6E.udd" 5294
"C:/Users/Brayan/AppData/Local/UnrealEngine/Common/DerivedDataCache/4/0/7/TEXTURE_E01F4250BECD420DA9CE63B5EECEC2C2_OODLE_AUTODXT_11_604C9FE442B0690DB250__0786826F04968CC8175D4E9809EDD1339A2345A6.udd" 5295
"C:/Users/Brayan/AppData/Local/UnrealEngine/Common/DerivedDataCache/4/5/1/TEXTURE_E01F4250BECD420DA9CE63B5EECEC2C2_OODLE_AUTODXT_11_2AB6FA2F4D1822536D87__5557ACDD40D0CDDEDF52F5CC4BFA5C3C2D092D25.udd" 5296
"C:/Users/Brayan/AppData/Local/UnrealEngine/Common/DerivedDataCache/0/7/1/TEXTURE_E01F4250BECD420DA9CE63B5EECEC2C2_OODLE_AUTODXT_11_2AB6FA2F4D1822536D87__D70493DFBC23459C796DD21CDF056D28D92A6A6F.udd" 5297
"C:/Users/Brayan/AppData/Local/UnrealEngine/Common/DerivedDataCache/5/2/4/TEXTURE_E01F4250BECD420DA9CE63B5EECEC2C2_OODLE_AUTODXT_11_118E34084B0C68101678__B363772B7365B733A4ACF7DCDB73AE7193181771.udd" 5298
"C:/Users/Brayan/AppData/Local/UnrealEngine/Common/DerivedDataCache/3/0/1/TEXTURE_E01F4250BECD420DA9CE63B5EECEC2C2_OODLE_AUTODXT_11_604C9FE442B0690DB250__3CB5E8D42FBAA5B4C3EB46A59438697F1F532D37.udd" 5299
"C:/Users/Brayan/AppData/Local/UnrealEngine/Common/DerivedDataCache/3/0/8/TEXTURE_E01F4250BECD420DA9CE63B5EECEC2C2_OODLE_AUTODXT_11_604C9FE442B0690DB250__D1454DB9B92F3D1F99B76E211906EF356846D1D8.udd" 5300
"C:/Users/Brayan/AppData/Local/UnrealEngine/Common/DerivedDataCache/2/6/4/TEXTURE_E01F4250BECD420DA9CE63B5EECEC2C2_OODLE_AUTODXT_11_E29E20064ED59C00B8DF__120F675A0BF4E9A2A03F6969D6E40D94D6CFD5C0.udd" 5301
"C:/Users/Brayan/AppData/Local/UnrealEngine/Common/DerivedDataCache/7/9/5/TEXTURE_E01F4250BECD420DA9CE63B5EECEC2C2_OODLE_AUTODXT_11_118E34084B0C68101678__C84DD972946D6B5473F95A42E0997FD5917FD6ED.udd" 5302
"C:/Users/Brayan/AppData/Local/UnrealEngine/Common/DerivedDataCache/1/8/1/TEXTURE_E01F4250BECD420DA9CE63B5EECEC2C2_OODLE_AUTODXT_11_E29E20064ED59C00B8DF__FB9BAB70C29EE56D369A632ED3608DD26938D52D.udd" 5303
"C:/Users/Brayan/AppData/Local/UnrealEngine/Common/DerivedDataCache/2/5/1/TEXTURE_E01F4250BECD420DA9CE63B5EECEC2C2_OODLE_AUTODXT_11_118E34084B0C68101678__C555050C567BE635827F4B4FA112DA43DC31B189.udd" 5304
"C:/Users/Brayan/AppData/Local/UnrealEngine/Common/DerivedDataCache/3/6/7/TEXTURE_E01F4250BECD420DA9CE63B5EECEC2C2_OODLE_AUTODXT_11_88DDB89745B92A45710F__54FF983327761267D644F5E7953644C164B72FB1.udd" 5305
"C:/Users/Brayan/AppData/Local/UnrealEngine/Common/DerivedDataCache/8/9/4/TEXTURE_E01F4250BECD420DA9CE63B5EECEC2C2_OODLE_AUTODXT_11_604C9FE442B0690DB250__3DFC66FB732CBB6DF1434298AFFA0BE0DDDA538B.udd" 5306
"C:/Users/Brayan/AppData/Local/UnrealEngine/Common/DerivedDataCache/3/2/8/TEXTURE_E01F4250BECD420DA9CE63B5EECEC2C2_OODLE_AUTODXT_11_372DE1154F5780F5C48F__AA31E1D62E8D4E19372B2028897D3BF688F29FCA.udd" 5307
"C:/Users/Brayan/AppData/Local/UnrealEngine/Common/DerivedDataCache/9/3/4/TEXTURE_E01F4250BECD420DA9CE63B5EECEC2C2_OODLE_AUTODXT_11_118E34084B0C68101678__994D0523A9E1D9FED3C000FAC09F9A749860D58C.udd" 5308
"C:/Users/Brayan/AppData/Local/UnrealEngine/Common/DerivedDataCache/2/9/1/TEXTURE_E01F4250BECD420DA9CE63B5EECEC2C2_OODLE_AUTODXT_11_E29E20064ED59C00B8DF__4EF1F2C998A0AD62AD67B5188D3CFA6A932C90CC.udd" 5309
"C:/Users/Brayan/AppData/Local/UnrealEngine/Common/DerivedDataCache/8/3/4/TEXTURE_E01F4250BECD420DA9CE63B5EECEC2C2_OODLE_AUTODXT_11_88DDB89745B92A45710F__14354997BEB159F868EDE6364722318B7F7E5BE6.udd" 5310
"C:/Users/Brayan/AppData/Local/UnrealEngine/Common/DerivedDataCache/5/7/1/TEXTURE_E01F4250BECD420DA9CE63B5EECEC2C2_OODLE_AUTODXT_11_88DDB89745B92A45710F__6B441E6D6D735EEEB4C1C071D0E707737ED6B1E1.udd" 5311
"C:/Users/Brayan/AppData/Local/UnrealEngine/Common/DerivedDataCache/9/4/6/TEXTURE_E01F4250BECD420DA9CE63B5EECEC2C2_OODLE_AUTODXT_11_372DE1154F5780F5C48F__7622106A03F017AED8D5F0207853D23B51EC1EBC.udd" 5312
"C:/Users/Brayan/AppData/Local/UnrealEngine/Common/DerivedDataCache/3/9/6/TEXTURE_E01F4250BECD420DA9CE63B5EECEC2C2_OODLE_AUTODXT_11_11ACAAF244A5B4012EC9__A7A1E0A0A1D20A83430FEE0DFD4D66657FD33403.udd" 5313
"C:/Users/Brayan/AppData/Local/UnrealEngine/Common/DerivedDataCache/7/7/1/TEXTURE_E01F4250BECD420DA9CE63B5EECEC2C2_OODLE_AUTODXT_11_4171BCFF4AD28A21F00B__858C86BB640EB854957CD58D999F516D347FB514.udd" 5314
"C:/Users/Brayan/AppData/Local/UnrealEngine/Common/DerivedDataCache/3/1/7/TEXTURE_E01F4250BECD420DA9CE63B5EECEC2C2_OODLE_AUTODXT_11_0A6D7B1C4F745725EC77__A2BF051C4AED93949F7A89FA1665B9136AA71A0B.udd" 5315
"C:/Users/Brayan/AppData/Local/UnrealEngine/Common/DerivedDataCache/5/2/2/TEXTURE_E01F4250BECD420DA9CE63B5EECEC2C2_OODLE_AUTODXT_11_11ACAAF244A5B4012EC9__A7BBB817A231DDBB8D4A3815ED0192B6C82DE747.udd" 5316
"C:/Users/Brayan/AppData/Local/UnrealEngine/Common/DerivedDataCache/8/4/9/TEXTURE_E01F4250BECD420DA9CE63B5EECEC2C2_OODLE_AUTODXT_11_4171BCFF4AD28A21F00B__D8EFC3F4F92ED4898F49EF1BD5F23400A77B4F20.udd" 5317
"C:/Users/Brayan/AppData/Local/UnrealEngine/Common/DerivedDataCache/9/8/8/TEXTURE_E01F4250BECD420DA9CE63B5EECEC2C2_OODLE_AUTODXT_11_4171BCFF4AD28A21F00B__D974F9D1EB3255C925BDABC817F6B7AB8E8AA305.udd" 5318
"C:/Users/Brayan/AppData/Local/UnrealEngine/Common/DerivedDataCache/4/6/7/TEXTURE_E01F4250BECD420DA9CE63B5EECEC2C2_OODLE_AUTODXT_11_4171BCFF4AD28A21F00B__3DAE0EE9C94D8FE77A91F51B29764042FEA74475.udd" 5319
"C:/Users/Brayan/AppData/Local/UnrealEngine/Common/DerivedDataCache/2/3/8/TEXTURE_E01F4250BECD420DA9CE63B5EECEC2C2_OODLE_AUTODXT_11_4171BCFF4AD28A21F00B__212A7AE17C227F591946CA2DE33DB139A2BB9C3D.udd" 5320
"C:/Users/Brayan/AppData/Local/UnrealEngine/Common/DerivedDataCache/1/0/3/TEXTURE_E01F4250BECD420DA9CE63B5EECEC2C2_OODLE_AUTODXT_11_B059874244AE28CCDC0F__C98234352B494B69102B65B9A178C78DBFD0FF2E.udd" 5321
"C:/Users/Brayan/AppData/Local/UnrealEngine/Common/DerivedDataCache/0/4/8/TEXTURE_E01F4250BECD420DA9CE63B5EECEC2C2_OODLE_AUTODXT_11_0A6D7B1C4F745725EC77__70F4B7014731D467FAC7CD7C64DC5B6153F75432.udd" 5322
"C:/Users/Brayan/AppData/Local/UnrealEngine/Common/DerivedDataCache/1/4/2/TEXTURE_E01F4250BECD420DA9CE63B5EECEC2C2_OODLE_AUTODXT_11_0A6D7B1C4F745725EC77__5FFFEA7047C531D20BFBD90A4D07D7092B77B0D7.udd" 5323
"C:/Users/Brayan/AppData/Local/UnrealEngine/Common/DerivedDataCache/9/6/9/TEXTURE_E01F4250BECD420DA9CE63B5EECEC2C2_OODLE_AUTODXT_11_0A6D7B1C4F745725EC77__B4A1C757FEA24136428CD94C5D249052D2FD4639.udd" 5324
"C:/Users/Brayan/AppData/Local/UnrealEngine/Common/DerivedDataCache/4/7/8/TEXTURE_E01F4250BECD420DA9CE63B5EECEC2C2_OODLE_AUTODXT_11_0A6D7B1C4F745725EC77__70DC1EA19C1484D8B93FF7B9E6327507644CE7AE.udd" 5325
"C:/Users/Brayan/AppData/Local/UnrealEngine/Common/DerivedDataCache/4/4/0/TEXTURE_E01F4250BECD420DA9CE63B5EECEC2C2_OODLE_AUTODXT_11_B059874244AE28CCDC0F__2B3554E3D32D2D8931B23655FD176243314FC5EC.udd" 5326
"C:/Users/Brayan/AppData/Local/UnrealEngine/Common/DerivedDataCache/2/0/0/TEXTURE_E01F4250BECD420DA9CE63B5EECEC2C2_OODLE_AUTODXT_11_B059874244AE28CCDC0F__F1297744B9A2D553FF907E1600F770666585C6E0.udd" 5327
"C:/Users/Brayan/AppData/Local/UnrealEngine/Common/DerivedDataCache/0/2/4/TEXTURE_E01F4250BECD420DA9CE63B5EECEC2C2_OODLE_AUTODXT_11_78B78E0746EE2596EDA7__235A32E75DD3D30B070CFD3D26AEF0DFF454DCC1.udd" 5328
"C:/Users/Brayan/AppData/Local/UnrealEngine/Common/DerivedDataCache/4/6/8/TEXTURE_E01F4250BECD420DA9CE63B5EECEC2C2_OODLE_AUTODXT_11_B059874244AE28CCDC0F__72B475C875CD92C706F926D122F0ED9323CC62B3.udd" 5329
"C:/Users/Brayan/AppData/Local/UnrealEngine/Common/DerivedDataCache/9/5/0/TEXTURE_E01F4250BECD420DA9CE63B5EECEC2C2_OODLE_AUTODXT_11_78B78E0746EE2596EDA7__FE9E69EDF145DF1E993AEDF136F777EDD76A6B83.udd" 5330
"C:/Users/Brayan/AppData/Local/UnrealEngine/Common/DerivedDataCache/1/8/7/TEXTURE_E01F4250BECD420DA9CE63B5EECEC2C2_OODLE_AUTODXT_11_F7FB78BA46CF5F897CA4__610E6338C8E385C507A2FD7F65B431A44D833E37.udd" 5331
"C:/Users/Brayan/AppData/Local/UnrealEngine/Common/DerivedDataCache/9/5/4/TEXTURE_E01F4250BECD420DA9CE63B5EECEC2C2_OODLE_AUTODXT_11_78B78E0746EE2596EDA7__5A3D3CC2EB3AC0A09B992611F455A3D9DCD7DC6B.udd" 5332
"C:/Users/Brayan/AppData/Local/UnrealEngine/Common/DerivedDataCache/0/3/8/TEXTURE_E01F4250BECD420DA9CE63B5EECEC2C2_OODLE_AUTODXT_11_1014521741A8DE44CA3D__F1D3D8E64D84B240ED5AC2A559340402512BBCD2.udd" 5333
"C:/Users/Brayan/AppData/Local/UnrealEngine/Common/DerivedDataCache/2/2/7/TEXTURE_E01F4250BECD420DA9CE63B5EECEC2C2_OODLE_AUTODXT_11_1014521741A8DE44CA3D__29FF33DD7921051FDA856E3F92761B4C9A71FB9D.udd" 5334
"C:/Users/Brayan/AppData/Local/UnrealEngine/Common/DerivedDataCache/4/7/5/TEXTURE_E01F4250BECD420DA9CE63B5EECEC2C2_OODLE_AUTODXT_11_1014521741A8DE44CA3D__14C39BD56CFFCBF76DAA0CFC217239106F643328.udd" 5335
"C:/Users/Brayan/AppData/Local/UnrealEngine/Common/DerivedDataCache/8/2/0/TEXTURE_E01F4250BECD420DA9CE63B5EECEC2C2_OODLE_AUTODXT_11_F7FB78BA46CF5F897CA4__00A1358B93A5D2C086F7B1B3FC0AF68E83F8F913.udd" 5336
"C:/Users/Brayan/AppData/Local/UnrealEngine/Common/DerivedDataCache/1/2/7/TEXTURE_E01F4250BECD420DA9CE63B5EECEC2C2_OODLE_AUTODXT_11_3DB7FC6646F5D3EC7566__932121D1861488DAD9D4D166F5A2DF9C56277736.udd" 5337
"C:/Users/Brayan/AppData/Local/UnrealEngine/Common/DerivedDataCache/9/8/5/TEXTURE_E01F4250BECD420DA9CE63B5EECEC2C2_OODLE_AUTODXT_11_46075DAD4D2DFE0B7FA5__1518A3655AEC34B4D3592512FC4BC9C5E532A5AF.udd" 5338
"C:/Users/Brayan/AppData/Local/UnrealEngine/Common/DerivedDataCache/0/3/0/TEXTURE_E01F4250BECD420DA9CE63B5EECEC2C2_OODLE_AUTODXT_11_1014521741A8DE44CA3D__710D769F415E55D839E56D52291F583DAEB7CD31.udd" 5339
"C:/Users/Brayan/AppData/Local/UnrealEngine/Common/DerivedDataCache/4/4/6/TEXTURE_E01F4250BECD420DA9CE63B5EECEC2C2_OODLE_AUTODXT_11_78B78E0746EE2596EDA7__02B9CC65AD5C754C2D2A311BA875F7296A168CB8.udd" 5340
"C:/Users/Brayan/AppData/Local/UnrealEngine/Common/DerivedDataCache/8/4/6/TEXTURE_E01F4250BECD420DA9CE63B5EECEC2C2_OODLE_AUTODXT_11_F7FB78BA46CF5F897CA4__EEC934D74191A6FE2C9FFB4B3C5A16EBC4455730.udd" 5341
"C:/Users/Brayan/AppData/Local/UnrealEngine/Common/DerivedDataCache/3/8/0/TEXTURE_E01F4250BECD420DA9CE63B5EECEC2C2_OODLE_AUTODXT_11_1014521741A8DE44CA3D__A7AF6360A7FBD261DDB62DF40FBF0EA55591E360.udd" 5342
"C:/Users/Brayan/AppData/Local/UnrealEngine/Common/DerivedDataCache/0/8/8/TEXTURE_E01F4250BECD420DA9CE63B5EECEC2C2_OODLE_AUTODXT_11_3C3B697044158F4E46DB__80592D082BB67F2B9F5ABA2088AD570DFE2C2DBC.udd" 5343
"C:/Users/Brayan/AppData/Local/UnrealEngine/Common/DerivedDataCache/1/8/9/TEXTURE_E01F4250BECD420DA9CE63B5EECEC2C2_OODLE_AUTODXT_11_F7FB78BA46CF5F897CA4__779A14C87A1A7A7520A3CEBAAEE29833104F6B8C.udd" 5344
"C:/Users/Brayan/AppData/Local/UnrealEngine/Common/DerivedDataCache/5/1/1/TEXTURE_E01F4250BECD420DA9CE63B5EECEC2C2_OODLE_AUTODXT_11_3DB7FC6646F5D3EC7566__6FD521305FF9B1E1516BE62056D5931C85708B85.udd" 5345
"C:/Users/Brayan/AppData/Local/UnrealEngine/Common/DerivedDataCache/2/0/6/TEXTURE_E01F4250BECD420DA9CE63B5EECEC2C2_OODLE_AUTODXT_11_3DB7FC6646F5D3EC7566__9D58CB1FBC036D658C68BEDB74C8DB96C9182312.udd" 5346
"C:/Users/Brayan/AppData/Local/UnrealEngine/Common/DerivedDataCache/4/1/1/TEXTURE_E01F4250BECD420DA9CE63B5EECEC2C2_OODLE_AUTODXT_11_46075DAD4D2DFE0B7FA5__EAD49DA735BD6AD779E043FC9D707AEDE7A33784.udd" 5347
"C:/Users/Brayan/AppData/Local/UnrealEngine/Common/DerivedDataCache/4/3/6/TEXTURE_E01F4250BECD420DA9CE63B5EECEC2C2_OODLE_AUTODXT_11_3DB7FC6646F5D3EC7566__385A2ADD0FA4F53B87C63E151EFEE5FDABC4A29F.udd" 5348
"C:/Users/Brayan/AppData/Local/UnrealEngine/Common/DerivedDataCache/2/8/9/TEXTURE_E01F4250BECD420DA9CE63B5EECEC2C2_OODLE_AUTODXT_11_3DB7FC6646F5D3EC7566__3713B3595231562AB5AAC42DFA58717ADE8B754A.udd" 5349
"C:/Users/Brayan/AppData/Local/UnrealEngine/Common/DerivedDataCache/2/8/8/TEXTURE_E01F4250BECD420DA9CE63B5EECEC2C2_OODLE_AUTODXT_11_4713F29749E704783275__C9E96CB0B4735A872BDCD776786E18AE64EA39BC.udd" 5350
"C:/Users/Brayan/AppData/Local/UnrealEngine/Common/DerivedDataCache/1/4/1/TEXTURE_E01F4250BECD420DA9CE63B5EECEC2C2_OODLE_AUTODXT_11_3C3B697044158F4E46DB__87FEA265AC5BF06DEDCF4F79661633A2CCA5FAC5.udd" 5351
"C:/Users/Brayan/AppData/Local/UnrealEngine/Common/DerivedDataCache/5/1/6/TEXTURE_E01F4250BECD420DA9CE63B5EECEC2C2_OODLE_AUTODXT_11_A6A6F9D9492490383FB7__81911F7A40BA94536F6E63AD161064A94C731CB6.udd" 5352
"C:/Users/Brayan/AppData/Local/UnrealEngine/Common/DerivedDataCache/9/9/4/TEXTURE_E01F4250BECD420DA9CE63B5EECEC2C2_OODLE_AUTODXT_11_8B7CC418466F35377CB4__F1F4572A007AEDB83E489D85930FF138C78BF712.udd" 5353
"C:/Users/Brayan/AppData/Local/UnrealEngine/Common/DerivedDataCache/8/7/5/TEXTURE_E01F4250BECD420DA9CE63B5EECEC2C2_OODLE_AUTODXT_11_4713F29749E704783275__4F31CA80FA55DEBAE14E1885D65116D02728D8D0.udd" 5354
"C:/Users/Brayan/AppData/Local/UnrealEngine/Common/DerivedDataCache/1/8/2/TEXTURE_E01F4250BECD420DA9CE63B5EECEC2C2_OODLE_AUTODXT_11_A6A6F9D9492490383FB7__3410EB0D757BC4F7DDAD3918BF057E383E7BF024.udd" 5355
"C:/Users/Brayan/AppData/Local/UnrealEngine/Common/DerivedDataCache/0/6/8/TEXTURE_E01F4250BECD420DA9CE63B5EECEC2C2_OODLE_AUTODXT_11_A6A6F9D9492490383FB7__663C6549FCB7B0E21C63FBC4FB06905FB0CA3B84.udd" 5356
"C:/Users/Brayan/AppData/Local/UnrealEngine/Common/DerivedDataCache/8/0/1/TEXTURE_E01F4250BECD420DA9CE63B5EECEC2C2_OODLE_AUTODXT_11_A6A6F9D9492490383FB7__2EB4D6A875EF9565FD7959B4A45F855C1E654A40.udd" 5357
"C:/Users/Brayan/AppData/Local/UnrealEngine/Common/DerivedDataCache/9/4/1/TEXTURE_E01F4250BECD420DA9CE63B5EECEC2C2_OODLE_AUTODXT_11_A6A6F9D9492490383FB7__AE9ECEA61A855DBE89AF01DB90B51102DAAB3287.udd" 5358
"C:/Users/Brayan/AppData/Local/UnrealEngine/Common/DerivedDataCache/3/9/5/TEXTURE_E01F4250BECD420DA9CE63B5EECEC2C2_OODLE_DXT1_11_DB5D7B414BDC0ABA265CC3A__EBF4320022BAB6919FE93960C6455F8BDE9983F9.udd" 5359
"C:/Users/Brayan/AppData/Local/UnrealEngine/Common/DerivedDataCache/2/9/9/TEXTURE_E01F4250BECD420DA9CE63B5EECEC2C2_OODLE_AUTODXT_11_8B7CC418466F35377CB4__B4D1CD284CE0A61C7AC94B77565DA772E145EAE3.udd" 5360
"C:/Users/Brayan/AppData/Local/UnrealEngine/Common/DerivedDataCache/8/7/5/TEXTURE_E01F4250BECD420DA9CE63B5EECEC2C2_OODLE_AUTODXT_11_8B7CC418466F35377CB4__47C350F2AB3C0040579A9DAB93E0C2E879351CE0.udd" 5361
"C:/Users/Brayan/AppData/Local/UnrealEngine/Common/DerivedDataCache/9/8/4/TEXTURE_E01F4250BECD420DA9CE63B5EECEC2C2_OODLE_AUTODXT_11_8B7CC418466F35377CB4__FFA421BA37797659621076BF3521D79714D70546.udd" 5362
"C:/Users/Brayan/AppData/Local/UnrealEngine/Common/DerivedDataCache/3/7/7/TEXTURE_E01F4250BECD420DA9CE63B5EECEC2C2_OODLE_AUTODXT_11_8B7CC418466F35377CB4__DF3EA39BF28045D300748E51B2C159A3D80873CC.udd" 5363
"C:/Users/Brayan/AppData/Local/UnrealEngine/Common/DerivedDataCache/0/6/6/TEXTURE_E01F4250BECD420DA9CE63B5EECEC2C2_OODLE_DXT1_11_A9DF4BFA4ACDB9DEECCCF18__A8F4A088C1BDCEF611AF91ECFBB5F9B473B91CEC.udd" 5364
"C:/Users/Brayan/AppData/Local/UnrealEngine/Common/DerivedDataCache/5/3/0/TEXTURE_E01F4250BECD420DA9CE63B5EECEC2C2_OODLE_DXT1_11_DB5D7B414BDC0ABA265CC3A__B014A6BC13CB1FBDAEB2E1F32ABC1E5727ADA9D6.udd" 5365
"C:/Users/Brayan/AppData/Local/UnrealEngine/Common/DerivedDataCache/9/1/9/TEXTURE_E01F4250BECD420DA9CE63B5EECEC2C2_OODLE_DXT1_11_DB5D7B414BDC0ABA265CC3A__2F37E35A158464C74D32B50AE970B6C367CF3F57.udd" 5366
"C:/Users/Brayan/AppData/Local/UnrealEngine/Common/DerivedDataCache/8/2/4/TEXTURE_E01F4250BECD420DA9CE63B5EECEC2C2_OODLE_DXT1_11_DB5D7B414BDC0ABA265CC3A__B9BA4315134094FA3B2F0C41811E797AF5D0E7A6.udd" 5367
"C:/Users/Brayan/AppData/Local/UnrealEngine/Common/DerivedDataCache/5/3/1/TEXTURE_E01F4250BECD420DA9CE63B5EECEC2C2_OODLE_DXT1_11_2B5A11D846BF108F544D019__3BE5932DFBF614382B2A260EF2783D9CCD02EAC4.udd" 5368
"C:/Users/Brayan/AppData/Local/UnrealEngine/Common/DerivedDataCache/7/2/4/TEXTURE_E01F4250BECD420DA9CE63B5EECEC2C2_OODLE_DXT1_11_A9DF4BFA4ACDB9DEECCCF18__48AE8F77D181274759423AFF4B51A5FD741DBF4C.udd" 5369
"C:/Users/Brayan/AppData/Local/UnrealEngine/Common/DerivedDataCache/6/6/7/TEXTURE_E01F4250BECD420DA9CE63B5EECEC2C2_OODLE_DXT1_11_A9DF4BFA4ACDB9DEECCCF18__3C706CD32CB0E4FCDD3338F1E4DCBE6EE9FB49A9.udd" 5370
"C:/Users/Brayan/AppData/Local/UnrealEngine/Common/DerivedDataCache/9/2/1/TEXTURE_E01F4250BECD420DA9CE63B5EECEC2C2_OODLE_DXT1_11_A9DF4BFA4ACDB9DEECCCF18__DC023DD38F76894AD9F8F806083458E06F8CE15D.udd" 5371
"C:/Users/Brayan/AppData/Local/UnrealEngine/Common/DerivedDataCache/6/1/5/TEXTURE_E01F4250BECD420DA9CE63B5EECEC2C2_OODLE_DXT1_11_2B5A11D846BF108F544D019__CF96E7077AB25E2C4F79B6D5A599A8C3C267E6FB.udd" 5372
"C:/Users/Brayan/AppData/Local/UnrealEngine/Common/DerivedDataCache/0/5/0/TEXTURE_E01F4250BECD420DA9CE63B5EECEC2C2_OODLE_DXT1_11_7DC836034F9E90F7B84E8CB__D010B2D646D0FE14AAC01AA653F162B33DC6DEAF.udd" 5373
"C:/Users/Brayan/AppData/Local/UnrealEngine/Common/DerivedDataCache/1/4/6/TEXTURE_E01F4250BECD420DA9CE63B5EECEC2C2_OODLE_DXT1_11_2B5A11D846BF108F544D019__034607715FD3147EE6CCFCABBE61336C77CD6951.udd" 5374
"C:/Users/Brayan/AppData/Local/UnrealEngine/Common/DerivedDataCache/3/7/3/TEXTURE_E01F4250BECD420DA9CE63B5EECEC2C2_OODLE_DXT1_11_2B5A11D846BF108F544D019__CDBC159D4E1D179632CE089C5EF60C6006CFD2F8.udd" 5375
"C:/Users/Brayan/AppData/Local/UnrealEngine/Common/DerivedDataCache/0/1/2/TEXTURE_E01F4250BECD420DA9CE63B5EECEC2C2_OODLE_DXT1_11_2A7D3F234BCAB9E18FA66A8__50EB61B8880DE224F0B77F4FFA4D34C07FC21837.udd" 5376
"C:/Users/Brayan/AppData/Local/UnrealEngine/Common/DerivedDataCache/8/3/9/TEXTURE_E01F4250BECD420DA9CE63B5EECEC2C2_OODLE_DXT1_11_DD8049A54609A03E83DCABA__6B3DD04F151279FBC4CBC735032788061C3C034E.udd" 5377
"C:/Users/Brayan/AppData/Local/UnrealEngine/Common/DerivedDataCache/2/0/9/TEXTURE_E01F4250BECD420DA9CE63B5EECEC2C2_OODLE_DXT1_11_7DC836034F9E90F7B84E8CB__277084E93AB3E7000FF59BAD704BF4F951517372.udd" 5378
"C:/Users/Brayan/AppData/Local/UnrealEngine/Common/DerivedDataCache/0/4/4/TEXTURE_E01F4250BECD420DA9CE63B5EECEC2C2_OODLE_DXT1_11_7DC836034F9E90F7B84E8CB__E4A581EB75190E9F81D0552287C60CE42206C051.udd" 5379
"C:/Users/Brayan/AppData/Local/UnrealEngine/Common/DerivedDataCache/6/8/0/TEXTURE_E01F4250BECD420DA9CE63B5EECEC2C2_OODLE_DXT1_11_2A7D3F234BCAB9E18FA66A8__E3AD8DDF45DDD866648CF0BB21A1F1EBEA36CAA8.udd" 5380
"C:/Users/Brayan/AppData/Local/UnrealEngine/Common/DerivedDataCache/3/8/6/TEXTURE_E01F4250BECD420DA9CE63B5EECEC2C2_OODLE_DXT1_11_2A7D3F234BCAB9E18FA66A8__122C3C3D4BA36D25D25CAF7467D9F04BC256878C.udd" 5381
"C:/Users/Brayan/AppData/Local/UnrealEngine/Common/DerivedDataCache/1/7/2/TEXTURE_E01F4250BECD420DA9CE63B5EECEC2C2_OODLE_DXT1_11_DD8049A54609A03E83DCABA__4FA6107BEDD8252BD0D5ABDC6DECE3C85C0580DA.udd" 5382
"C:/Users/Brayan/AppData/Local/UnrealEngine/Common/DerivedDataCache/4/0/5/TEXTURE_E01F4250BECD420DA9CE63B5EECEC2C2_OODLE_DXT1_11_4439C05A4D94780642AFBF9__EBFD074ADD420DE23C4471AAD20BFCEB31863B0A.udd" 5383
"C:/Users/Brayan/AppData/Local/UnrealEngine/Common/DerivedDataCache/5/2/4/TEXTURE_E01F4250BECD420DA9CE63B5EECEC2C2_OODLE_DXT1_11_ACA12F8F4F6BA56D73FA789__7848650FAA719DF8FCAE13FC6FC0F858D9BA6C3D.udd" 5384
"C:/Users/Brayan/AppData/Local/UnrealEngine/Common/DerivedDataCache/2/7/0/TEXTURE_E01F4250BECD420DA9CE63B5EECEC2C2_OODLE_DXT1_11_4439C05A4D94780642AFBF9__5084B609CBC82FC8EB2A376A8A46958FA6C002E2.udd" 5385
"C:/Users/Brayan/AppData/Local/UnrealEngine/Common/DerivedDataCache/8/7/5/TEXTURE_E01F4250BECD420DA9CE63B5EECEC2C2_OODLE_DXT1_11_ACA12F8F4F6BA56D73FA789__3D0EFAE1C3B2B6D9EAE9763568DB888F249B230D.udd" 5386
"C:/Users/Brayan/AppData/Local/UnrealEngine/Common/DerivedDataCache/1/1/2/TEXTURE_E01F4250BECD420DA9CE63B5EECEC2C2_OODLE_DXT1_11_ACA12F8F4F6BA56D73FA789__446C6E41C4DB832152A073F1D6AADB02C4F5B0EC.udd" 5387
"C:/Users/Brayan/AppData/Local/UnrealEngine/Common/DerivedDataCache/0/5/8/TEXTURE_E01F4250BECD420DA9CE63B5EECEC2C2_OODLE_DXT1_11_1B6335C44F385CC019A9568__7005C1CE0F7BC545C9F067121029062EB0328ED0.udd" 5388
"C:/Users/Brayan/AppData/Local/UnrealEngine/Common/DerivedDataCache/2/2/7/TEXTURE_E01F4250BECD420DA9CE63B5EECEC2C2_OODLE_DXT1_11_ACA12F8F4F6BA56D73FA789__1EBEC9C4C09776BCB0A9F2446C41267265DC9BC6.udd" 5389
"C:/Users/Brayan/AppData/Local/UnrealEngine/Common/DerivedDataCache/7/1/3/TEXTURE_E01F4250BECD420DA9CE63B5EECEC2C2_OODLE_DXT1_11_ACA12F8F4F6BA56D73FA789__3B8EA6B890F4195B20DF3E5B9E1B70270D8646C6.udd" 5390
"C:/Users/Brayan/AppData/Local/UnrealEngine/Common/DerivedDataCache/3/2/0/TEXTURE_E01F4250BECD420DA9CE63B5EECEC2C2_OODLE_DXT1_11_A19A9D05469E60EF7B28FBA__5CE9C762B98457A9894A5EBED87FD0243D15C264.udd" 5391
"C:/Users/Brayan/AppData/Local/UnrealEngine/Common/DerivedDataCache/1/7/8/TEXTURE_E01F4250BECD420DA9CE63B5EECEC2C2_OODLE_DXT1_11_1B6335C44F385CC019A9568__EB5E1F1A9CB580DAF07EBC9F718B59990F3DDEDF.udd" 5392
"C:/Users/Brayan/AppData/Local/UnrealEngine/Common/DerivedDataCache/1/4/7/TEXTURE_E01F4250BECD420DA9CE63B5EECEC2C2_OODLE_DXT1_11_1B6335C44F385CC019A9568__12E6BCB2476B33F81DC01F3CB09FBC3F8DFD9F22.udd" 5393
"C:/Users/Brayan/AppData/Local/UnrealEngine/Common/DerivedDataCache/2/9/6/TEXTURE_E01F4250BECD420DA9CE63B5EECEC2C2_OODLE_DXT1_11_1B6335C44F385CC019A9568__D6BCFACE3B7EE6D4154E6E0400D30843BBA754D0.udd" 5394
"C:/Users/Brayan/AppData/Local/UnrealEngine/Common/DerivedDataCache/1/9/8/TEXTURE_E01F4250BECD420DA9CE63B5EECEC2C2_OODLE_DXT1_11_1B6335C44F385CC019A9568__D74F769E981415C845A18602F0271F0840F2A620.udd" 5395
"C:/Users/Brayan/AppData/Local/UnrealEngine/Common/DerivedDataCache/2/5/4/TEXTURE_E01F4250BECD420DA9CE63B5EECEC2C2_OODLE_DXT1_11_A19A9D05469E60EF7B28FBA__49E9B906EDFAE2C13299657E9B8E2EB07B8E7011.udd" 5396
"C:/Users/Brayan/AppData/Local/UnrealEngine/Common/DerivedDataCache/7/4/5/TEXTURE_E01F4250BECD420DA9CE63B5EECEC2C2_OODLE_DXT1_11_1CA0620D4AB296CF6DE6858__9FF9D2470CB9ECE360FEACB8DD6DA22A45D4F18A.udd" 5397
"C:/Users/Brayan/AppData/Local/UnrealEngine/Common/DerivedDataCache/0/0/5/TEXTURE_E01F4250BECD420DA9CE63B5EECEC2C2_OODLE_DXT1_11_A19A9D05469E60EF7B28FBA__A64A7D9AE13D900E4FF91EB22826171EAFDD63A1.udd" 5398
"C:/Users/Brayan/AppData/Local/UnrealEngine/Common/DerivedDataCache/4/7/3/TEXTURE_E01F4250BECD420DA9CE63B5EECEC2C2_OODLE_DXT1_11_A19A9D05469E60EF7B28FBA__60D08E41105A2E3EF57FE90A276E81E0B18A666E.udd" 5399
"C:/Users/Brayan/AppData/Local/UnrealEngine/Common/DerivedDataCache/4/3/5/TEXTURE_E01F4250BECD420DA9CE63B5EECEC2C2_OODLE_DXT1_11_0A26E9AC4E91C8C1EDC7269__D61B6539D5A0BD0AB8E593EAB6D998EFAA4DEBAC.udd" 5400
"C:/Users/Brayan/AppData/Local/UnrealEngine/Common/DerivedDataCache/6/5/7/TEXTURE_E01F4250BECD420DA9CE63B5EECEC2C2_OODLE_DXT1_11_1CA0620D4AB296CF6DE6858__FE2A0E5F0B374384B3BC739F0101DAAA14403FFF.udd" 5401
"C:/Users/Brayan/AppData/Local/UnrealEngine/Common/DerivedDataCache/1/1/1/TEXTURE_E01F4250BECD420DA9CE63B5EECEC2C2_OODLE_DXT1_11_1CA0620D4AB296CF6DE6858__AF4111F7DC76A49FE249FDEF70758DB02BBB58DA.udd" 5402
"C:/Users/Brayan/AppData/Local/UnrealEngine/Common/DerivedDataCache/0/7/0/TEXTURE_E01F4250BECD420DA9CE63B5EECEC2C2_OODLE_DXT1_11_1CA0620D4AB296CF6DE6858__BF5072CC9EBB6F8B6065416B4DBEDC4314AB1F1B.udd" 5403
"C:/Users/Brayan/AppData/Local/UnrealEngine/Common/DerivedDataCache/5/1/3/TEXTURE_E01F4250BECD420DA9CE63B5EECEC2C2_OODLE_DXT1_11_0A26E9AC4E91C8C1EDC7269__CD73E9690F3AE19E61705F840670148595AE7ABC.udd" 5404
"C:/Users/Brayan/AppData/Local/UnrealEngine/Common/DerivedDataCache/9/2/4/TEXTURE_E01F4250BECD420DA9CE63B5EECEC2C2_OODLE_DXT1_11_0202ADF945F585515310AD9__85AEE783740A96BF53D3EC928ABE992FF5D18784.udd" 5405
"C:/Users/Brayan/AppData/Local/UnrealEngine/Common/DerivedDataCache/9/2/2/TEXTURE_E01F4250BECD420DA9CE63B5EECEC2C2_OODLE_DXT1_11_0A26E9AC4E91C8C1EDC7269__9C680CAA3C162079A3B5ABE6095EDB9CB9EDD15A.udd" 5406
"C:/Users/Brayan/AppData/Local/UnrealEngine/Common/DerivedDataCache/4/5/6/TEXTURE_E01F4250BECD420DA9CE63B5EECEC2C2_OODLE_DXT1_11_0A26E9AC4E91C8C1EDC7269__F641D8EDC382151678641CBCAD4FE756FF0A506D.udd" 5407
"C:/Users/Brayan/AppData/Local/UnrealEngine/Common/DerivedDataCache/8/8/5/TEXTURE_E01F4250BECD420DA9CE63B5EECEC2C2_OODLE_DXT1_11_C8FFBF9747DEF1B6A934C8B__AA506CF36DB688C68D491AE31723D7AA5A5FCE8A.udd" 5408
"C:/Users/Brayan/AppData/Local/UnrealEngine/Common/DerivedDataCache/8/4/1/TEXTURE_E01F4250BECD420DA9CE63B5EECEC2C2_OODLE_DXT1_11_0202ADF945F585515310AD9__D24FFBC5B8619ACC47FD394D69D7CC3546265F00.udd" 5409
"C:/Users/Brayan/AppData/Local/UnrealEngine/Common/DerivedDataCache/6/9/1/TEXTURE_E01F4250BECD420DA9CE63B5EECEC2C2_OODLE_DXT1_11_0202ADF945F585515310AD9__6B252793F49EF6433DCB128F975398677677E8C3.udd" 5410
"C:/Users/Brayan/AppData/Local/UnrealEngine/Common/DerivedDataCache/2/2/3/TEXTURE_E01F4250BECD420DA9CE63B5EECEC2C2_OODLE_DXT1_11_0202ADF945F585515310AD9__7E49B3A6F2A884D4FE63AF9AA081983383234C49.udd" 5411
"C:/Users/Brayan/AppData/Local/UnrealEngine/Common/DerivedDataCache/4/3/0/TEXTURE_E01F4250BECD420DA9CE63B5EECEC2C2_OODLE_DXT1_11_0202ADF945F585515310AD9__97CDC51004C5A18FC0ECDFDFC480CE83F3F6EAD4.udd" 5412
"C:/Users/Brayan/AppData/Local/UnrealEngine/Common/DerivedDataCache/4/5/2/TEXTURE_E01F4250BECD420DA9CE63B5EECEC2C2_OODLE_DXT1_11_B721C44D43C9AB03EC64F3A__D7795707F012608F835F820DB0343716AAD50604.udd" 5413
"C:/Users/Brayan/AppData/Local/UnrealEngine/Common/DerivedDataCache/2/8/1/TEXTURE_E01F4250BECD420DA9CE63B5EECEC2C2_OODLE_DXT1_11_C8FFBF9747DEF1B6A934C8B__FA9567050F03068840FCE4D4F375AD7BA91DACB6.udd" 5414
"C:/Users/Brayan/AppData/Local/UnrealEngine/Common/DerivedDataCache/2/8/7/TEXTURE_E01F4250BECD420DA9CE63B5EECEC2C2_OODLE_DXT1_11_C8FFBF9747DEF1B6A934C8B__A73D28BC46A3AF9BB1D85B0E1F3C793653B89732.udd" 5415
"C:/Users/Brayan/AppData/Local/UnrealEngine/Common/DerivedDataCache/1/2/4/TEXTURE_E01F4250BECD420DA9CE63B5EECEC2C2_OODLE_DXT1_11_C8FFBF9747DEF1B6A934C8B__3AEBBC80CACF671758082092F47DF07397084662.udd" 5416
"C:/Users/Brayan/AppData/Local/UnrealEngine/Common/DerivedDataCache/7/1/2/TEXTURE_E01F4250BECD420DA9CE63B5EECEC2C2_OODLE_DXT1_11_C8FFBF9747DEF1B6A934C8B__76DBEEEFD9999E9F228CB2DE6F19AE15C0256D97.udd" 5417
"C:/Users/Brayan/AppData/Local/UnrealEngine/Common/DerivedDataCache/8/2/7/TEXTURE_E01F4250BECD420DA9CE63B5EECEC2C2_OODLE_DXT1_11_9C460FBA4461CF112E06F88__ACE04E0640D8EE5717A810D1721241174925B3D2.udd" 5418
"C:/Users/Brayan/AppData/Local/UnrealEngine/Common/DerivedDataCache/8/1/1/TEXTURE_E01F4250BECD420DA9CE63B5EECEC2C2_OODLE_DXT1_11_B721C44D43C9AB03EC64F3A__8D949878CCACCDEEE3303AB1244865B5654E0906.udd" 5419
"C:/Users/Brayan/AppData/Local/UnrealEngine/Common/DerivedDataCache/4/0/3/TEXTURE_E01F4250BECD420DA9CE63B5EECEC2C2_OODLE_DXT1_11_16B978AB42F6751E2ACAF19__BFC9819EDE6A1589115583EF99120BFD6E0F8A11.udd" 5420
"C:/Users/Brayan/AppData/Local/UnrealEngine/Common/DerivedDataCache/6/0/9/TEXTURE_E01F4250BECD420DA9CE63B5EECEC2C2_OODLE_DXT1_11_9C460FBA4461CF112E06F88__C831899D751E6325B40FA8B0B7C008A042F99C14.udd" 5421
"C:/Users/Brayan/AppData/Local/UnrealEngine/Common/DerivedDataCache/5/3/1/TEXTURE_E01F4250BECD420DA9CE63B5EECEC2C2_OODLE_DXT1_11_16B978AB42F6751E2ACAF19__F0AB037B2D0AD3F8BEFFCD7EA8FEFE1F2DFFEA6B.udd" 5422
"C:/Users/Brayan/AppData/Local/UnrealEngine/Common/DerivedDataCache/4/3/9/TEXTURE_E01F4250BECD420DA9CE63B5EECEC2C2_OODLE_DXT1_11_043D9B274FB511661D5B56A__D8AB4936B4F186E7BADD455ED88A524CDB9FEE1F.udd" 5423
"C:/Users/Brayan/AppData/Local/UnrealEngine/Common/DerivedDataCache/2/0/4/TEXTURE_E01F4250BECD420DA9CE63B5EECEC2C2_OODLE_DXT1_11_043D9B274FB511661D5B56A__82D04D786C055BC2BE85679847B17067213C9AA3.udd" 5424
"C:/Users/Brayan/AppData/Local/UnrealEngine/Common/DerivedDataCache/6/8/6/TEXTURE_E01F4250BECD420DA9CE63B5EECEC2C2_OODLE_DXT1_11_043D9B274FB511661D5B56A__DED6F78C0BADA88411A92F00DF4361B0148B840C.udd" 5425
"C:/Users/Brayan/AppData/Local/UnrealEngine/Common/DerivedDataCache/9/5/9/TEXTURE_E01F4250BECD420DA9CE63B5EECEC2C2_OODLE_DXT1_11_043D9B274FB511661D5B56A__922EDAC1DA6F6C1A69A44E548C4CB7174281DE5E.udd" 5426
"C:/Users/Brayan/AppData/Local/UnrealEngine/Common/DerivedDataCache/8/8/7/TEXTURE_E01F4250BECD420DA9CE63B5EECEC2C2_OODLE_DXT1_11_043D9B274FB511661D5B56A__801A12C6226EDE6C53BDB2FBE26FE0DE4C09054C.udd" 5427
"C:/Users/Brayan/AppData/Local/UnrealEngine/Common/DerivedDataCache/0/7/8/TEXTURE_E01F4250BECD420DA9CE63B5EECEC2C2_OODLE_DXT1_11_044E2B724F97EF0C7717C28__50E71BA666591E2C4CF6135669B74C9CFE5CA8EF.udd" 5428
"C:/Users/Brayan/AppData/Local/UnrealEngine/Common/DerivedDataCache/0/5/5/TEXTURE_E01F4250BECD420DA9CE63B5EECEC2C2_G8_C66DD9644BEA2574053F7C9E5A637686_0__29447A98EE81462AFCE4FBFB705ADD0FD94E0D3F.udd" 5429
"C:/Users/Brayan/AppData/Local/UnrealEngine/Common/DerivedDataCache/7/7/1/TEXTURE_E01F4250BECD420DA9CE63B5EECEC2C2_OODLE_DXT1_11_044E2B724F97EF0C7717C28__F10812CD1FD5C9B71266D44D9E04C5423BC6C54D.udd" 5430
"C:/Users/Brayan/AppData/Local/UnrealEngine/Common/DerivedDataCache/7/2/9/TEXTURE_E01F4250BECD420DA9CE63B5EECEC2C2_OODLE_DXT1_11_044E2B724F97EF0C7717C28__BFE7807031AF249ECF11BA6261E5B81F84EF2EA8.udd" 5431
"C:/Users/Brayan/AppData/Local/UnrealEngine/Common/DerivedDataCache/7/2/4/TEXTURE_E01F4250BECD420DA9CE63B5EECEC2C2_OODLE_DXT1_11_044E2B724F97EF0C7717C28__AAB44D953FE058361F5C8F64AFA0059B89BFC1D4.udd" 5432
"C:/Users/Brayan/AppData/Local/UnrealEngine/Common/DerivedDataCache/8/6/8/TEXTURE_E01F4250BECD420DA9CE63B5EECEC2C2_OODLE_DXT1_11_044E2B724F97EF0C7717C28__478EF9424828A22A7B3BCFA5D5D3562A709FF1FE.udd" 5433
"C:/Users/Brayan/AppData/Local/UnrealEngine/Common/DerivedDataCache/1/1/7/TEXTURE_E01F4250BECD420DA9CE63B5EECEC2C2_G8_A9E308894D665CA1EA37F593C9D6F3EF_0__76EDB5A529175B44371A7306B5C412FC9D9E326D.udd" 5434
"C:/Users/Brayan/AppData/Local/UnrealEngine/Common/DerivedDataCache/4/8/8/TEXTURE_E01F4250BECD420DA9CE63B5EECEC2C2_G8_C66DD9644BEA2574053F7C9E5A637686_0__DCA4C3E239094D616E0CFB7BD7E27AAAF84D182E.udd" 5435
"C:/Users/Brayan/AppData/Local/UnrealEngine/Common/DerivedDataCache/8/5/0/TEXTURE_E01F4250BECD420DA9CE63B5EECEC2C2_G8_C66DD9644BEA2574053F7C9E5A637686_0__BB590197EEB034EAAA8ADD76E38C0A64439EC8AE.udd" 5436
"C:/Users/Brayan/AppData/Local/UnrealEngine/Common/DerivedDataCache/1/5/7/TEXTURE_E01F4250BECD420DA9CE63B5EECEC2C2_G8_C66DD9644BEA2574053F7C9E5A637686_0__B327CC7C4282524A7E3C32CDA11A24E422BBF621.udd" 5437
"C:/Users/Brayan/AppData/Local/UnrealEngine/Common/DerivedDataCache/5/3/1/TEXTURE_E01F4250BECD420DA9CE63B5EECEC2C2_G8_C66DD9644BEA2574053F7C9E5A637686_0__546BB47BA07BB643A8171378E8D49C33D896D276.udd" 5438
"C:/Users/Brayan/AppData/Local/UnrealEngine/Common/DerivedDataCache/4/3/6/TEXTURE_E01F4250BECD420DA9CE63B5EECEC2C2_G8_91EBCCE34A892B3DEE81238F16AFCAE0_0__44E7501E144EE48469D6A5B46045DDF81E223125.udd" 5439
"C:/Users/Brayan/AppData/Local/UnrealEngine/Common/DerivedDataCache/2/5/1/TEXTURE_E01F4250BECD420DA9CE63B5EECEC2C2_G8_A9E308894D665CA1EA37F593C9D6F3EF_0__572207B5D8C03B64F3CC772957D824568BCEBF60.udd" 5440
"C:/Users/Brayan/AppData/Local/UnrealEngine/Common/DerivedDataCache/7/6/9/TEXTURE_E01F4250BECD420DA9CE63B5EECEC2C2_G8_A9E308894D665CA1EA37F593C9D6F3EF_0__A9AC6B91E4293578AE47F0C97B0A0665DEF1B698.udd" 5441
"C:/Users/Brayan/AppData/Local/UnrealEngine/Common/DerivedDataCache/4/8/2/TEXTURE_E01F4250BECD420DA9CE63B5EECEC2C2_G8_A9E308894D665CA1EA37F593C9D6F3EF_0__9E59BA1E7B0DB197220B4D680FF033A840CFF3F2.udd" 5442
"C:/Users/Brayan/AppData/Local/UnrealEngine/Common/DerivedDataCache/5/3/6/TEXTURE_E01F4250BECD420DA9CE63B5EECEC2C2_G8_A9E308894D665CA1EA37F593C9D6F3EF_0__CC19BBD7D7D9737B6587F5FA7D48529794468DD8.udd" 5443
"C:/Users/Brayan/AppData/Local/UnrealEngine/Common/DerivedDataCache/9/1/2/TEXTURE_E01F4250BECD420DA9CE63B5EECEC2C2_G8_3B9D350F4463C8EF354FE38090DE2F1C_0__3C4A0DB327742FD4BF843E2053901A1FAC8CC15A.udd" 5444
"C:/Users/Brayan/AppData/Local/UnrealEngine/Common/DerivedDataCache/5/0/9/TEXTURE_E01F4250BECD420DA9CE63B5EECEC2C2_G8_91EBCCE34A892B3DEE81238F16AFCAE0_0__572447F62C0083479FF237D902650A321C6B8834.udd" 5445
"C:/Users/Brayan/AppData/Local/UnrealEngine/Common/DerivedDataCache/8/2/8/TEXTURE_E01F4250BECD420DA9CE63B5EECEC2C2_G8_91EBCCE34A892B3DEE81238F16AFCAE0_0__933078ABCC5C8F17769CD64326C06D8732AE3775.udd" 5446
"C:/Users/Brayan/AppData/Local/UnrealEngine/Common/DerivedDataCache/8/2/8/TEXTURE_E01F4250BECD420DA9CE63B5EECEC2C2_G8_E9C2174E4B2A37E40A9BBD8229C46117_0__9C2B190B8FEE6ECF5B895A05222A5D35A6D5C440.udd" 5447
"C:/Users/Brayan/AppData/Local/UnrealEngine/Common/DerivedDataCache/7/8/5/TEXTURE_E01F4250BECD420DA9CE63B5EECEC2C2_G8_3B9D350F4463C8EF354FE38090DE2F1C_0__DF8C09857EAA5B00BD8CB715C5B7699FAC760618.udd" 5448
"C:/Users/Brayan/AppData/Local/UnrealEngine/Common/DerivedDataCache/4/5/5/TEXTURE_E01F4250BECD420DA9CE63B5EECEC2C2_G8_3B9D350F4463C8EF354FE38090DE2F1C_0__F87F4FA63B40EC590799A356D98CD6EEAAFA81EB.udd" 5449
"C:/Users/Brayan/AppData/Local/UnrealEngine/Common/DerivedDataCache/5/2/6/TEXTURE_E01F4250BECD420DA9CE63B5EECEC2C2_G8_0C03B75F4CB4C3832E814986CC7AF443_0__1A3D8D9B3F08DF14CB2AF42CA1421CE87BA1BABD.udd" 5450
"C:/Users/Brayan/AppData/Local/UnrealEngine/Common/DerivedDataCache/9/8/2/TEXTURE_E01F4250BECD420DA9CE63B5EECEC2C2_G8_AE9C93CE4B39CF4FCE7D69A156BAD937_0__EB559DC91EB6B5662407497776B1E558EB646BC3.udd" 5451
"C:/Users/Brayan/AppData/Local/UnrealEngine/Common/DerivedDataCache/9/2/0/TEXTURE_E01F4250BECD420DA9CE63B5EECEC2C2_G8_0C03B75F4CB4C3832E814986CC7AF443_0__3BD97ED12A89790E1209DE124B6B09077AE416AD.udd" 5452
"C:/Users/Brayan/AppData/Local/UnrealEngine/Common/DerivedDataCache/7/1/3/TEXTURE_E01F4250BECD420DA9CE63B5EECEC2C2_G8_160673ED412170CAF359F7A2B275D0FB_0__03F18593221F4F950D578019F982D923318AE093.udd" 5453
"C:/Users/Brayan/AppData/Local/UnrealEngine/Common/DerivedDataCache/8/5/5/TEXTURE_E01F4250BECD420DA9CE63B5EECEC2C2_G8_AE9C93CE4B39CF4FCE7D69A156BAD937_0__C1BEF0F7DEA67B8ABF5571B2DF1FCC753B68E7A3.udd" 5454
"C:/Users/Brayan/AppData/Local/UnrealEngine/Common/DerivedDataCache/4/4/0/TEXTURE_E01F4250BECD420DA9CE63B5EECEC2C2_G8_E773537E411DF124362CA3BC3A8025DB_0__D19FCA627D1E355D9E7F950EEB1E4FAC4A35026A.udd" 5455
"C:/Users/Brayan/AppData/Local/UnrealEngine/Common/DerivedDataCache/6/7/9/TEXTURE_E01F4250BECD420DA9CE63B5EECEC2C2_G8_7ECAFB294F160E589ED7E3B3F775D7CE_0__79C8CAD7872F2B45C7B91142434291B3F0D8EF44.udd" 5456
"C:/Users/Brayan/AppData/Local/UnrealEngine/Common/DerivedDataCache/7/8/4/TEXTURE_E01F4250BECD420DA9CE63B5EECEC2C2_G8_7ECAFB294F160E589ED7E3B3F775D7CE_0__12CB49A1E48DD62309FAF6E767D0601579497E2D.udd" 5457
"C:/Users/Brayan/AppData/Local/UnrealEngine/Common/DerivedDataCache/3/4/0/TEXTURE_E01F4250BECD420DA9CE63B5EECEC2C2_G8_BAE9AC7F4B5112C086A5D8901509136F_0__C58A3401ECD5A3C87396FE7E91F76FBBD493D25B.udd" 5458
"C:/Users/Brayan/AppData/Local/UnrealEngine/Common/DerivedDataCache/2/1/1/TEXTURE_E01F4250BECD420DA9CE63B5EECEC2C2_G8_7ECAFB294F160E589ED7E3B3F775D7CE_0__90AF1BC4B9D09DC41A3AEE78BCD1928450D1F79E.udd" 5459
"C:/Users/Brayan/AppData/Local/UnrealEngine/Common/DerivedDataCache/9/5/4/TEXTURE_E01F4250BECD420DA9CE63B5EECEC2C2_G8_7ECAFB294F160E589ED7E3B3F775D7CE_0__525D4333BB2850AC5E3D2816EF723DB57E77CAE3.udd" 5460
"C:/Users/Brayan/AppData/Local/UnrealEngine/Common/DerivedDataCache/7/8/3/TEXTURE_E01F4250BECD420DA9CE63B5EECEC2C2_G8_7ECAFB294F160E589ED7E3B3F775D7CE_0__52E0D03E73B6B9DA468BDBEE57213680CB9858CE.udd" 5461
"C:/Users/Brayan/AppData/Local/UnrealEngine/Common/DerivedDataCache/5/2/2/TEXTURE_E01F4250BECD420DA9CE63B5EECEC2C2_G8_BAE9AC7F4B5112C086A5D8901509136F_0__C2A46C999029DE04CE4C8AFDF339C7D087E2A27A.udd" 5462
"C:/Users/Brayan/AppData/Local/UnrealEngine/Common/DerivedDataCache/8/2/9/TEXTURE_E01F4250BECD420DA9CE63B5EECEC2C2_G8_BAE9AC7F4B5112C086A5D8901509136F_0__CC93777FF27A25D26966C88D1EA0852F1045978A.udd" 5463
"C:/Users/Brayan/AppData/Local/UnrealEngine/Common/DerivedDataCache/6/8/4/TEXTURE_E01F4250BECD420DA9CE63B5EECEC2C2_G8_1E0DD4364B2FCCB7C12E208F66B87F56_0__FB4DD4C620F2CCFDB53ACBCC856B7FD102E9226D.udd" 5464
"C:/Users/Brayan/AppData/Local/UnrealEngine/Common/DerivedDataCache/2/6/4/TEXTURE_E01F4250BECD420DA9CE63B5EECEC2C2_G8_BAE9AC7F4B5112C086A5D8901509136F_0__D9B377661993D7B7C6C6F64CE715EFFFCB30F854.udd" 5465
"C:/Users/Brayan/AppData/Local/UnrealEngine/Common/DerivedDataCache/1/3/0/TEXTURE_E01F4250BECD420DA9CE63B5EECEC2C2_G8_BAE9AC7F4B5112C086A5D8901509136F_0__6D25BACFBD2F042793B0F87ABDC3C08C0DD291B3.udd" 5466
"C:/Users/Brayan/AppData/Local/UnrealEngine/Common/DerivedDataCache/4/7/7/TEXTURE_E01F4250BECD420DA9CE63B5EECEC2C2_G8_172A97A546D9E5BE9AEB029CCBC71B5A_0__A871D34F71716A33394838BA0FD29AE3265DDC6C.udd" 5467
"C:/Users/Brayan/AppData/Local/UnrealEngine/Common/DerivedDataCache/9/1/8/TEXTURE_E01F4250BECD420DA9CE63B5EECEC2C2_G8_1E0DD4364B2FCCB7C12E208F66B87F56_0__E9961F31EBFCEAA0B8C2B7D0BA0393593E3E866D.udd" 5468
"C:/Users/Brayan/AppData/Local/UnrealEngine/Common/DerivedDataCache/5/7/7/TEXTURE_E01F4250BECD420DA9CE63B5EECEC2C2_G8_1E0DD4364B2FCCB7C12E208F66B87F56_0__9CEC6C3BF7C3636116A6DFFADD530BFC6BE4A9FD.udd" 5469
"C:/Users/Brayan/AppData/Local/UnrealEngine/Common/DerivedDataCache/5/3/0/TEXTURE_E01F4250BECD420DA9CE63B5EECEC2C2_G8_1E0DD4364B2FCCB7C12E208F66B87F56_0__A69C38097E71CA9608B33A6FFB2F33B215DA8E15.udd" 5470
"C:/Users/Brayan/AppData/Local/UnrealEngine/Common/DerivedDataCache/9/2/7/TEXTURE_E01F4250BECD420DA9CE63B5EECEC2C2_G8_1E0DD4364B2FCCB7C12E208F66B87F56_0__083FB1D2A32AC657F6FD1CB672F74CECD8346808.udd" 5471
"C:/Users/Brayan/AppData/Local/UnrealEngine/Common/DerivedDataCache/8/4/2/TEXTURE_E01F4250BECD420DA9CE63B5EECEC2C2_G8_172A97A546D9E5BE9AEB029CCBC71B5A_0__3007C517204FCDB8E1463C9D77758B094BB78804.udd" 5472
"C:/Users/Brayan/AppData/Local/UnrealEngine/Common/DerivedDataCache/4/9/5/TEXTURE_E01F4250BECD420DA9CE63B5EECEC2C2_G8_172A97A546D9E5BE9AEB029CCBC71B5A_0__FC0BAC20C01BD7E5A8869BB9A155ED5233749B4C.udd" 5473
"C:/Users/Brayan/AppData/Local/UnrealEngine/Common/DerivedDataCache/1/6/7/TEXTURE_E01F4250BECD420DA9CE63B5EECEC2C2_G8_172A97A546D9E5BE9AEB029CCBC71B5A_0__15310021F15518C12E7DE466C25AA58FDC42EF27.udd" 5474
"C:/Users/Brayan/AppData/Local/UnrealEngine/Common/DerivedDataCache/8/7/3/TEXTURE_E01F4250BECD420DA9CE63B5EECEC2C2_G8_172A97A546D9E5BE9AEB029CCBC71B5A_0__AC7717E6144DA38074755B64597EB513F32877EA.udd" 5475
"C:/Users/Brayan/AppData/Local/UnrealEngine/Common/DerivedDataCache/5/9/8/TEXTURE_E01F4250BECD420DA9CE63B5EECEC2C2_G8_73325B41418223EEFFCCB8BEE33FA23B_0__66F8E8DD68F9E6506E3B7EA438EF43F7A08B2F7E.udd" 5476
"C:/Users/Brayan/AppData/Local/UnrealEngine/Common/DerivedDataCache/3/0/5/TEXTURE_E01F4250BECD420DA9CE63B5EECEC2C2_G8_0E2D4542492E14033DB7F2945316FC2E_0__4856F5D08F265F6F86CDFFD3D3B08852158921BF.udd" 5477
"C:/Users/Brayan/AppData/Local/UnrealEngine/Common/DerivedDataCache/2/4/5/TEXTURE_E01F4250BECD420DA9CE63B5EECEC2C2_G8_73325B41418223EEFFCCB8BEE33FA23B_0__6D1DD325E293B72DD40C8150DCA973230E1E2ECB.udd" 5478
"C:/Users/Brayan/AppData/Local/UnrealEngine/Common/DerivedDataCache/3/1/2/TEXTURE_E01F4250BECD420DA9CE63B5EECEC2C2_G8_73325B41418223EEFFCCB8BEE33FA23B_0__F9E22AB1AB5EE351825508DFE8C2883F24E541CC.udd" 5479
"C:/Users/Brayan/AppData/Local/UnrealEngine/Common/DerivedDataCache/2/3/4/TEXTURE_E01F4250BECD420DA9CE63B5EECEC2C2_G8_73325B41418223EEFFCCB8BEE33FA23B_0__133A17044AC5CA278BAAD5863632E320464A22A7.udd" 5480
"C:/Users/Brayan/AppData/Local/UnrealEngine/Common/DerivedDataCache/3/0/3/TEXTURE_E01F4250BECD420DA9CE63B5EECEC2C2_G8_73325B41418223EEFFCCB8BEE33FA23B_0__C391EC7A817F8AA557C8FFF580A6F10DA590C50A.udd" 5481
"C:/Users/Brayan/AppData/Local/UnrealEngine/Common/DerivedDataCache/8/8/9/TEXTURE_E01F4250BECD420DA9CE63B5EECEC2C2_G8_C490881A4FC7A5FCD2C0D5BD533E02C0_0__C98A9483E2B8C00AD0D16112BFAB2E569FE572EC.udd" 5482
"C:/Users/Brayan/AppData/Local/UnrealEngine/Common/DerivedDataCache/0/8/3/TEXTURE_E01F4250BECD420DA9CE63B5EECEC2C2_G8_0E2D4542492E14033DB7F2945316FC2E_0__8D35AC7500673BF32A4DB567E3B01A6DF2A2C76F.udd" 5483
"C:/Users/Brayan/AppData/Local/UnrealEngine/Common/DerivedDataCache/3/1/6/TEXTURE_E01F4250BECD420DA9CE63B5EECEC2C2_G8_0E2D4542492E14033DB7F2945316FC2E_0__B2FF506969171B8776A7511C3D9F14E0D1FB26A0.udd" 5484
"C:/Users/Brayan/AppData/Local/UnrealEngine/Common/DerivedDataCache/1/7/2/TEXTURE_E01F4250BECD420DA9CE63B5EECEC2C2_G8_0E2D4542492E14033DB7F2945316FC2E_0__8AB1194E15DF396E993BEA2300DB2FC0BF5D176E.udd" 5485
"C:/Users/Brayan/AppData/Local/UnrealEngine/Common/DerivedDataCache/6/3/4/TEXTURE_E01F4250BECD420DA9CE63B5EECEC2C2_G8_0E2D4542492E14033DB7F2945316FC2E_0__481AF939A12E80481C8276A8CD95342C06B2A440.udd" 5486
"C:/Users/Brayan/AppData/Local/UnrealEngine/Common/DerivedDataCache/1/3/9/TEXTURE_E01F4250BECD420DA9CE63B5EECEC2C2_G8_769DCC12449245B44D6397925FA98860_0__E90820DA5BD6E98DF05C8A6B93F72AEB09F3067C.udd" 5487
"C:/Users/Brayan/AppData/Local/UnrealEngine/Common/DerivedDataCache/6/6/8/TEXTURE_E01F4250BECD420DA9CE63B5EECEC2C2_G8_C490881A4FC7A5FCD2C0D5BD533E02C0_0__F5CBD342370AF5CA6E1F63D14483B5DBF0626921.udd" 5488
"C:/Users/Brayan/AppData/Local/UnrealEngine/Common/DerivedDataCache/4/3/1/TEXTURE_E01F4250BECD420DA9CE63B5EECEC2C2_G8_C490881A4FC7A5FCD2C0D5BD533E02C0_0__E50145A54EA223BA898A307E007A3FDA4F4B8065.udd" 5489
"C:/Users/Brayan/AppData/Local/UnrealEngine/Common/DerivedDataCache/0/2/5/TEXTURE_E01F4250BECD420DA9CE63B5EECEC2C2_G8_C490881A4FC7A5FCD2C0D5BD533E02C0_0__3B9404EE20D1805D1A396C02F17BBF2BED6608E8.udd" 5490
"C:/Users/Brayan/AppData/Local/UnrealEngine/Common/DerivedDataCache/2/1/8/TEXTURE_E01F4250BECD420DA9CE63B5EECEC2C2_G8_C490881A4FC7A5FCD2C0D5BD533E02C0_0__1BBC85A7C0D9F27342DB213D68166CAB87011649.udd" 5491
"C:/Users/Brayan/AppData/Local/UnrealEngine/Common/DerivedDataCache/2/0/5/TEXTURE_E01F4250BECD420DA9CE63B5EECEC2C2_G8_769DCC12449245B44D6397925FA98860_0__67A5417C776D0ADA5766C1BE0A6BB9217F325274.udd" 5492
"C:/Users/Brayan/AppData/Local/UnrealEngine/Common/DerivedDataCache/5/7/0/TEXTURE_E01F4250BECD420DA9CE63B5EECEC2C2_G8_769DCC12449245B44D6397925FA98860_0__263AE1AE6B4E7368DD1AAE4EE156C77270E8DD9C.udd" 5493
"C:/Users/Brayan/AppData/Local/UnrealEngine/Common/DerivedDataCache/5/1/3/TEXTURE_E01F4250BECD420DA9CE63B5EECEC2C2_G8_769DCC12449245B44D6397925FA98860_0__29F6A0232CADB826FF20AD7705EE42596CC9C179.udd" 5494
"C:/Users/Brayan/AppData/Local/UnrealEngine/Common/DerivedDataCache/7/3/6/TEXTURE_E01F4250BECD420DA9CE63B5EECEC2C2_G8_769DCC12449245B44D6397925FA98860_0__10500E83C7AA93DBA1B860373B4C8B059490065D.udd" 5495
"C:/Users/Brayan/AppData/Local/UnrealEngine/Common/DerivedDataCache/8/5/5/TEXTURE_E01F4250BECD420DA9CE63B5EECEC2C2_OODLE_AUTODXT_11_4796659D48A91B6CC513__8588CA66B990CDD91CD440BC97CFAA0CF76F771B.udd" 5496
"C:/Users/Brayan/AppData/Local/UnrealEngine/Common/DerivedDataCache/6/5/6/TEXTURE_E01F4250BECD420DA9CE63B5EECEC2C2_OODLE_AUTODXT_11_4796659D48A91B6CC513__CE1E6F1D79002380EC914DF2F37A8D03E05711B4.udd" 5497
"C:/Users/Brayan/AppData/Local/UnrealEngine/Common/DerivedDataCache/6/5/9/TEXTURE_E01F4250BECD420DA9CE63B5EECEC2C2_OODLE_AUTODXT_11_4796659D48A91B6CC513__6AF72D6B22674C29BF38326D2D5A32858F9418B1.udd" 5498
"C:/Users/Brayan/AppData/Local/UnrealEngine/Common/DerivedDataCache/6/7/9/TEXTURE_E01F4250BECD420DA9CE63B5EECEC2C2_OODLE_AUTODXT_11_4796659D48A91B6CC513__597018C76790761210A8D840AE2D3D51E5ED42ED.udd" 5499
"C:/Users/Brayan/AppData/Local/UnrealEngine/Common/DerivedDataCache/0/5/1/TEXTURE_E01F4250BECD420DA9CE63B5EECEC2C2_OODLE_AUTODXT_11_4796659D48A91B6CC513__340D80E47756F1C4E26C3C42234349F2C0720124.udd" 5500
"C:/Users/Brayan/AppData/Local/UnrealEngine/Common/DerivedDataCache/2/4/8/TEXTURE_E01F4250BECD420DA9CE63B5EECEC2C2_OODLE_BC5_11_22B7AC2545C6773EB02E80B7__CA5F21B69FA64072F5AD309C142C1835E0EA8622.udd" 5501
"C:/Users/Brayan/AppData/Local/UnrealEngine/Common/DerivedDataCache/5/9/4/TEXTURE_E01F4250BECD420DA9CE63B5EECEC2C2_OODLE_BC5_11_22B7AC2545C6773EB02E80B7__52858D579CDF3016F97E7F1A9EC682084F3C165E.udd" 5502
"C:/Users/Brayan/AppData/Local/UnrealEngine/Common/DerivedDataCache/8/1/6/TEXTURE_E01F4250BECD420DA9CE63B5EECEC2C2_OODLE_BC5_11_22B7AC2545C6773EB02E80B7__6A5373E99F699BB680CD7CE0F8424ABA7E911800.udd" 5503
"C:/Users/Brayan/AppData/Local/UnrealEngine/Common/DerivedDataCache/2/6/2/TEXTURE_E01F4250BECD420DA9CE63B5EECEC2C2_OODLE_BC5_11_22B7AC2545C6773EB02E80B7__82D540FE5D89C365AF7F0A6BA282406B86AF4E15.udd" 5504
"C:/Users/Brayan/AppData/Local/UnrealEngine/Common/DerivedDataCache/8/5/3/TEXTURE_E01F4250BECD420DA9CE63B5EECEC2C2_OODLE_BC5_11_22B7AC2545C6773EB02E80B7__252CD82E87A47B128FD6068BB6BC80E174BBDCE0.udd" 5505
"C:/Users/Brayan/AppData/Local/UnrealEngine/Common/DerivedDataCache/0/7/8/TEXTURE_E01F4250BECD420DA9CE63B5EECEC2C2_OODLE_AUTODXT_11_4794B72A43FA2EE92F5C__B7AE4E19A027DA089DD468478BC208219B0D0B81.udd" 5506
"C:/Users/Brayan/AppData/Local/UnrealEngine/Common/DerivedDataCache/1/8/4/TEXTURE_E01F4250BECD420DA9CE63B5EECEC2C2_OODLE_AUTODXT_11_4794B72A43FA2EE92F5C__5872CAA95900F37FB9930743DD567D5FF2BC9CE1.udd" 5507
"C:/Users/Brayan/AppData/Local/UnrealEngine/Common/DerivedDataCache/4/4/3/TEXTURE_E01F4250BECD420DA9CE63B5EECEC2C2_OODLE_AUTODXT_11_4794B72A43FA2EE92F5C__C18EF0E636D924AA261777136AFA258C863704E7.udd" 5508
"C:/Users/Brayan/AppData/Local/UnrealEngine/Common/DerivedDataCache/3/2/4/TEXTURE_E01F4250BECD420DA9CE63B5EECEC2C2_OODLE_AUTODXT_11_4794B72A43FA2EE92F5C__2BA2BC87E675416D48A10897EE7ABDEF08742690.udd" 5509
"C:/Users/Brayan/AppData/Local/UnrealEngine/Common/DerivedDataCache/1/7/3/TEXTURE_E01F4250BECD420DA9CE63B5EECEC2C2_OODLE_AUTODXT_11_4794B72A43FA2EE92F5C__2008ED1FA79F8135D223E2E79C8D4D2D3D22103A.udd" 5510
"C:/Users/Brayan/AppData/Local/UnrealEngine/Common/DerivedDataCache/0/1/6/MATSM_0BA69734E4FD45E082FA4560DBE25454_PCD3D_SM5_8__BC5N_NOCCBN_NOIRIS_DEV_SL___BCBB4ABA99F8FF2D9C8794D36637DD01321EB93C.udd" 5511
"C:/Users/Brayan/AppData/Local/UnrealEngine/Common/DerivedDataCache/5/7/5/TEXTURE_E01F4250BECD420DA9CE63B5EECEC2C2_OODLE_AUTODXT_11_6FD73F914F0322191E94__16C8661DF858927A6F0350B4FD78667BD0706376.udd" 5512
"C:/Users/Brayan/AppData/Local/UnrealEngine/Common/DerivedDataCache/3/0/4/TEXTURE_E01F4250BECD420DA9CE63B5EECEC2C2_OODLE_AUTODXT_11_6FD73F914F0322191E94__A80AE297D652A44E9EA9FE2D3E6F5694F38D8E3F.udd" 5513
"C:/Users/Brayan/AppData/Local/UnrealEngine/Common/DerivedDataCache/4/5/5/TEXTURE_E01F4250BECD420DA9CE63B5EECEC2C2_OODLE_AUTODXT_11_6FD73F914F0322191E94__D72AF556050761E6E095F83D515709927CFF9D3E.udd" 5514
"C:/Users/Brayan/AppData/Local/UnrealEngine/Common/DerivedDataCache/4/5/2/TEXTURE_E01F4250BECD420DA9CE63B5EECEC2C2_OODLE_AUTODXT_11_6FD73F914F0322191E94__8C06EDDF59CA58F6FFF020A57D0D85A16C60951D.udd" 5515
"C:/Users/Brayan/AppData/Local/UnrealEngine/Common/DerivedDataCache/0/2/6/TEXTURE_E01F4250BECD420DA9CE63B5EECEC2C2_OODLE_AUTODXT_11_6FD73F914F0322191E94__965B02F960CCBCFC2CDFD5F38752CE7129314FFB.udd" 5516
"C:/Users/Brayan/AppData/Local/UnrealEngine/Common/DerivedDataCache/7/7/9/TEXTURE_E01F4250BECD420DA9CE63B5EECEC2C2_OODLE_BC5_11_A56D5CA6435BFBDADE52FB86__4B843CBF719A3D09E2C26D474FE623080674B9F7.udd" 5517
"C:/Users/Brayan/AppData/Local/UnrealEngine/Common/DerivedDataCache/5/0/5/TEXTURE_E01F4250BECD420DA9CE63B5EECEC2C2_OODLE_BC5_11_A56D5CA6435BFBDADE52FB86__2BF94D8340B731D4BFB3DF14251C82BE2C067CDD.udd" 5518
"C:/Users/Brayan/AppData/Local/UnrealEngine/Common/DerivedDataCache/6/1/7/TEXTURE_E01F4250BECD420DA9CE63B5EECEC2C2_OODLE_BC5_11_A56D5CA6435BFBDADE52FB86__1D0D2EB00AF26E55F8F5075CFC9FD10ED181C58D.udd" 5519
"C:/Users/Brayan/AppData/Local/UnrealEngine/Common/DerivedDataCache/5/3/1/TEXTURE_E01F4250BECD420DA9CE63B5EECEC2C2_OODLE_BC5_11_A56D5CA6435BFBDADE52FB86__62E3C59D4879F313DAA28E0793D8787FDC41E48B.udd" 5520
"C:/Users/Brayan/AppData/Local/UnrealEngine/Common/DerivedDataCache/3/0/8/TEXTURE_E01F4250BECD420DA9CE63B5EECEC2C2_OODLE_BC5_11_A56D5CA6435BFBDADE52FB86__3E103CF02763E41EED7270758508B578D493C5A4.udd" 5521
"C:/Users/Brayan/AppData/Local/UnrealEngine/Common/DerivedDataCache/7/1/1/TEXTURE_E01F4250BECD420DA9CE63B5EECEC2C2_OODLE_AUTODXT_11_5D2CBF2A48EF066EEC8B__97E037EC7A1D1D669C114EFD5D9B0F871543E1CC.udd" 5522
"C:/Users/Brayan/AppData/Local/UnrealEngine/Common/DerivedDataCache/0/4/0/TEXTURE_E01F4250BECD420DA9CE63B5EECEC2C2_OODLE_AUTODXT_11_5D2CBF2A48EF066EEC8B__E8A78F95635A2568825B51D41936183B48E896DC.udd" 5523
"C:/Users/Brayan/AppData/Local/UnrealEngine/Common/DerivedDataCache/7/8/6/TEXTURE_E01F4250BECD420DA9CE63B5EECEC2C2_OODLE_AUTODXT_11_5D2CBF2A48EF066EEC8B__A95F73FCA84BA4DF3A8C403E18670B7AFE0260E9.udd" 5524
"C:/Users/Brayan/AppData/Local/UnrealEngine/Common/DerivedDataCache/0/8/1/TEXTURE_E01F4250BECD420DA9CE63B5EECEC2C2_OODLE_AUTODXT_11_5D2CBF2A48EF066EEC8B__D5E2A8C39EEBB4230A2C2229E1B09A5F1ABD483A.udd" 5525
"C:/Users/Brayan/AppData/Local/UnrealEngine/Common/DerivedDataCache/6/5/5/TEXTURE_E01F4250BECD420DA9CE63B5EECEC2C2_OODLE_AUTODXT_11_5D2CBF2A48EF066EEC8B__E692E07A9B3486F04CB63E080761BDE85BAAA4CD.udd" 5526
"C:/Users/Brayan/AppData/Local/UnrealEngine/Common/DerivedDataCache/4/8/1/MATSM_0BA69734E4FD45E082FA4560DBE25454_PCD3D_SM5_8__BC5N_NOCCBN_NOIRIS_DEV_SL___4FC680FE67D618558D2D5E1DCFC87D9D48F23D42.udd" 5527
"C:/Users/Brayan/AppData/Local/UnrealEngine/Common/DerivedDataCache/2/8/0/TEXTURE_E01F4250BECD420DA9CE63B5EECEC2C2_OODLE_AUTODXT_11_C7AED4F547DF82956EEC__D524F9813465BAD8F52EBA76211EC6AB397DBDA1.udd" 5528
"C:/Users/Brayan/AppData/Local/UnrealEngine/Common/DerivedDataCache/8/4/1/TEXTURE_E01F4250BECD420DA9CE63B5EECEC2C2_OODLE_AUTODXT_11_C7AED4F547DF82956EEC__CFA972C31163A0F8BBF20587F4DA4D68AE7D3B25.udd" 5529
"C:/Users/Brayan/AppData/Local/UnrealEngine/Common/DerivedDataCache/0/0/8/TEXTURE_E01F4250BECD420DA9CE63B5EECEC2C2_OODLE_AUTODXT_11_C7AED4F547DF82956EEC__B022B6D46A9E1A1A4263E2D8579065FC9E80643F.udd" 5530
"C:/Users/Brayan/AppData/Local/UnrealEngine/Common/DerivedDataCache/0/6/0/TEXTURE_E01F4250BECD420DA9CE63B5EECEC2C2_OODLE_AUTODXT_11_C7AED4F547DF82956EEC__429A0E273C0612C96F609B4FF79F91B312FF2414.udd" 5531
"C:/Users/Brayan/AppData/Local/UnrealEngine/Common/DerivedDataCache/7/3/4/TEXTURE_E01F4250BECD420DA9CE63B5EECEC2C2_OODLE_AUTODXT_11_C7AED4F547DF82956EEC__31F7DC9D771BB9B78237BA1ECB8189D4A9AF53E1.udd" 5532
"C:/Users/Brayan/AppData/Local/UnrealEngine/Common/DerivedDataCache/6/9/7/TEXTURE_E01F4250BECD420DA9CE63B5EECEC2C2_OODLE_BC5_11_3E7F0FE0492EC9094FE09686__FB6FC1103B32682FC8743B7DCDF98441B234957A.udd" 5533
"C:/Users/Brayan/AppData/Local/UnrealEngine/Common/DerivedDataCache/5/3/9/TEXTURE_E01F4250BECD420DA9CE63B5EECEC2C2_OODLE_BC5_11_3E7F0FE0492EC9094FE09686__359D44C72B9CD9D63CAB0EE79604ECC9A1194075.udd" 5534
"C:/Users/Brayan/AppData/Local/UnrealEngine/Common/DerivedDataCache/7/7/9/TEXTURE_E01F4250BECD420DA9CE63B5EECEC2C2_OODLE_BC5_11_3E7F0FE0492EC9094FE09686__46141163BEC04938CABE225DCDE8BA5B7B9673F9.udd" 5535
"C:/Users/Brayan/AppData/Local/UnrealEngine/Common/DerivedDataCache/9/3/6/TEXTURE_E01F4250BECD420DA9CE63B5EECEC2C2_OODLE_BC5_11_3E7F0FE0492EC9094FE09686__56311C46F7306B525BE59B027F77FE963282D39D.udd" 5536
"C:/Users/Brayan/AppData/Local/UnrealEngine/Common/DerivedDataCache/1/5/7/TEXTURE_E01F4250BECD420DA9CE63B5EECEC2C2_OODLE_BC5_11_3E7F0FE0492EC9094FE09686__F3A6C4429F6F815F1389B8C66835947E0EEB4CE4.udd" 5537
"C:/Users/Brayan/AppData/Local/UnrealEngine/Common/DerivedDataCache/5/7/0/TEXTURE_E01F4250BECD420DA9CE63B5EECEC2C2_OODLE_AUTODXT_11_8F9D889D40098CC5E8C6__F1D1828D764864E2E4AB8B694F85CDCB1263A9DE.udd" 5538
"C:/Users/Brayan/AppData/Local/UnrealEngine/Common/DerivedDataCache/8/8/8/TEXTURE_E01F4250BECD420DA9CE63B5EECEC2C2_OODLE_AUTODXT_11_8F9D889D40098CC5E8C6__FF55556FCE17F2376E45CA482D0F1E0EE982F491.udd" 5539
"C:/Users/Brayan/AppData/Local/UnrealEngine/Common/DerivedDataCache/4/1/9/TEXTURE_E01F4250BECD420DA9CE63B5EECEC2C2_OODLE_AUTODXT_11_8F9D889D40098CC5E8C6__BDF4C83E0356121ECF519E8826D7D971FE18C91B.udd" 5540
"C:/Users/Brayan/AppData/Local/UnrealEngine/Common/DerivedDataCache/9/6/5/TEXTURE_E01F4250BECD420DA9CE63B5EECEC2C2_OODLE_AUTODXT_11_8F9D889D40098CC5E8C6__BDD6DAD4C95DCFAF3831CA3B074E91C95C194CDE.udd" 5541
"C:/Users/Brayan/AppData/Local/UnrealEngine/Common/DerivedDataCache/0/7/4/TEXTURE_E01F4250BECD420DA9CE63B5EECEC2C2_OODLE_AUTODXT_11_8F9D889D40098CC5E8C6__2649A9F04776E09F4717913EC314128F28A6BEEA.udd" 5542
"C:/Users/Brayan/AppData/Local/UnrealEngine/Common/DerivedDataCache/8/0/8/MATSM_0BA69734E4FD45E082FA4560DBE25454_PCD3D_SM5_8__BC5N_NOCCBN_NOIRIS_DEV_SL___8A0536E9631481C3EA6C230C0CD07191023E5A3E.udd" 5543
"C:/Users/Brayan/AppData/Local/UnrealEngine/Common/DerivedDataCache/7/0/7/TEXTURE_E01F4250BECD420DA9CE63B5EECEC2C2_OODLE_AUTODXT_11_9DE21F064501A6CC0841__EFABB5DE768F0BED58384EA5D1B6F8E5ECEC5E21.udd" 5544
"C:/Users/Brayan/AppData/Local/UnrealEngine/Common/DerivedDataCache/0/3/2/TEXTURE_E01F4250BECD420DA9CE63B5EECEC2C2_OODLE_AUTODXT_11_9DE21F064501A6CC0841__EA7FE10D01481C0086BE74A52A8EA5FB283FD041.udd" 5545
"C:/Users/Brayan/AppData/Local/UnrealEngine/Common/DerivedDataCache/5/6/1/TEXTURE_E01F4250BECD420DA9CE63B5EECEC2C2_OODLE_AUTODXT_11_9DE21F064501A6CC0841__41AE8D97559122A025E166AE90AA5339D869A134.udd" 5546
"C:/Users/Brayan/AppData/Local/UnrealEngine/Common/DerivedDataCache/9/2/9/TEXTURE_E01F4250BECD420DA9CE63B5EECEC2C2_OODLE_AUTODXT_11_9DE21F064501A6CC0841__5B91028B3DA87D9C167C7152892518C53B683EB9.udd" 5547
"C:/Users/Brayan/AppData/Local/UnrealEngine/Common/DerivedDataCache/7/4/6/TEXTURE_E01F4250BECD420DA9CE63B5EECEC2C2_OODLE_AUTODXT_11_9DE21F064501A6CC0841__A70A3D78B75F1666B6F82CF069BB7A1537C44D0D.udd" 5548
"C:/Users/Brayan/AppData/Local/UnrealEngine/Common/DerivedDataCache/3/1/9/TEXTURE_E01F4250BECD420DA9CE63B5EECEC2C2_OODLE_BC5_11_E9722A3C42BC9DA5233E00A8__497DED7A0A20EEBD06152DAD934FE242C045334F.udd" 5549
"C:/Users/Brayan/AppData/Local/UnrealEngine/Common/DerivedDataCache/2/4/2/TEXTURE_E01F4250BECD420DA9CE63B5EECEC2C2_OODLE_BC5_11_E9722A3C42BC9DA5233E00A8__D1A11D13C294478F82B7C9C387EDC3E8DB351409.udd" 5550
"C:/Users/Brayan/AppData/Local/UnrealEngine/Common/DerivedDataCache/9/4/9/TEXTURE_E01F4250BECD420DA9CE63B5EECEC2C2_OODLE_BC5_11_E9722A3C42BC9DA5233E00A8__6C54B32E71C904515BDDDFC3395BCA388B166CB6.udd" 5551
"C:/Users/Brayan/AppData/Local/UnrealEngine/Common/DerivedDataCache/2/1/1/TEXTURE_E01F4250BECD420DA9CE63B5EECEC2C2_OODLE_BC5_11_E9722A3C42BC9DA5233E00A8__6469BCCC7E321E5B023F8F9D277842EB1BE2427C.udd" 5552
"C:/Users/Brayan/AppData/Local/UnrealEngine/Common/DerivedDataCache/1/3/3/TEXTURE_E01F4250BECD420DA9CE63B5EECEC2C2_OODLE_BC5_11_E9722A3C42BC9DA5233E00A8__82396E35F8D13CFA8F3E9C735AD17627165AD1F1.udd" 5553
"C:/Users/Brayan/AppData/Local/UnrealEngine/Common/DerivedDataCache/2/1/5/TEXTURE_E01F4250BECD420DA9CE63B5EECEC2C2_OODLE_AUTODXT_11_A8994F4D4E98941D3F67__1F79C842E65E24A91591CC87805C5478E10912D9.udd" 5554
"C:/Users/Brayan/AppData/Local/UnrealEngine/Common/DerivedDataCache/0/1/9/TEXTURE_E01F4250BECD420DA9CE63B5EECEC2C2_OODLE_AUTODXT_11_A8994F4D4E98941D3F67__403469FB497DB63135E24582BBD52910CB210760.udd" 5555
"C:/Users/Brayan/AppData/Local/UnrealEngine/Common/DerivedDataCache/2/5/8/TEXTURE_E01F4250BECD420DA9CE63B5EECEC2C2_OODLE_AUTODXT_11_A8994F4D4E98941D3F67__4771192E633072C348CB267066368C3D47701973.udd" 5556
"C:/Users/Brayan/AppData/Local/UnrealEngine/Common/DerivedDataCache/1/8/9/TEXTURE_E01F4250BECD420DA9CE63B5EECEC2C2_OODLE_AUTODXT_11_A8994F4D4E98941D3F67__867356814987F7E981B96CC79F81DCC00486244D.udd" 5557
"C:/Users/Brayan/AppData/Local/UnrealEngine/Common/DerivedDataCache/1/2/0/TEXTURE_E01F4250BECD420DA9CE63B5EECEC2C2_OODLE_AUTODXT_11_A8994F4D4E98941D3F67__629C3732C93014DBCE7AF830D2148C6E1916AA85.udd" 5558
"C:/Users/Brayan/AppData/Local/UnrealEngine/Common/DerivedDataCache/7/3/4/MATSM_0BA69734E4FD45E082FA4560DBE25454_PCD3D_SM5_8__BC5N_NOCCBN_NOIRIS_DEV_SL___82352F10A1A35145B56189CABA22E0627BE82214.udd" 5559
"C:/Users/Brayan/AppData/Local/UnrealEngine/Common/DerivedDataCache/4/3/9/TEXTURE_E01F4250BECD420DA9CE63B5EECEC2C2_OODLE_AUTODXT_11_2FE28140474A8CA9FD93__F86A757ECC370FCE27D94EF4D72CF293BA045997.udd" 5560
"C:/Users/Brayan/AppData/Local/UnrealEngine/Common/DerivedDataCache/3/1/2/TEXTURE_E01F4250BECD420DA9CE63B5EECEC2C2_OODLE_AUTODXT_11_2FE28140474A8CA9FD93__2D374A7E72DF377E69D7395ECFA961BEF8052038.udd" 5561
"C:/Users/Brayan/AppData/Local/UnrealEngine/Common/DerivedDataCache/9/9/4/TEXTURE_E01F4250BECD420DA9CE63B5EECEC2C2_OODLE_AUTODXT_11_2FE28140474A8CA9FD93__713DA90751B21B3002BE87AD320580705D7408EF.udd" 5562
"C:/Users/Brayan/AppData/Local/UnrealEngine/Common/DerivedDataCache/5/1/6/TEXTURE_E01F4250BECD420DA9CE63B5EECEC2C2_OODLE_AUTODXT_11_2FE28140474A8CA9FD93__8C1B58668403345E942094919BB46AC0DD0D2B34.udd" 5563
"C:/Users/Brayan/AppData/Local/UnrealEngine/Common/DerivedDataCache/3/0/7/TEXTURE_E01F4250BECD420DA9CE63B5EECEC2C2_OODLE_AUTODXT_11_2FE28140474A8CA9FD93__2664C10D448AD3893343E1EE877D287A548A6449.udd" 5564
"C:/Users/Brayan/AppData/Local/UnrealEngine/Common/DerivedDataCache/3/0/0/TEXTURE_E01F4250BECD420DA9CE63B5EECEC2C2_OODLE_BC5_11_216A54914313014F95593BA8__2BA72C8E9BC5D089C659F5C998C6CE08832D126F.udd" 5565
"C:/Users/Brayan/AppData/Local/UnrealEngine/Common/DerivedDataCache/4/6/1/TEXTURE_E01F4250BECD420DA9CE63B5EECEC2C2_OODLE_BC5_11_216A54914313014F95593BA8__99B4FC98B659C74CB31B4781E14A2792C0D9517A.udd" 5566
"C:/Users/Brayan/AppData/Local/UnrealEngine/Common/DerivedDataCache/2/8/0/TEXTURE_E01F4250BECD420DA9CE63B5EECEC2C2_OODLE_BC5_11_216A54914313014F95593BA8__5017F47DAFCF9C89A27ACA40BBC156127A42FD80.udd" 5567
"C:/Users/Brayan/AppData/Local/UnrealEngine/Common/DerivedDataCache/0/1/9/TEXTURE_E01F4250BECD420DA9CE63B5EECEC2C2_OODLE_BC5_11_216A54914313014F95593BA8__DCED5BCAB0CCC12A0B6AD25B2D45BC4EA315DC87.udd" 5568
"C:/Users/Brayan/AppData/Local/UnrealEngine/Common/DerivedDataCache/8/7/6/TEXTURE_E01F4250BECD420DA9CE63B5EECEC2C2_OODLE_BC5_11_216A54914313014F95593BA8__620B2C5318EDB908C8A587E019E7084858F0DFB4.udd" 5569
"C:/Users/Brayan/AppData/Local/UnrealEngine/Common/DerivedDataCache/8/1/7/TEXTURE_E01F4250BECD420DA9CE63B5EECEC2C2_OODLE_AUTODXT_11_C9052C6B47EF91707196__7F9C76E76AEFFB58C70BB8F6FD9B1FE018152CAD.udd" 5570
"C:/Users/Brayan/AppData/Local/UnrealEngine/Common/DerivedDataCache/2/8/1/TEXTURE_E01F4250BECD420DA9CE63B5EECEC2C2_OODLE_AUTODXT_11_C9052C6B47EF91707196__DC0CD97DE4B30F925A9CADBDD41D10232106CD9F.udd" 5571
"C:/Users/Brayan/AppData/Local/UnrealEngine/Common/DerivedDataCache/5/8/7/TEXTURE_E01F4250BECD420DA9CE63B5EECEC2C2_OODLE_AUTODXT_11_C9052C6B47EF91707196__A25CE68850A6B6A5997BA1EEDDD94A4FF7D94BEC.udd" 5572
"C:/Users/Brayan/AppData/Local/UnrealEngine/Common/DerivedDataCache/5/9/1/TEXTURE_E01F4250BECD420DA9CE63B5EECEC2C2_OODLE_AUTODXT_11_C9052C6B47EF91707196__F98CC83C367AA6AAC8B575D5DD713A6A94AE81F9.udd" 5573
"C:/Users/Brayan/AppData/Local/UnrealEngine/Common/DerivedDataCache/1/2/4/TEXTURE_E01F4250BECD420DA9CE63B5EECEC2C2_OODLE_AUTODXT_11_C9052C6B47EF91707196__0943177282A1DDAF92396FFAC0E12095AF49352E.udd" 5574
"C:/Users/Brayan/AppData/Local/UnrealEngine/Common/DerivedDataCache/2/0/1/MATSM_0BA69734E4FD45E082FA4560DBE25454_PCD3D_SM5_8__BC5N_NOCCBN_NOIRIS_DEV_SL___688B338D38DE814BB735AF3418ECCFF637F89946.udd" 5575
"C:/Users/Brayan/AppData/Local/UnrealEngine/Common/DerivedDataCache/7/7/1/TEXTURE_E01F4250BECD420DA9CE63B5EECEC2C2_OODLE_AUTODXT_11_798DECFB4E129665E999__9A3B9F8BF6523B85BB85D9F01349D91B4C2A1288.udd" 5576
"C:/Users/Brayan/AppData/Local/UnrealEngine/Common/DerivedDataCache/2/3/8/TEXTURE_E01F4250BECD420DA9CE63B5EECEC2C2_OODLE_AUTODXT_11_798DECFB4E129665E999__928DEC4C44D460C7D425071740C010B4C187D6B0.udd" 5577
"C:/Users/Brayan/AppData/Local/UnrealEngine/Common/DerivedDataCache/6/2/3/TEXTURE_E01F4250BECD420DA9CE63B5EECEC2C2_OODLE_AUTODXT_11_C341619348FF60E88C8F__893C397F162FF2B6F9F3388DACD385EDE53D6A14.udd" 5578
"C:/Users/Brayan/AppData/Local/UnrealEngine/Common/DerivedDataCache/8/1/3/TEXTURE_E01F4250BECD420DA9CE63B5EECEC2C2_OODLE_AUTODXT_11_C341619348FF60E88C8F__FD6288864E71E6D4FC61DE20138C80A8F5E17182.udd" 5579
"C:/Users/Brayan/AppData/Local/UnrealEngine/Common/DerivedDataCache/2/6/5/TEXTURE_E01F4250BECD420DA9CE63B5EECEC2C2_OODLE_AUTODXT_11_C341619348FF60E88C8F__5AD0C448C4DD900D74399DB9BCB74B7E5AD27A25.udd" 5580
"C:/Users/Brayan/AppData/Local/UnrealEngine/Common/DerivedDataCache/3/2/0/TEXTURE_E01F4250BECD420DA9CE63B5EECEC2C2_OODLE_AUTODXT_11_C341619348FF60E88C8F__B4EC4D0450B1B1BFA3B95901829B8D8A8DA92EDD.udd" 5581
"C:/Users/Brayan/AppData/Local/UnrealEngine/Common/DerivedDataCache/8/3/5/STREAMEDAUDIO_BC6E92FBBD314E3B9B9EC6778749EB5E_OGG10000$2D1$2D1$2D1$2D1$2D1_4_8B6EA85C41C6D5EC1F9FC4856CC665B2.udd" 5582
"C:/Users/Brayan/AppData/Local/UnrealEngine/Common/DerivedDataCache/5/8/3/TEXTURE_E01F4250BECD420DA9CE63B5EECEC2C2_OODLE_AUTODXT_11_3C925A3E4A8D28733213__8FE983687FDA65A1AC036457414AFCF606D7C546.udd" 5583
"C:/Users/Brayan/AppData/Local/UnrealEngine/Common/DerivedDataCache/3/7/0/TEXTURE_E01F4250BECD420DA9CE63B5EECEC2C2_OODLE_BC5_11_17B688E74222C59B61E707AB__A686D58C11B829FDE056DCA512D94B0FC2AA23D0.udd" 5584
"C:/Users/Brayan/AppData/Local/UnrealEngine/Common/DerivedDataCache/7/0/9/TEXTURE_E01F4250BECD420DA9CE63B5EECEC2C2_OODLE_AUTODXT_11_3C925A3E4A8D28733213__EBD7FCC9E58FC1602FBE18DD10D7A1243257CEAD.udd" 5585
"C:/Users/Brayan/AppData/Local/UnrealEngine/Common/DerivedDataCache/0/0/5/TEXTURE_E01F4250BECD420DA9CE63B5EECEC2C2_OODLE_BC5_11_17B688E74222C59B61E707AB__783EC5B6030804B1F1610E91E6DC00E9BD575394.udd" 5586
"C:/Users/Brayan/AppData/Local/UnrealEngine/Common/DerivedDataCache/0/7/6/TEXTURE_E01F4250BECD420DA9CE63B5EECEC2C2_OODLE_BC5_11_17B688E74222C59B61E707AB__7C5022FCCC8C5DF44C7E5624994EED3CE4E6967F.udd" 5587
"C:/Users/Brayan/AppData/Local/UnrealEngine/Common/DerivedDataCache/1/6/4/TEXTURE_E01F4250BECD420DA9CE63B5EECEC2C2_OODLE_BC5_11_17B688E74222C59B61E707AB__ACC96F67E3180C4E74D4573F87E7A0B7E0ACB6F1.udd" 5588
"C:/Users/Brayan/AppData/Local/UnrealEngine/Common/DerivedDataCache/5/9/5/TEXTURE_E01F4250BECD420DA9CE63B5EECEC2C2_OODLE_AUTODXT_11_3C925A3E4A8D28733213__DEDEF05019836EE8BFE421F7E64B4FDE7B37C7E0.udd" 5589
"C:/Users/Brayan/AppData/Local/UnrealEngine/Common/DerivedDataCache/2/6/8/TEXTURE_E01F4250BECD420DA9CE63B5EECEC2C2_OODLE_AUTODXT_11_3C925A3E4A8D28733213__7342F755B1D619A8D51935A6BE219925D5755F4B.udd" 5590
"C:/Users/Brayan/AppData/Local/UnrealEngine/Common/DerivedDataCache/9/0/5/TEXTURE_E01F4250BECD420DA9CE63B5EECEC2C2_OODLE_AUTODXT_11_3C925A3E4A8D28733213__091204A1CD3A2E94EFF7F508A0FF092FAF4BC5D6.udd" 5591
"C:/Users/Brayan/AppData/Local/UnrealEngine/Common/DerivedDataCache/6/0/6/TEXTURE_E01F4250BECD420DA9CE63B5EECEC2C2_OODLE_BC5_11_17B688E74222C59B61E707AB__ADBF6D3BBE86F9D2A2B45B3EE5F7CFF041880287.udd" 5592
"C:/Users/Brayan/AppData/Local/UnrealEngine/Common/DerivedDataCache/2/6/4/TEXTURE_E01F4250BECD420DA9CE63B5EECEC2C2_OODLE_AUTODXT_11_27AF9BB544C7D21F3DAE__112CC7DCD3AE9752AEC24F8EC82CABE1D90B0AAB.udd" 5593
"C:/Users/Brayan/AppData/Local/UnrealEngine/Common/DerivedDataCache/9/4/2/TEXTURE_E01F4250BECD420DA9CE63B5EECEC2C2_OODLE_AUTODXT_11_27AF9BB544C7D21F3DAE__0C8B7DC902C7688029192091998A5D6B203B2C7F.udd" 5594
"C:/Users/Brayan/AppData/Local/UnrealEngine/Common/DerivedDataCache/1/1/5/TEXTURE_E01F4250BECD420DA9CE63B5EECEC2C2_OODLE_AUTODXT_11_27AF9BB544C7D21F3DAE__F7817702C44A193570E602DE9B3E66D9105280BD.udd" 5595
"C:/Users/Brayan/AppData/Local/UnrealEngine/Common/DerivedDataCache/2/2/3/TEXTURE_E01F4250BECD420DA9CE63B5EECEC2C2_OODLE_AUTODXT_11_27AF9BB544C7D21F3DAE__635658CCC839C0E49CDB875A373BEC5B452BABC4.udd" 5596
"C:/Users/Brayan/AppData/Local/UnrealEngine/Common/DerivedDataCache/6/1/6/TEXTURE_E01F4250BECD420DA9CE63B5EECEC2C2_OODLE_AUTODXT_11_27AF9BB544C7D21F3DAE__5A9152ACFFB7DCF305DF0F500A4CEC20689D574A.udd" 5597
"C:/Users/Brayan/AppData/Local/UnrealEngine/Common/DerivedDataCache/9/5/7/TEXTURE_E01F4250BECD420DA9CE63B5EECEC2C2_OODLE_AUTODXT_11_4AF43CFB48FBAAC4BCEC__056F434486846F33B0E05FADF042251B2AFD2CDA.udd" 5598
"C:/Users/Brayan/AppData/Local/UnrealEngine/Common/DerivedDataCache/7/3/0/TEXTURE_E01F4250BECD420DA9CE63B5EECEC2C2_OODLE_BC5_11_8D298F7A446D34084D4DF489__C299192B0A0FF1DF93D8BF7A8E35F41A8F0B25BD.udd" 5599
"C:/Users/Brayan/AppData/Local/UnrealEngine/Common/DerivedDataCache/3/3/4/TEXTURE_E01F4250BECD420DA9CE63B5EECEC2C2_OODLE_AUTODXT_11_4AF43CFB48FBAAC4BCEC__B08DEBF488880ACF11A1875EAF448432C3C89E3A.udd" 5600
"C:/Users/Brayan/AppData/Local/UnrealEngine/Common/DerivedDataCache/5/7/9/TEXTURE_E01F4250BECD420DA9CE63B5EECEC2C2_OODLE_AUTODXT_11_4AF43CFB48FBAAC4BCEC__E512DEF61F00806FD382C575EBD2AAD4262CB6CA.udd" 5601
"C:/Users/Brayan/AppData/Local/UnrealEngine/Common/DerivedDataCache/5/9/8/TEXTURE_E01F4250BECD420DA9CE63B5EECEC2C2_OODLE_AUTODXT_11_4AF43CFB48FBAAC4BCEC__10A72FF5C2EF7845EE3517C19463F88271C005F7.udd" 5602
"C:/Users/Brayan/AppData/Local/UnrealEngine/Common/DerivedDataCache/2/2/3/TEXTURE_E01F4250BECD420DA9CE63B5EECEC2C2_OODLE_AUTODXT_11_4AF43CFB48FBAAC4BCEC__96CE27FD8C594471CC09942938148B81C76C7BCA.udd" 5603
"C:/Users/Brayan/AppData/Local/UnrealEngine/Common/DerivedDataCache/2/8/9/TEXTURE_E01F4250BECD420DA9CE63B5EECEC2C2_OODLE_BC5_11_8D298F7A446D34084D4DF489__7FFAD34989C724EDB1AD30B36B1EAD76CBC1854B.udd" 5604
"C:/Users/Brayan/AppData/Local/UnrealEngine/Common/DerivedDataCache/3/1/1/TEXTURE_E01F4250BECD420DA9CE63B5EECEC2C2_OODLE_BC5_11_8D298F7A446D34084D4DF489__F452C859019403BE63C38C5A5D8D2755171F2429.udd" 5605
"C:/Users/Brayan/AppData/Local/UnrealEngine/Common/DerivedDataCache/4/3/7/TEXTURE_E01F4250BECD420DA9CE63B5EECEC2C2_OODLE_BC5_11_8D298F7A446D34084D4DF489__B470295D986035BF94FEF20D79A4C0013C466582.udd" 5606
"C:/Users/Brayan/AppData/Local/UnrealEngine/Common/DerivedDataCache/3/5/4/TEXTURE_E01F4250BECD420DA9CE63B5EECEC2C2_OODLE_BC5_11_8D298F7A446D34084D4DF489__87A16495AC5725A76B208D51C74709A9DB4B5BF7.udd" 5607
"C:/Users/Brayan/AppData/Local/UnrealEngine/Common/DerivedDataCache/5/7/7/TEXTURE_E01F4250BECD420DA9CE63B5EECEC2C2_OODLE_AUTODXT_11_835CA4014AB57664576A__6BFD7A1F253C356BD111571AF9B08E3325551248.udd" 5608
"C:/Users/Brayan/AppData/Local/UnrealEngine/Common/DerivedDataCache/2/3/8/TEXTURE_E01F4250BECD420DA9CE63B5EECEC2C2_OODLE_AUTODXT_11_835CA4014AB57664576A__049D04AD644335D75F77C6EFD686C199B604C448.udd" 5609
"C:/Users/Brayan/AppData/Local/UnrealEngine/Common/DerivedDataCache/2/7/6/TEXTURE_E01F4250BECD420DA9CE63B5EECEC2C2_OODLE_AUTODXT_11_835CA4014AB57664576A__AB292D39DE29448E9A38E55E5D05AB7D56783DFB.udd" 5610
"C:/Users/Brayan/AppData/Local/UnrealEngine/Common/DerivedDataCache/0/3/5/TEXTURE_E01F4250BECD420DA9CE63B5EECEC2C2_OODLE_AUTODXT_11_835CA4014AB57664576A__33ECD3C68CAC9E0F8FFC12CFEF77413F50A128CA.udd" 5611
"C:/Users/Brayan/AppData/Local/UnrealEngine/Common/DerivedDataCache/4/5/8/TEXTURE_E01F4250BECD420DA9CE63B5EECEC2C2_OODLE_AUTODXT_11_835CA4014AB57664576A__56019D367A21CB06B18C8A001E2C8D9C19E7C0EF.udd" 5612
"C:/Users/Brayan/AppData/Local/UnrealEngine/Common/DerivedDataCache/1/2/2/TEXTURE_E01F4250BECD420DA9CE63B5EECEC2C2_OODLE_BC5_11_701CFC314CA26695493DA18F__3E0B4CB61C74B73FAFA31196148771D16B38AA22.udd" 5613
"C:/Users/Brayan/AppData/Local/UnrealEngine/Common/DerivedDataCache/3/7/6/TEXTURE_E01F4250BECD420DA9CE63B5EECEC2C2_OODLE_AUTODXT_11_BC766C7D46F09B6B348F__6DD619828624CAC1249D9AF37BEB0C91D3E3AB15.udd" 5614
"C:/Users/Brayan/AppData/Local/UnrealEngine/Common/DerivedDataCache/2/3/9/TEXTURE_E01F4250BECD420DA9CE63B5EECEC2C2_OODLE_BC5_11_701CFC314CA26695493DA18F__7420EF94AE35F372BC8CDD4891EE4A0830DB297E.udd" 5615
"C:/Users/Brayan/AppData/Local/UnrealEngine/Common/DerivedDataCache/1/6/4/TEXTURE_E01F4250BECD420DA9CE63B5EECEC2C2_OODLE_BC5_11_701CFC314CA26695493DA18F__C8D1452674C2BF44005B27B8199042174429AF9E.udd" 5616
"C:/Users/Brayan/AppData/Local/UnrealEngine/Common/DerivedDataCache/7/3/2/TEXTURE_E01F4250BECD420DA9CE63B5EECEC2C2_OODLE_BC5_11_701CFC314CA26695493DA18F__D5EAAADC319C15F352DD8601F9AADD9E40FBBE8F.udd" 5617
"C:/Users/Brayan/AppData/Local/UnrealEngine/Common/DerivedDataCache/0/1/7/TEXTURE_E01F4250BECD420DA9CE63B5EECEC2C2_OODLE_BC5_11_701CFC314CA26695493DA18F__733267E472456BF96A959043758B91488202D4B9.udd" 5618
"C:/Users/Brayan/AppData/Local/UnrealEngine/Common/DerivedDataCache/9/8/7/TEXTURE_E01F4250BECD420DA9CE63B5EECEC2C2_OODLE_AUTODXT_11_BC766C7D46F09B6B348F__B2175E4CB72575A4DAD0C93C48DCF9EC01CEC71A.udd" 5619
"C:/Users/Brayan/AppData/Local/UnrealEngine/Common/DerivedDataCache/9/9/5/TEXTURE_E01F4250BECD420DA9CE63B5EECEC2C2_OODLE_AUTODXT_11_BC766C7D46F09B6B348F__EC5B64C1E547218456321512CE2D9349FB3B89F0.udd" 5620
"C:/Users/Brayan/AppData/Local/UnrealEngine/Common/DerivedDataCache/3/9/0/TEXTURE_E01F4250BECD420DA9CE63B5EECEC2C2_OODLE_AUTODXT_11_BC766C7D46F09B6B348F__E9A25FD174B38C22FE19F3DCC905C0040461FF36.udd" 5621
"C:/Users/Brayan/AppData/Local/UnrealEngine/Common/DerivedDataCache/8/2/1/TEXTURE_E01F4250BECD420DA9CE63B5EECEC2C2_OODLE_AUTODXT_11_BC766C7D46F09B6B348F__4D28237FB0792A61465F016A6E8C5C9674C5EB70.udd" 5622
"C:/Users/Brayan/AppData/Local/UnrealEngine/Common/DerivedDataCache/5/3/7/TEXTURE_E01F4250BECD420DA9CE63B5EECEC2C2_OODLE_BC5_11_53CC9B934660A3C72314EF94__7902491B12FC9FCF37AAD3B34704DC59BC23EDEC.udd" 5623
"C:/Users/Brayan/AppData/Local/UnrealEngine/Common/DerivedDataCache/4/0/8/TEXTURE_E01F4250BECD420DA9CE63B5EECEC2C2_OODLE_BC5_11_53CC9B934660A3C72314EF94__0A0F7EB0544358E7715F075A3AA0FF96D32FE88D.udd" 5624
"C:/Users/Brayan/AppData/Local/UnrealEngine/Common/DerivedDataCache/5/8/9/TEXTURE_E01F4250BECD420DA9CE63B5EECEC2C2_OODLE_BC5_11_53CC9B934660A3C72314EF94__73C6EC8D191C7AD45BC2336560D2BFC7248C5198.udd" 5625
"C:/Users/Brayan/AppData/Local/UnrealEngine/Common/DerivedDataCache/2/9/7/TEXTURE_E01F4250BECD420DA9CE63B5EECEC2C2_OODLE_BC5_11_53CC9B934660A3C72314EF94__B19CDC3FD95B4B26B81879242ACD7FF825E63EC2.udd" 5626
"C:/Users/Brayan/AppData/Local/UnrealEngine/Common/DerivedDataCache/0/3/7/TEXTURE_E01F4250BECD420DA9CE63B5EECEC2C2_OODLE_BC5_11_53CC9B934660A3C72314EF94__F769ADD57613F13243BBAEB6247689DE18B2CC65.udd" 5627
"C:/Users/Brayan/AppData/Local/UnrealEngine/Common/DerivedDataCache/0/3/5/TEXTURE_E01F4250BECD420DA9CE63B5EECEC2C2_OODLE_AUTODXT_11_56784F1D418BE0DDD7FE__110557FF3444C8874A626ED7BEECED9585109972.udd" 5628
"C:/Users/Brayan/AppData/Local/UnrealEngine/Common/DerivedDataCache/2/2/2/TEXTURE_E01F4250BECD420DA9CE63B5EECEC2C2_OODLE_AUTODXT_11_56784F1D418BE0DDD7FE__AE3219FF639EFFA63112CD396BD97EF96ABDC1B8.udd" 5629
"C:/Users/Brayan/AppData/Local/UnrealEngine/Common/DerivedDataCache/6/6/0/TEXTURE_E01F4250BECD420DA9CE63B5EECEC2C2_OODLE_AUTODXT_11_56784F1D418BE0DDD7FE__9D453F911CA338AF45871B484BBA5A20B7F65EE0.udd" 5630
"C:/Users/Brayan/AppData/Local/UnrealEngine/Common/DerivedDataCache/6/9/8/TEXTURE_E01F4250BECD420DA9CE63B5EECEC2C2_OODLE_AUTODXT_11_56784F1D418BE0DDD7FE__48E963B7506BCD8BC82CF4562739C23B04E3ED3D.udd" 5631
"C:/Users/Brayan/AppData/Local/UnrealEngine/Common/DerivedDataCache/3/1/1/TEXTURE_E01F4250BECD420DA9CE63B5EECEC2C2_OODLE_AUTODXT_11_56784F1D418BE0DDD7FE__B5559D447C34AE4C0FF7DB183D088529B335F0F6.udd" 5632
"C:/Users/Brayan/AppData/Local/UnrealEngine/Common/DerivedDataCache/5/5/5/TEXTURE_E01F4250BECD420DA9CE63B5EECEC2C2_OODLE_BC5_11_55C13A994C476356D2DA7EBA__5149A38B1D454D7A23ABA580847A3B1BDCE2BE47.udd" 5633
"C:/Users/Brayan/AppData/Local/UnrealEngine/Common/DerivedDataCache/5/1/9/TEXTURE_E01F4250BECD420DA9CE63B5EECEC2C2_OODLE_BC5_11_55C13A994C476356D2DA7EBA__65757CA6BFC03CFC981D713758D628BA3167EF6E.udd" 5634
"C:/Users/Brayan/AppData/Local/UnrealEngine/Common/DerivedDataCache/4/3/6/TEXTURE_E01F4250BECD420DA9CE63B5EECEC2C2_OODLE_BC5_11_55C13A994C476356D2DA7EBA__C2914F70D943A11A62799F6C40F5A42F444092BF.udd" 5635
"C:/Users/Brayan/AppData/Local/UnrealEngine/Common/DerivedDataCache/4/9/8/TEXTURE_E01F4250BECD420DA9CE63B5EECEC2C2_OODLE_BC5_11_55C13A994C476356D2DA7EBA__8DD7371B034E2F64D1EF6C5FAB6E50464FB16887.udd" 5636
"C:/Users/Brayan/AppData/Local/UnrealEngine/Common/DerivedDataCache/4/7/8/TEXTURE_E01F4250BECD420DA9CE63B5EECEC2C2_OODLE_BC5_11_55C13A994C476356D2DA7EBA__6C6758C3E11746150F6A0FFAD30C709BA927A987.udd" 5637
"C:/Users/Brayan/AppData/Local/UnrealEngine/Common/DerivedDataCache/3/2/3/TEXTURE_E01F4250BECD420DA9CE63B5EECEC2C2_OODLE_AUTODXT_11_E365B83D42FBB9B3EFB0__87EB74577DCC4B3A2171BBCEF1CEAB1D1351CA52.udd" 5638
"C:/Users/Brayan/AppData/Local/UnrealEngine/Common/DerivedDataCache/5/8/5/TEXTURE_E01F4250BECD420DA9CE63B5EECEC2C2_OODLE_AUTODXT_11_E365B83D42FBB9B3EFB0__D05D212AF146943443AB1AE51B2EDAB32A7F47A8.udd" 5639
"C:/Users/Brayan/AppData/Local/UnrealEngine/Common/DerivedDataCache/8/3/8/TEXTURE_E01F4250BECD420DA9CE63B5EECEC2C2_OODLE_AUTODXT_11_E365B83D42FBB9B3EFB0__10EAD0C5034FF5E1EDC331035D8B670F39D7DD04.udd" 5640
"C:/Users/Brayan/AppData/Local/UnrealEngine/Common/DerivedDataCache/8/8/4/TEXTURE_E01F4250BECD420DA9CE63B5EECEC2C2_OODLE_AUTODXT_11_E365B83D42FBB9B3EFB0__8DAD89BF358C0E2E1CB3B4034A9516378327C355.udd" 5641
"C:/Users/Brayan/AppData/Local/UnrealEngine/Common/DerivedDataCache/3/2/6/TEXTURE_E01F4250BECD420DA9CE63B5EECEC2C2_OODLE_AUTODXT_11_E365B83D42FBB9B3EFB0__87A56CFB8127EAA32C3560860DA30A0B20F126F4.udd" 5642
"C:/Users/Brayan/AppData/Local/UnrealEngine/Common/DerivedDataCache/9/0/9/MATSM_0BA69734E4FD45E082FA4560DBE25454_PCD3D_SM5_8__BC5N_NOCCBN_NOIRIS_DEV_SL___235FF758EF3119D9621F3810885C9D0FFA352D9B.udd" 5643
"C:/Users/Brayan/AppData/Local/UnrealEngine/Common/DerivedDataCache/2/5/4/TEXTURE_E01F4250BECD420DA9CE63B5EECEC2C2_OODLE_AUTODXT_11_4EFD1C234AEB0A04391B__64C72B2225118653DC8DADA23592E1EE47843262.udd" 5644
"C:/Users/Brayan/AppData/Local/UnrealEngine/Common/DerivedDataCache/8/9/3/MATSM_0BA69734E4FD45E082FA4560DBE25454_PCD3D_SM5_8__BC5N_NOCCBN_NOIRIS_DEV_SL___171802CD6936854A331BB3D8FC9B08ABCEFBB3B8.udd" 5645
"C:/Users/Brayan/AppData/Local/UnrealEngine/Common/DerivedDataCache/8/1/1/TEXTURE_E01F4250BECD420DA9CE63B5EECEC2C2_OODLE_AUTODXT_11_D3E220F848E8DBA3F42F__8E779C5FB0F1779356E7301254B0DE636AAD4633.udd" 5646
"C:/Users/Brayan/AppData/Local/UnrealEngine/Common/DerivedDataCache/7/6/2/TEXTURE_E01F4250BECD420DA9CE63B5EECEC2C2_OODLE_AUTODXT_11_D3E220F848E8DBA3F42F__B9595E684531369CFD5B0C05782079034FDEB181.udd" 5647
"C:/Users/Brayan/AppData/Local/UnrealEngine/Common/DerivedDataCache/0/5/5/TEXTURE_E01F4250BECD420DA9CE63B5EECEC2C2_OODLE_AUTODXT_11_D3E220F848E8DBA3F42F__BADB10193C2CC313A5FBC0820075FE23CBFF0903.udd" 5648
"C:/Users/Brayan/AppData/Local/UnrealEngine/Common/DerivedDataCache/2/1/2/TEXTURE_E01F4250BECD420DA9CE63B5EECEC2C2_OODLE_AUTODXT_11_D3E220F848E8DBA3F42F__0C971F1F7BA91DA76A94FB7D86BCC1E4632D1366.udd" 5649
"C:/Users/Brayan/AppData/Local/UnrealEngine/Common/DerivedDataCache/2/3/3/TEXTURE_E01F4250BECD420DA9CE63B5EECEC2C2_OODLE_AUTODXT_11_D3E220F848E8DBA3F42F__0438E367C0137E6C70DE714145A81263FC942E1C.udd" 5650
"C:/Users/Brayan/AppData/Local/UnrealEngine/Common/DerivedDataCache/6/1/2/TEXTURE_E01F4250BECD420DA9CE63B5EECEC2C2_OODLE_BC5_11_A73781B54ECD4F4CD1381C89__7E3753751BE6358B7A417D8292127ED40F1F78ED.udd" 5651
"C:/Users/Brayan/AppData/Local/UnrealEngine/Common/DerivedDataCache/0/9/2/TEXTURE_E01F4250BECD420DA9CE63B5EECEC2C2_OODLE_BC5_11_A73781B54ECD4F4CD1381C89__D17CB903F26FF5EFC9A17D7BA946604CC5B7DCB4.udd" 5652
"C:/Users/Brayan/AppData/Local/UnrealEngine/Common/DerivedDataCache/5/6/2/TEXTURE_E01F4250BECD420DA9CE63B5EECEC2C2_OODLE_BC5_11_A73781B54ECD4F4CD1381C89__5E56F2BF7E82F721309275EB9FE9C86319553A8F.udd" 5653
"C:/Users/Brayan/AppData/Local/UnrealEngine/Common/DerivedDataCache/7/4/7/TEXTURE_E01F4250BECD420DA9CE63B5EECEC2C2_OODLE_BC5_11_A73781B54ECD4F4CD1381C89__B5DD92914BA99FF2C47131D02DB17AD3D81128FB.udd" 5654
"C:/Users/Brayan/AppData/Local/UnrealEngine/Common/DerivedDataCache/9/8/8/TEXTURE_E01F4250BECD420DA9CE63B5EECEC2C2_OODLE_AUTODXT_11_F34ABBE343CF1E7C3B62__C9BCCA15D79F246B276454143A057CC31795830E.udd" 5655
"C:/Users/Brayan/AppData/Local/UnrealEngine/Common/DerivedDataCache/9/9/9/TEXTURE_E01F4250BECD420DA9CE63B5EECEC2C2_OODLE_BC5_11_A73781B54ECD4F4CD1381C89__28883A1644CD740812B12D3BE50EB88DADAC6CEC.udd" 5656
"C:/Users/Brayan/AppData/Local/UnrealEngine/Common/DerivedDataCache/9/2/5/TEXTURE_E01F4250BECD420DA9CE63B5EECEC2C2_OODLE_AUTODXT_11_F34ABBE343CF1E7C3B62__07BBB1B1D07CB30B71C4029DED462082251CE0EF.udd" 5657
"C:/Users/Brayan/AppData/Local/UnrealEngine/Common/DerivedDataCache/6/8/2/TEXTURE_E01F4250BECD420DA9CE63B5EECEC2C2_OODLE_AUTODXT_11_F34ABBE343CF1E7C3B62__CCF98EC92C376AD0F5FF4BE43D3014C963BED70D.udd" 5658
"C:/Users/Brayan/AppData/Local/UnrealEngine/Common/DerivedDataCache/3/0/1/TEXTURE_E01F4250BECD420DA9CE63B5EECEC2C2_OODLE_AUTODXT_11_F34ABBE343CF1E7C3B62__22A7A1C6DD865E5889B6A23CD8D373268D98A813.udd" 5659
"C:/Users/Brayan/AppData/Local/UnrealEngine/Common/DerivedDataCache/3/9/2/TEXTURE_E01F4250BECD420DA9CE63B5EECEC2C2_OODLE_AUTODXT_11_F34ABBE343CF1E7C3B62__066FAA7E7E1A1CFD8B09F69C38E68E3109885972.udd" 5660
"C:/Users/Brayan/AppData/Local/UnrealEngine/Common/DerivedDataCache/9/7/1/MATSM_0BA69734E4FD45E082FA4560DBE25454_PCD3D_SM5_8__BC5N_NOCCBN_NOIRIS_DEV_SL___C2867B66844A790A821A782BA4526A2C351079C2.udd" 5661
"C:/Users/Brayan/AppData/Local/UnrealEngine/Common/DerivedDataCache/8/0/0/MATSM_0BA69734E4FD45E082FA4560DBE25454_PCD3D_SM5_8__BC5N_NOCCBN_NOIRIS_DEV_SL___F62465F23EB2AD78E364105C645E7BF92E0AD53F.udd" 5662
"C:/Users/Brayan/AppData/Local/UnrealEngine/Common/DerivedDataCache/5/1/5/TEXTURE_E01F4250BECD420DA9CE63B5EECEC2C2_OODLE_AUTODXT_11_11FDCBC54B9F14BC1FAD__9551970108C4B8AB17C4BA9B157C2EAFE556A309.udd" 5663
"C:/Users/Brayan/AppData/Local/UnrealEngine/Common/DerivedDataCache/1/4/3/TEXTURE_E01F4250BECD420DA9CE63B5EECEC2C2_OODLE_AUTODXT_11_11FDCBC54B9F14BC1FAD__8FF60163DEB2CBEE093F30F67269091D7F8B7D6C.udd" 5664
"C:/Users/Brayan/AppData/Local/UnrealEngine/Common/DerivedDataCache/6/2/1/TEXTURE_E01F4250BECD420DA9CE63B5EECEC2C2_OODLE_AUTODXT_11_11FDCBC54B9F14BC1FAD__3EC606547209B66E04D217620E61318F825007E8.udd" 5665
"C:/Users/Brayan/AppData/Local/UnrealEngine/Common/DerivedDataCache/1/5/6/TEXTURE_E01F4250BECD420DA9CE63B5EECEC2C2_OODLE_AUTODXT_11_11FDCBC54B9F14BC1FAD__0E9FB1C317A31366338CD9991C9923A2C3B190E2.udd" 5666
"C:/Users/Brayan/AppData/Local/UnrealEngine/Common/DerivedDataCache/1/0/1/TEXTURE_E01F4250BECD420DA9CE63B5EECEC2C2_OODLE_AUTODXT_11_11FDCBC54B9F14BC1FAD__F463022CC80F217C6EFE261E7B29616850C45B6A.udd" 5667
"C:/Users/Brayan/AppData/Local/UnrealEngine/Common/DerivedDataCache/7/3/8/TEXTURE_E01F4250BECD420DA9CE63B5EECEC2C2_OODLE_BC5_11_4F5E5E94419372EFF2845697__085F6EF8D74184E44870CAB494441FD547926490.udd" 5668
"C:/Users/Brayan/AppData/Local/UnrealEngine/Common/DerivedDataCache/8/9/2/TEXTURE_E01F4250BECD420DA9CE63B5EECEC2C2_OODLE_BC5_11_4F5E5E94419372EFF2845697__A41C82B72BB5EF0D384E675BA686008766832D4A.udd" 5669
"C:/Users/Brayan/AppData/Local/UnrealEngine/Common/DerivedDataCache/2/6/9/TEXTURE_E01F4250BECD420DA9CE63B5EECEC2C2_OODLE_BC5_11_4F5E5E94419372EFF2845697__2A483460887EEC032EF1F08DE46FE1230B382366.udd" 5670
"C:/Users/Brayan/AppData/Local/UnrealEngine/Common/DerivedDataCache/2/7/2/TEXTURE_E01F4250BECD420DA9CE63B5EECEC2C2_OODLE_BC5_11_4F5E5E94419372EFF2845697__88CC69D7738EB9653CB0CB52073B69A0C840533A.udd" 5671
"C:/Users/Brayan/AppData/Local/UnrealEngine/Common/DerivedDataCache/3/2/7/TEXTURE_E01F4250BECD420DA9CE63B5EECEC2C2_OODLE_BC5_11_4F5E5E94419372EFF2845697__B6CE145D182DCCEDF1E0BD8010D0070A05374F96.udd" 5672
"C:/Users/Brayan/AppData/Local/UnrealEngine/Common/DerivedDataCache/4/3/8/TEXTURE_E01F4250BECD420DA9CE63B5EECEC2C2_OODLE_AUTODXT_11_A54382C841242A956ED6__4CA21F9AC932502F432DB84120056CEF9EDFEC31.udd" 5673
"C:/Users/Brayan/AppData/Local/UnrealEngine/Common/DerivedDataCache/7/5/8/TEXTURE_E01F4250BECD420DA9CE63B5EECEC2C2_OODLE_AUTODXT_11_A54382C841242A956ED6__2F5EEFA2BD19250353D00BDB175F0E8E5520C15B.udd" 5674
"C:/Users/Brayan/AppData/Local/UnrealEngine/Common/DerivedDataCache/8/0/6/TEXTURE_E01F4250BECD420DA9CE63B5EECEC2C2_OODLE_AUTODXT_11_A54382C841242A956ED6__718F324D6DF32C74BC3D962A07238EF80290BC12.udd" 5675
"C:/Users/Brayan/AppData/Local/UnrealEngine/Common/DerivedDataCache/9/5/7/TEXTURE_E01F4250BECD420DA9CE63B5EECEC2C2_OODLE_AUTODXT_11_A54382C841242A956ED6__141D8932685CCB347B222ECB4CFAC73B7867D40C.udd" 5676
"C:/Users/Brayan/AppData/Local/UnrealEngine/Common/DerivedDataCache/0/0/7/TEXTURE_E01F4250BECD420DA9CE63B5EECEC2C2_OODLE_AUTODXT_11_A54382C841242A956ED6__2729D8CD8CBC1B8CB100A5E2FF450C8F0E83B123.udd" 5677
"C:/Users/Brayan/AppData/Local/UnrealEngine/Common/DerivedDataCache/1/2/6/MATSM_0BA69734E4FD45E082FA4560DBE25454_PCD3D_SM5_8__BC5N_NOCCBN_NOIRIS_DEV_SL___5A8EE98D1F3484E012420E840E493290C2292814.udd" 5678
"C:/Users/Brayan/AppData/Local/UnrealEngine/Common/DerivedDataCache/2/2/0/TEXTURE_E01F4250BECD420DA9CE63B5EECEC2C2_OODLE_AUTODXT_11_D74E889B47AB4F79C4FE__E1D11756A588F52CB1775C2CAF31E7025831A992.udd" 5679
"C:/Users/Brayan/AppData/Local/UnrealEngine/Common/DerivedDataCache/7/7/1/TEXTURE_E01F4250BECD420DA9CE63B5EECEC2C2_OODLE_AUTODXT_11_D74E889B47AB4F79C4FE__451FF4638F9692B3112A02384FEB904916EC63F0.udd" 5680
"C:/Users/Brayan/AppData/Local/UnrealEngine/Common/DerivedDataCache/0/2/4/TEXTURE_E01F4250BECD420DA9CE63B5EECEC2C2_OODLE_AUTODXT_11_D74E889B47AB4F79C4FE__4E673AFB1FB2088993776DA4EA6EE92AC1EDD700.udd" 5681
"C:/Users/Brayan/AppData/Local/UnrealEngine/Common/DerivedDataCache/7/1/2/TEXTURE_E01F4250BECD420DA9CE63B5EECEC2C2_OODLE_AUTODXT_11_D74E889B47AB4F79C4FE__1BC34C1CB65207B2D8C356419CB64E3BD407C0F2.udd" 5682
"C:/Users/Brayan/AppData/Local/UnrealEngine/Common/DerivedDataCache/3/7/5/TEXTURE_E01F4250BECD420DA9CE63B5EECEC2C2_OODLE_BC5_11_84FDAC4A4F202A929B4590B9__F491CE4B1A0212C708CDF90C5A7141C36E5DAE08.udd" 5683
"C:/Users/Brayan/AppData/Local/UnrealEngine/Common/DerivedDataCache/7/8/1/TEXTURE_E01F4250BECD420DA9CE63B5EECEC2C2_OODLE_BC5_11_84FDAC4A4F202A929B4590B9__588447B3E5ACC4BA51D29C9A0373AFA6AC6172FB.udd" 5684
"C:/Users/Brayan/AppData/Local/UnrealEngine/Common/DerivedDataCache/4/6/8/TEXTURE_E01F4250BECD420DA9CE63B5EECEC2C2_OODLE_BC5_11_84FDAC4A4F202A929B4590B9__A8CE11E14CE6A96C8344D7834406BB5C3F535AA4.udd" 5685
"C:/Users/Brayan/AppData/Local/UnrealEngine/Common/DerivedDataCache/6/7/3/TEXTURE_E01F4250BECD420DA9CE63B5EECEC2C2_OODLE_BC5_11_84FDAC4A4F202A929B4590B9__ABF4CD6E6707373AF8A6080949EABCE311398B7E.udd" 5686
"C:/Users/Brayan/AppData/Local/UnrealEngine/Common/DerivedDataCache/9/1/4/TEXTURE_E01F4250BECD420DA9CE63B5EECEC2C2_OODLE_BC5_11_84FDAC4A4F202A929B4590B9__4975BAC02169A695D9F923611C59D6213F42CBEC.udd" 5687
"C:/Users/Brayan/AppData/Local/UnrealEngine/Common/DerivedDataCache/4/6/7/TEXTURE_E01F4250BECD420DA9CE63B5EECEC2C2_OODLE_AUTODXT_11_8CD10848470C23D15118__8BD6AD8CEE6266F422EF515AB8214E1DC5167B16.udd" 5688
"C:/Users/Brayan/AppData/Local/UnrealEngine/Common/DerivedDataCache/8/9/1/TEXTURE_E01F4250BECD420DA9CE63B5EECEC2C2_OODLE_AUTODXT_11_8CD10848470C23D15118__84D1B5D7BE7DA5655CE50DAA04918C1FD59A30A6.udd" 5689
"C:/Users/Brayan/AppData/Local/UnrealEngine/Common/DerivedDataCache/5/4/5/TEXTURE_E01F4250BECD420DA9CE63B5EECEC2C2_OODLE_AUTODXT_11_8CD10848470C23D15118__3167A909ED06A64F8737B523F06E6D01242FEA4E.udd" 5690
"C:/Users/Brayan/AppData/Local/UnrealEngine/Common/DerivedDataCache/9/8/1/TEXTURE_E01F4250BECD420DA9CE63B5EECEC2C2_OODLE_AUTODXT_11_8CD10848470C23D15118__8D43C8658E978D8D60C88BAAFA6807D4F1689DB3.udd" 5691
"C:/Users/Brayan/AppData/Local/UnrealEngine/Common/DerivedDataCache/4/6/4/TEXTURE_E01F4250BECD420DA9CE63B5EECEC2C2_OODLE_AUTODXT_11_8CD10848470C23D15118__8E676F822301F44EB744CC69AD7300CB8DB9E255.udd" 5692
"C:/Users/Brayan/AppData/Local/UnrealEngine/Common/DerivedDataCache/1/8/5/MATSM_0BA69734E4FD45E082FA4560DBE25454_PCD3D_SM5_8__BC5N_NOCCBN_NOIRIS_DEV_SL___A235EBD34B007B65EFBA579497364C132EFED52A.udd" 5693
"C:/Users/Brayan/AppData/Local/UnrealEngine/Common/DerivedDataCache/6/8/5/TEXTURE_E01F4250BECD420DA9CE63B5EECEC2C2_OODLE_AUTODXT_11_97099B904A79CA1E4B0A__8604D52F273A6213AB037182F60D649F2A2DE861.udd" 5694
"C:/Users/Brayan/AppData/Local/UnrealEngine/Common/DerivedDataCache/1/7/3/TEXTURE_E01F4250BECD420DA9CE63B5EECEC2C2_OODLE_AUTODXT_11_97099B904A79CA1E4B0A__9F318C46C71611BBAF6898496E550B7C76D986A7.udd" 5695
"C:/Users/Brayan/AppData/Local/UnrealEngine/Common/DerivedDataCache/7/7/6/TEXTURE_E01F4250BECD420DA9CE63B5EECEC2C2_OODLE_AUTODXT_11_97099B904A79CA1E4B0A__85895FF5B105FCE4C30A9A154B45482D447C42E5.udd" 5696
"C:/Users/Brayan/AppData/Local/UnrealEngine/Common/DerivedDataCache/5/8/2/TEXTURE_E01F4250BECD420DA9CE63B5EECEC2C2_OODLE_AUTODXT_11_97099B904A79CA1E4B0A__A00CE678DBB2B3902FF8D2411AC3696A14FB6EA5.udd" 5697
"C:/Users/Brayan/AppData/Local/UnrealEngine/Common/DerivedDataCache/4/7/3/TEXTURE_E01F4250BECD420DA9CE63B5EECEC2C2_OODLE_AUTODXT_11_97099B904A79CA1E4B0A__991ABE925DF72742ECF1ABEDC654ECA933B98A5D.udd" 5698
"C:/Users/Brayan/AppData/Local/UnrealEngine/Common/DerivedDataCache/1/6/7/TEXTURE_E01F4250BECD420DA9CE63B5EECEC2C2_OODLE_AUTODXT_11_97099B904A79CA1E4B0A__7413F2C27C31FDF503D228032525E73CFA4D4429.udd" 5699
"C:/Users/Brayan/AppData/Local/UnrealEngine/Common/DerivedDataCache/2/7/3/TEXTURE_E01F4250BECD420DA9CE63B5EECEC2C2_OODLE_BC5_11_D3EF745F45B1C1548AD38997__399C65F686B6CAEFF0433397C415D4641799F4B2.udd" 5700
"C:/Users/Brayan/AppData/Local/UnrealEngine/Common/DerivedDataCache/0/7/6/TEXTURE_E01F4250BECD420DA9CE63B5EECEC2C2_OODLE_BC5_11_D3EF745F45B1C1548AD38997__43311CDEFEAAE2230FF03DF09D443C6EA545FD08.udd" 5701
"C:/Users/Brayan/AppData/Local/UnrealEngine/Common/DerivedDataCache/6/9/2/TEXTURE_E01F4250BECD420DA9CE63B5EECEC2C2_OODLE_BC5_11_D3EF745F45B1C1548AD38997__8C59588BC9A49724E0DDE5EDA840CB3CF8C73931.udd" 5702
"C:/Users/Brayan/AppData/Local/UnrealEngine/Common/DerivedDataCache/1/0/0/TEXTURE_E01F4250BECD420DA9CE63B5EECEC2C2_OODLE_BC5_11_D3EF745F45B1C1548AD38997__4CEE6A940956F7C74DCD06895B631AEB68484C05.udd" 5703
"C:/Users/Brayan/AppData/Local/UnrealEngine/Common/DerivedDataCache/2/0/1/TEXTURE_E01F4250BECD420DA9CE63B5EECEC2C2_OODLE_BC5_11_D3EF745F45B1C1548AD38997__9C325D5A6028E3AA9EEF984A8757B5B843A94112.udd" 5704
"C:/Users/Brayan/AppData/Local/UnrealEngine/Common/DerivedDataCache/0/4/1/TEXTURE_E01F4250BECD420DA9CE63B5EECEC2C2_OODLE_BC5_11_D3EF745F45B1C1548AD38997__BBFC11CCB3B53766CF336812E98068C5A3F79F84.udd" 5705
"C:/Users/Brayan/AppData/Local/UnrealEngine/Common/DerivedDataCache/2/1/0/TEXTURE_E01F4250BECD420DA9CE63B5EECEC2C2_OODLE_AUTODXT_11_E54AAFD244A193404CD2__204EBE3BA772AEC44C7904FDFF3AA94D0B52911A.udd" 5706
"C:/Users/Brayan/AppData/Local/UnrealEngine/Common/DerivedDataCache/1/9/0/TEXTURE_E01F4250BECD420DA9CE63B5EECEC2C2_OODLE_AUTODXT_11_E54AAFD244A193404CD2__8BDB199294A3A1220C2111E7E7B9CE6F072C703A.udd" 5707
"C:/Users/Brayan/AppData/Local/UnrealEngine/Common/DerivedDataCache/6/7/8/TEXTURE_E01F4250BECD420DA9CE63B5EECEC2C2_OODLE_AUTODXT_11_E54AAFD244A193404CD2__A38CD111D7CCBE5FC82BF78AB6914CB3ACEC4C3C.udd" 5708
"C:/Users/Brayan/AppData/Local/UnrealEngine/Common/DerivedDataCache/7/9/9/TEXTURE_E01F4250BECD420DA9CE63B5EECEC2C2_OODLE_AUTODXT_11_E54AAFD244A193404CD2__39F0ED72D53E98B6DF27FC766C4079B70DC85E49.udd" 5709
"C:/Users/Brayan/AppData/Local/UnrealEngine/Common/DerivedDataCache/9/1/9/MATSM_0BA69734E4FD45E082FA4560DBE25454_PCD3D_SM5_8__BC5N_NOCCBN_NOIRIS_DEV_SL___DA638489CBFEC22285C62CC6B10FEBF2B95EB0D5.udd" 5710
"C:/Users/Brayan/AppData/Local/UnrealEngine/Common/DerivedDataCache/1/6/5/TEXTURE_E01F4250BECD420DA9CE63B5EECEC2C2_OODLE_AUTODXT_11_E54AAFD244A193404CD2__2A51631D5AE900AA1C73D771B56F286FDFEB2A10.udd" 5711
"C:/Users/Brayan/AppData/Local/UnrealEngine/Common/DerivedDataCache/6/3/4/TEXTURE_E01F4250BECD420DA9CE63B5EECEC2C2_OODLE_AUTODXT_11_E54AAFD244A193404CD2__E9EC7B7D51477E036CA725B48F1487D033CB63DB.udd" 5712
"C:/Users/Brayan/AppData/Local/UnrealEngine/Common/DerivedDataCache/9/5/3/TEXTURE_E01F4250BECD420DA9CE63B5EECEC2C2_OODLE_AUTODXT_11_8085373D40A91A07B09C__89B9402DF00BFF767B124D2EA87DAF9D1C00A85B.udd" 5713
"C:/Users/Brayan/AppData/Local/UnrealEngine/Common/DerivedDataCache/6/8/6/TEXTURE_E01F4250BECD420DA9CE63B5EECEC2C2_OODLE_AUTODXT_11_8085373D40A91A07B09C__F995B836F6CBB0A73B50BBEF163994C393F423ED.udd" 5714
"C:/Users/Brayan/AppData/Local/UnrealEngine/Common/DerivedDataCache/1/7/8/TEXTURE_E01F4250BECD420DA9CE63B5EECEC2C2_OODLE_AUTODXT_11_8085373D40A91A07B09C__126B47385A02112E3A8C1F93B0889C2FBB3B7A81.udd" 5715
"C:/Users/Brayan/AppData/Local/UnrealEngine/Common/DerivedDataCache/8/7/7/TEXTURE_E01F4250BECD420DA9CE63B5EECEC2C2_OODLE_AUTODXT_11_8085373D40A91A07B09C__33BDD34FD3602ECB62E0398A04FC57340672EA5A.udd" 5716
"C:/Users/Brayan/AppData/Local/UnrealEngine/Common/DerivedDataCache/4/9/1/TEXTURE_E01F4250BECD420DA9CE63B5EECEC2C2_OODLE_AUTODXT_11_8085373D40A91A07B09C__0E3BA2DA695A1B4A3EB44C8E29FE1B41B120F76C.udd" 5717
"C:/Users/Brayan/AppData/Local/UnrealEngine/Common/DerivedDataCache/5/8/1/TEXTURE_E01F4250BECD420DA9CE63B5EECEC2C2_OODLE_BC5_11_BDC37E7046F5ACDFFC2E4B93__1A22A347E6D8F6EADADE30215132CF51E4B35095.udd" 5718
"C:/Users/Brayan/AppData/Local/UnrealEngine/Common/DerivedDataCache/9/5/5/TEXTURE_E01F4250BECD420DA9CE63B5EECEC2C2_OODLE_BC5_11_BDC37E7046F5ACDFFC2E4B93__AF7E24A89F12607D9D42A8E9105F4B82E1301D26.udd" 5719
"C:/Users/Brayan/AppData/Local/UnrealEngine/Common/DerivedDataCache/4/9/7/TEXTURE_E01F4250BECD420DA9CE63B5EECEC2C2_OODLE_BC5_11_BDC37E7046F5ACDFFC2E4B93__870830562214ED56CFF7F00033B67A6B6D25F833.udd" 5720
"C:/Users/Brayan/AppData/Local/UnrealEngine/Common/DerivedDataCache/0/8/1/TEXTURE_E01F4250BECD420DA9CE63B5EECEC2C2_OODLE_BC5_11_BDC37E7046F5ACDFFC2E4B93__644BB1894F20F914CE0408787D5245AD20504215.udd" 5721
"C:/Users/Brayan/AppData/Local/UnrealEngine/Common/DerivedDataCache/7/4/2/TEXTURE_E01F4250BECD420DA9CE63B5EECEC2C2_OODLE_BC5_11_BDC37E7046F5ACDFFC2E4B93__22859F7F6A49C5C526438DF530E374312920D308.udd" 5722
"C:/Users/Brayan/AppData/Local/UnrealEngine/Common/DerivedDataCache/2/5/5/TEXTURE_E01F4250BECD420DA9CE63B5EECEC2C2_OODLE_AUTODXT_11_8A7073BE4F4C34C1ECEA__7B3A208CCD967F1AE671607E4E7E4843738C4FE7.udd" 5723
"C:/Users/Brayan/AppData/Local/UnrealEngine/Common/DerivedDataCache/5/9/2/TEXTURE_E01F4250BECD420DA9CE63B5EECEC2C2_OODLE_AUTODXT_11_8A7073BE4F4C34C1ECEA__837C1A0EBF862829913179F354D22DF5AAC8503C.udd" 5724
"C:/Users/Brayan/AppData/Local/UnrealEngine/Common/DerivedDataCache/0/9/3/TEXTURE_E01F4250BECD420DA9CE63B5EECEC2C2_OODLE_AUTODXT_11_8A7073BE4F4C34C1ECEA__8F525ECBE7FC7449826263E2967E3E80748AD610.udd" 5725
"C:/Users/Brayan/AppData/Local/UnrealEngine/Common/DerivedDataCache/1/3/5/TEXTURE_E01F4250BECD420DA9CE63B5EECEC2C2_OODLE_AUTODXT_11_8A7073BE4F4C34C1ECEA__CA1B22DA7D4F73E1AB218AA69AB736EB6742F2F7.udd" 5726
"C:/Users/Brayan/AppData/Local/UnrealEngine/Common/DerivedDataCache/6/7/2/TEXTURE_E01F4250BECD420DA9CE63B5EECEC2C2_OODLE_AUTODXT_11_8A7073BE4F4C34C1ECEA__9C18FFE9A891A15F25EA626160E885472B25C520.udd" 5727
"C:/Users/Brayan/AppData/Local/UnrealEngine/Common/DerivedDataCache/4/8/2/MATSM_0BA69734E4FD45E082FA4560DBE25454_PCD3D_SM5_8__BC5N_NOCCBN_NOIRIS_DEV_SL___8E52A251DAA26B3F9F38AEBFB83F55A19A3C8F30.udd" 5728
"C:/Users/Brayan/AppData/Local/UnrealEngine/Common/DerivedDataCache/6/6/6/TEXTURE_E01F4250BECD420DA9CE63B5EECEC2C2_OODLE_AUTODXT_11_B6E51EF347064EC5A33B__7E96C6A89DAA62F460809838FE76541E96FD8234.udd" 5729
"C:/Users/Brayan/AppData/Local/UnrealEngine/Common/DerivedDataCache/4/3/7/TEXTURE_E01F4250BECD420DA9CE63B5EECEC2C2_OODLE_AUTODXT_11_B6E51EF347064EC5A33B__08E43BCFC9110B4B0C77579949F6042F6958CCC1.udd" 5730
"C:/Users/Brayan/AppData/Local/UnrealEngine/Common/DerivedDataCache/8/4/1/TEXTURE_E01F4250BECD420DA9CE63B5EECEC2C2_OODLE_AUTODXT_11_B6E51EF347064EC5A33B__DDFC30EC6DE19545F081A730AEE7E629A072560F.udd" 5731
"C:/Users/Brayan/AppData/Local/UnrealEngine/Common/DerivedDataCache/8/0/5/TEXTURE_E01F4250BECD420DA9CE63B5EECEC2C2_OODLE_AUTODXT_11_B6E51EF347064EC5A33B__7F5E51C6083CBEB328BD67E093C4CCB90DEAAA24.udd" 5732
"C:/Users/Brayan/AppData/Local/UnrealEngine/Common/DerivedDataCache/5/9/9/TEXTURE_E01F4250BECD420DA9CE63B5EECEC2C2_OODLE_BC5_11_8E92DAA64BED37BFE7CBC4B1__2A524F04B7CE4DA0617C7DB36D5F901E30354F78.udd" 5733
"C:/Users/Brayan/AppData/Local/UnrealEngine/Common/DerivedDataCache/0/9/4/TEXTURE_E01F4250BECD420DA9CE63B5EECEC2C2_OODLE_BC5_11_8E92DAA64BED37BFE7CBC4B1__CF9B8C7971EA7EFB27FD56734F0118BBB6088C03.udd" 5734
"C:/Users/Brayan/AppData/Local/UnrealEngine/Common/DerivedDataCache/8/5/8/TEXTURE_E01F4250BECD420DA9CE63B5EECEC2C2_OODLE_BC5_11_8E92DAA64BED37BFE7CBC4B1__8261C188D808E1E78FC4DB16CB60429B6AF5E067.udd" 5735
"C:/Users/Brayan/AppData/Local/UnrealEngine/Common/DerivedDataCache/1/3/7/TEXTURE_E01F4250BECD420DA9CE63B5EECEC2C2_OODLE_BC5_11_8E92DAA64BED37BFE7CBC4B1__FA57A986384F51305262804241A8415A933B3DC5.udd" 5736
"C:/Users/Brayan/AppData/Local/UnrealEngine/Common/DerivedDataCache/4/7/0/TEXTURE_E01F4250BECD420DA9CE63B5EECEC2C2_OODLE_AUTODXT_11_4E5D678549791B131790__68D0F8CBB9753D307460C9387452CF3BD849E303.udd" 5737
"C:/Users/Brayan/AppData/Local/UnrealEngine/Common/DerivedDataCache/6/0/3/TEXTURE_E01F4250BECD420DA9CE63B5EECEC2C2_OODLE_AUTODXT_11_4E5D678549791B131790__53BC396EAF4EE9BFF2A1F3F8742EFB84B0C702F0.udd" 5738
"C:/Users/Brayan/AppData/Local/UnrealEngine/Common/DerivedDataCache/5/7/1/TEXTURE_E01F4250BECD420DA9CE63B5EECEC2C2_OODLE_AUTODXT_11_4E5D678549791B131790__57FDB11CA3AC5CD736AC661834DDF18F9112BC4D.udd" 5739
"C:/Users/Brayan/AppData/Local/UnrealEngine/Common/DerivedDataCache/8/9/6/TEXTURE_E01F4250BECD420DA9CE63B5EECEC2C2_OODLE_AUTODXT_11_4E5D678549791B131790__7D35ABC9168E1F4CFC834F322811404D9F241321.udd" 5740
"C:/Users/Brayan/AppData/Local/UnrealEngine/Common/DerivedDataCache/8/4/7/TEXTURE_E01F4250BECD420DA9CE63B5EECEC2C2_OODLE_AUTODXT_11_4E5D678549791B131790__A900FBD7F864813A9FB86EBC02D75EE87605A2BB.udd" 5741
"C:/Users/Brayan/AppData/Local/UnrealEngine/Common/DerivedDataCache/2/4/6/MATSM_0BA69734E4FD45E082FA4560DBE25454_PCD3D_SM5_8__BC5N_NOCCBN_NOIRIS_DEV_SL___9D5923457466BECE9A5C1E1FC3B0BFD352B33619.udd" 5742
"C:/Users/Brayan/AppData/Local/UnrealEngine/Common/DerivedDataCache/7/4/2/TEXTURE_E01F4250BECD420DA9CE63B5EECEC2C2_OODLE_AUTODXT_11_EC2118BF4833C9398611__90304CC93681B255C56A240EFC7A8562D762FD73.udd" 5743
"C:/Users/Brayan/AppData/Local/UnrealEngine/Common/DerivedDataCache/0/3/6/TEXTURE_E01F4250BECD420DA9CE63B5EECEC2C2_OODLE_AUTODXT_11_EC2118BF4833C9398611__E7D10463DB6B224C818AD8584F6EAC6F2DD7DB8D.udd" 5744
"C:/Users/Brayan/AppData/Local/UnrealEngine/Common/DerivedDataCache/4/7/5/TEXTURE_E01F4250BECD420DA9CE63B5EECEC2C2_OODLE_AUTODXT_11_EC2118BF4833C9398611__7701E975AAA9F478E78314030E8307364DAE6CCA.udd" 5745
"C:/Users/Brayan/AppData/Local/UnrealEngine/Common/DerivedDataCache/6/7/1/TEXTURE_E01F4250BECD420DA9CE63B5EECEC2C2_OODLE_AUTODXT_11_EC2118BF4833C9398611__DCC6F948700981FC02E8C08BB5A203DCEDB77F3E.udd" 5746
"C:/Users/Brayan/AppData/Local/UnrealEngine/Common/DerivedDataCache/9/0/5/TEXTURE_E01F4250BECD420DA9CE63B5EECEC2C2_OODLE_AUTODXT_11_EC2118BF4833C9398611__4DEFCC573BD51F73F39026F37EA2A75BE01AFB4C.udd" 5747
"C:/Users/Brayan/AppData/Local/UnrealEngine/Common/DerivedDataCache/4/1/2/TEXTURE_E01F4250BECD420DA9CE63B5EECEC2C2_OODLE_AUTODXT_11_B50CCACA439AD19C74CC__76B7709EAA3073470CBDDB7F8226B3FB43810BB8.udd" 5748
"C:/Users/Brayan/AppData/Local/UnrealEngine/Common/DerivedDataCache/0/2/5/TEXTURE_E01F4250BECD420DA9CE63B5EECEC2C2_OODLE_AUTODXT_11_B50CCACA439AD19C74CC__E4ABB0757C41DD3A8173D2EE1949A3C2109C2EA7.udd" 5749
"C:/Users/Brayan/AppData/Local/UnrealEngine/Common/DerivedDataCache/0/4/6/TEXTURE_E01F4250BECD420DA9CE63B5EECEC2C2_OODLE_AUTODXT_11_B50CCACA439AD19C74CC__3FDB2C81D8278688DAD570FC55B08B607B1C492A.udd" 5750
"C:/Users/Brayan/AppData/Local/UnrealEngine/Common/DerivedDataCache/3/4/7/TEXTURE_E01F4250BECD420DA9CE63B5EECEC2C2_OODLE_AUTODXT_11_B50CCACA439AD19C74CC__7D1CA1ECB989B3D12995638821FA1A96249A64C2.udd" 5751
"C:/Users/Brayan/AppData/Local/UnrealEngine/Common/DerivedDataCache/0/0/5/TEXTURE_E01F4250BECD420DA9CE63B5EECEC2C2_OODLE_AUTODXT_11_B50CCACA439AD19C74CC__A240270BDE8B0F233937C16F4DFA4A9485C3753D.udd" 5752
"C:/Users/Brayan/AppData/Local/UnrealEngine/Common/DerivedDataCache/3/4/5/TEXTURE_E01F4250BECD420DA9CE63B5EECEC2C2_OODLE_BC5_11_FBBB62DE489E9E1675751C81__8334E16063BA2B30BF6348E5DF821C66FA6561A0.udd" 5753
"C:/Users/Brayan/AppData/Local/UnrealEngine/Common/DerivedDataCache/8/3/2/TEXTURE_E01F4250BECD420DA9CE63B5EECEC2C2_OODLE_BC5_11_FBBB62DE489E9E1675751C81__4615AFF37D1A88EE9A5D7EC40F9E8A426E24B69A.udd" 5754
"C:/Users/Brayan/AppData/Local/UnrealEngine/Common/DerivedDataCache/7/2/9/TEXTURE_E01F4250BECD420DA9CE63B5EECEC2C2_OODLE_BC5_11_FBBB62DE489E9E1675751C81__0E9B459A8F586CBF29FA383E02C9E64F21D3AE9C.udd" 5755
"C:/Users/Brayan/AppData/Local/UnrealEngine/Common/DerivedDataCache/1/4/7/TEXTURE_E01F4250BECD420DA9CE63B5EECEC2C2_OODLE_BC5_11_FBBB62DE489E9E1675751C81__83691C7D46760E969855D5208330744F21CC2256.udd" 5756
"C:/Users/Brayan/AppData/Local/UnrealEngine/Common/DerivedDataCache/5/8/8/TEXTURE_E01F4250BECD420DA9CE63B5EECEC2C2_OODLE_BC5_11_FBBB62DE489E9E1675751C81__17360F8597376C3B66413C4D7FC9C28ADC8358FF.udd" 5757
"C:/Users/Brayan/AppData/Local/UnrealEngine/Common/DerivedDataCache/3/4/1/MATSM_0BA69734E4FD45E082FA4560DBE25454_PCD3D_SM5_8__BC5N_NOCCBN_NOIRIS_DEV_SL___34DED0A96415B72F7B62B4C55BF8F1BC16A75D71.udd" 5758
"C:/Users/Brayan/AppData/Local/UnrealEngine/Common/DerivedDataCache/9/7/8/TEXTURE_E01F4250BECD420DA9CE63B5EECEC2C2_OODLE_AUTODXT_11_67D1AD8C463BE6606594__2CF7F6BD5A68B75BBD0DEC8A0D59939C78DD72ED.udd" 5759
"C:/Users/Brayan/AppData/Local/UnrealEngine/Common/DerivedDataCache/7/6/9/TEXTURE_E01F4250BECD420DA9CE63B5EECEC2C2_OODLE_AUTODXT_11_67D1AD8C463BE6606594__A5B36BAFB0A8474E63D0C9A7C274BB2B2F6AB3E3.udd" 5760
"C:/Users/Brayan/AppData/Local/UnrealEngine/Common/DerivedDataCache/0/0/4/TEXTURE_E01F4250BECD420DA9CE63B5EECEC2C2_OODLE_AUTODXT_11_67D1AD8C463BE6606594__2444A4D8802191C6C082CC1FB619D40024AF6E08.udd" 5761
"C:/Users/Brayan/AppData/Local/UnrealEngine/Common/DerivedDataCache/9/5/6/TEXTURE_E01F4250BECD420DA9CE63B5EECEC2C2_OODLE_AUTODXT_11_67D1AD8C463BE6606594__B0DF642E6055B6AE767E942FFF23A4C621DA2FB0.udd" 5762
"C:/Users/Brayan/AppData/Local/UnrealEngine/Common/DerivedDataCache/2/6/0/TEXTURE_E01F4250BECD420DA9CE63B5EECEC2C2_OODLE_AUTODXT_11_67D1AD8C463BE6606594__7240DEA7934D9E8DDA3726E0139B89DAB94DB7DE.udd" 5763
"C:/Users/Brayan/AppData/Local/UnrealEngine/Common/DerivedDataCache/6/4/1/TEXTURE_E01F4250BECD420DA9CE63B5EECEC2C2_OODLE_BC5_11_4CC188154C5A8461EBA41596__F12A4AE4A341B76D86F61044300AEEE7C682C62E.udd" 5764
"C:/Users/Brayan/AppData/Local/UnrealEngine/Common/DerivedDataCache/9/6/0/TEXTURE_E01F4250BECD420DA9CE63B5EECEC2C2_OODLE_BC5_11_4CC188154C5A8461EBA41596__9D5BE9EA71429A274F38906132915A158ACF6624.udd" 5765
"C:/Users/Brayan/AppData/Local/UnrealEngine/Common/DerivedDataCache/3/1/7/TEXTURE_E01F4250BECD420DA9CE63B5EECEC2C2_OODLE_BC5_11_4CC188154C5A8461EBA41596__059E77F66A8ED607D47E91B43BF12FEF33EF6996.udd" 5766
"C:/Users/Brayan/AppData/Local/UnrealEngine/Common/DerivedDataCache/9/2/8/TEXTURE_E01F4250BECD420DA9CE63B5EECEC2C2_OODLE_BC5_11_4CC188154C5A8461EBA41596__0026C86D95DCFA57DD8B9A1776D07285C0AB0CA2.udd" 5767
"C:/Users/Brayan/AppData/Local/UnrealEngine/Common/DerivedDataCache/4/5/8/TEXTURE_E01F4250BECD420DA9CE63B5EECEC2C2_OODLE_BC5_11_4CC188154C5A8461EBA41596__C46A4C46E642617D48448638A681ECEF5EB64D96.udd" 5768
"C:/Users/Brayan/AppData/Local/UnrealEngine/Common/DerivedDataCache/6/5/5/TEXTURE_E01F4250BECD420DA9CE63B5EECEC2C2_OODLE_AUTODXT_11_B36C741340DBDDD41209__69E9BC764437E073CE2BBA61E9CA9A7818C620EF.udd" 5769
"C:/Users/Brayan/AppData/Local/UnrealEngine/Common/DerivedDataCache/9/5/5/TEXTURE_E01F4250BECD420DA9CE63B5EECEC2C2_OODLE_AUTODXT_11_B36C741340DBDDD41209__267F0E8A82DD1FE58351F945ACEE7F2A696BEE5B.udd" 5770
"C:/Users/Brayan/AppData/Local/UnrealEngine/Common/DerivedDataCache/7/9/3/TEXTURE_E01F4250BECD420DA9CE63B5EECEC2C2_OODLE_AUTODXT_11_B36C741340DBDDD41209__F5E7F73A0F428B3C6C6A341AF95FA31B64DA9C58.udd" 5771
"C:/Users/Brayan/AppData/Local/UnrealEngine/Common/DerivedDataCache/7/3/8/TEXTURE_E01F4250BECD420DA9CE63B5EECEC2C2_OODLE_AUTODXT_11_B36C741340DBDDD41209__0CBBB039F6F2771250574B3F4F3A836A7512D17F.udd" 5772
"C:/Users/Brayan/AppData/Local/UnrealEngine/Common/DerivedDataCache/3/1/2/TEXTURE_E01F4250BECD420DA9CE63B5EECEC2C2_OODLE_AUTODXT_11_B36C741340DBDDD41209__CF3DEB029A785E3A4C5BE8663E7D7C76027243EE.udd" 5773
"C:/Users/Brayan/AppData/Local/UnrealEngine/Common/DerivedDataCache/8/0/3/MATSM_0BA69734E4FD45E082FA4560DBE25454_PCD3D_SM5_8__BC5N_NOCCBN_NOIRIS_DEV_SL___E3F555303EE4782D2AADBA0B22EAABFFA41EBB00.udd" 5774
"C:/Users/Brayan/AppData/Local/UnrealEngine/Common/DerivedDataCache/9/0/9/TEXTURE_E01F4250BECD420DA9CE63B5EECEC2C2_OODLE_AUTODXT_11_9134FD094A7F641CE68A__D49F84C271441FC1EEAED3D383EEED0F59080024.udd" 5775
"C:/Users/Brayan/AppData/Local/UnrealEngine/Common/DerivedDataCache/8/7/3/TEXTURE_E01F4250BECD420DA9CE63B5EECEC2C2_OODLE_AUTODXT_11_9134FD094A7F641CE68A__1CE65C3C7DF589F538B24D8D2D482F28A4012CEA.udd" 5776
"C:/Users/Brayan/AppData/Local/UnrealEngine/Common/DerivedDataCache/5/8/9/TEXTURE_E01F4250BECD420DA9CE63B5EECEC2C2_OODLE_AUTODXT_11_9134FD094A7F641CE68A__7CB244E26FFC92D46F995A2E1847615E9162D51B.udd" 5777
"C:/Users/Brayan/AppData/Local/UnrealEngine/Common/DerivedDataCache/5/2/7/TEXTURE_E01F4250BECD420DA9CE63B5EECEC2C2_OODLE_AUTODXT_11_9134FD094A7F641CE68A__E3F03849C970FE5C4FEAB396F56D270978753FA9.udd" 5778
"C:/Users/Brayan/AppData/Local/UnrealEngine/Common/DerivedDataCache/5/7/3/TEXTURE_E01F4250BECD420DA9CE63B5EECEC2C2_OODLE_AUTODXT_11_9134FD094A7F641CE68A__6F314940434196609273B6A367A8CC5EF19B8693.udd" 5779
"C:/Users/Brayan/AppData/Local/UnrealEngine/Common/DerivedDataCache/2/7/5/TEXTURE_E01F4250BECD420DA9CE63B5EECEC2C2_OODLE_BC5_11_0F7EFEAA426880A8A4AAF987__0EF52D51C88365F401F166DF4D144AF7A7E35553.udd" 5780
"C:/Users/Brayan/AppData/Local/UnrealEngine/Common/DerivedDataCache/9/4/7/TEXTURE_E01F4250BECD420DA9CE63B5EECEC2C2_OODLE_BC5_11_0F7EFEAA426880A8A4AAF987__749342103837D0747791CF62F33DA5BDBCDEB8E7.udd" 5781
"C:/Users/Brayan/AppData/Local/UnrealEngine/Common/DerivedDataCache/8/4/5/TEXTURE_E01F4250BECD420DA9CE63B5EECEC2C2_OODLE_BC5_11_0F7EFEAA426880A8A4AAF987__D99A56DDF7E0CCA885A08BE04FF738CB3BB27E81.udd" 5782
"C:/Users/Brayan/AppData/Local/UnrealEngine/Common/DerivedDataCache/6/8/8/TEXTURE_E01F4250BECD420DA9CE63B5EECEC2C2_OODLE_BC5_11_0F7EFEAA426880A8A4AAF987__BDDDB531511E6906F1E77FAF84E1114DC85AD4D1.udd" 5783
"C:/Users/Brayan/AppData/Local/UnrealEngine/Common/DerivedDataCache/4/6/4/TEXTURE_E01F4250BECD420DA9CE63B5EECEC2C2_OODLE_BC5_11_0F7EFEAA426880A8A4AAF987__FA67B1A0C0936B920077F86504A2C274F5E3F88A.udd" 5784
"C:/Users/Brayan/AppData/Local/UnrealEngine/Common/DerivedDataCache/4/7/7/TEXTURE_E01F4250BECD420DA9CE63B5EECEC2C2_OODLE_AUTODXT_11_C08B15BE409FE8BB7B2E__5AC2516EEAD7412350C1F870E38DC7EB663267E7.udd" 5785
"C:/Users/Brayan/AppData/Local/UnrealEngine/Common/DerivedDataCache/9/6/9/TEXTURE_E01F4250BECD420DA9CE63B5EECEC2C2_OODLE_AUTODXT_11_C08B15BE409FE8BB7B2E__D0E79D2823F3C2850BF028FB31C36087B4A363FA.udd" 5786
"C:/Users/Brayan/AppData/Local/UnrealEngine/Common/DerivedDataCache/9/8/5/TEXTURE_E01F4250BECD420DA9CE63B5EECEC2C2_OODLE_AUTODXT_11_C08B15BE409FE8BB7B2E__E2595CEDE19938CD5221BD075125EBBB7F5C0BFE.udd" 5787
"C:/Users/Brayan/AppData/Local/UnrealEngine/Common/DerivedDataCache/3/8/3/TEXTURE_E01F4250BECD420DA9CE63B5EECEC2C2_OODLE_AUTODXT_11_C08B15BE409FE8BB7B2E__40CCA2EC7D256276014C3D1A6D0950CDF0F2B902.udd" 5788
"C:/Users/Brayan/AppData/Local/UnrealEngine/Common/DerivedDataCache/6/9/1/TEXTURE_E01F4250BECD420DA9CE63B5EECEC2C2_OODLE_AUTODXT_11_C08B15BE409FE8BB7B2E__A372C3E2EF988F60401D08EBE2A10031D23451F3.udd" 5789
"C:/Users/Brayan/AppData/Local/UnrealEngine/Common/DerivedDataCache/4/6/6/MATSM_0BA69734E4FD45E082FA4560DBE25454_PCD3D_SM5_8__BC5N_NOCCBN_NOIRIS_DEV_SL___55875968ADD0303D1AB38CBD45AB098C447DE990.udd" 5790
"C:/Users/Brayan/AppData/Local/UnrealEngine/Common/DerivedDataCache/4/0/2/TEXTURE_E01F4250BECD420DA9CE63B5EECEC2C2_OODLE_AUTODXT_11_F4C562ED44EBF6BE3686__464A980491A7ACE5986019D9DDFC5333C7E5CA84.udd" 5791
"C:/Users/Brayan/AppData/Local/UnrealEngine/Common/DerivedDataCache/8/7/2/TEXTURE_E01F4250BECD420DA9CE63B5EECEC2C2_OODLE_AUTODXT_11_F4C562ED44EBF6BE3686__510AD5A25F8E143A2875B22034B1E7B87EDF4D53.udd" 5792
"C:/Users/Brayan/AppData/Local/UnrealEngine/Common/DerivedDataCache/2/7/6/TEXTURE_E01F4250BECD420DA9CE63B5EECEC2C2_OODLE_AUTODXT_11_F4C562ED44EBF6BE3686__AE4A74CEC52832C3B647C66A838614D4D73FB0E9.udd" 5793
"C:/Users/Brayan/AppData/Local/UnrealEngine/Common/DerivedDataCache/1/4/5/TEXTURE_E01F4250BECD420DA9CE63B5EECEC2C2_OODLE_AUTODXT_11_F4C562ED44EBF6BE3686__E1883B10E61C92A3E7714245FB52CEFD285713B6.udd" 5794
"C:/Users/Brayan/AppData/Local/UnrealEngine/Common/DerivedDataCache/0/1/9/TEXTURE_E01F4250BECD420DA9CE63B5EECEC2C2_OODLE_AUTODXT_11_F4C562ED44EBF6BE3686__822316B7D51C6630230E0AF1C94CAFA6943B5779.udd" 5795
"C:/Users/Brayan/AppData/Local/UnrealEngine/Common/DerivedDataCache/5/1/5/TEXTURE_E01F4250BECD420DA9CE63B5EECEC2C2_OODLE_BC5_11_1E479BB1408861BCE15948BD__890DF06562A8726AF242B9605E08718FD06A6611.udd" 5796
"C:/Users/Brayan/AppData/Local/UnrealEngine/Common/DerivedDataCache/4/3/5/TEXTURE_E01F4250BECD420DA9CE63B5EECEC2C2_OODLE_BC5_11_1E479BB1408861BCE15948BD__A9376CC01F209AECAC8B7FAB2A88196FB26DB5F7.udd" 5797
"C:/Users/Brayan/AppData/Local/UnrealEngine/Common/DerivedDataCache/2/5/5/TEXTURE_E01F4250BECD420DA9CE63B5EECEC2C2_OODLE_BC5_11_1E479BB1408861BCE15948BD__CE8A597B420A4E55608A9DE05679080B56A7A312.udd" 5798
"C:/Users/Brayan/AppData/Local/UnrealEngine/Common/DerivedDataCache/9/4/0/TEXTURE_E01F4250BECD420DA9CE63B5EECEC2C2_OODLE_BC5_11_1E479BB1408861BCE15948BD__181716234436933C33B5D34AAF3133D09BF25507.udd" 5799
"C:/Users/Brayan/AppData/Local/UnrealEngine/Common/DerivedDataCache/5/7/4/TEXTURE_E01F4250BECD420DA9CE63B5EECEC2C2_OODLE_BC5_11_1E479BB1408861BCE15948BD__E7072A02A45831D1982646ADF667B14F48190D59.udd" 5800
"C:/Users/Brayan/AppData/Local/UnrealEngine/Common/DerivedDataCache/5/4/5/TEXTURE_E01F4250BECD420DA9CE63B5EECEC2C2_OODLE_AUTODXT_11_37B2176E4C9E5D252248__C0F0F5F0C8E745EF70D84894D95A15F40B68B2BC.udd" 5801
"C:/Users/Brayan/AppData/Local/UnrealEngine/Common/DerivedDataCache/8/8/9/TEXTURE_E01F4250BECD420DA9CE63B5EECEC2C2_OODLE_AUTODXT_11_37B2176E4C9E5D252248__9FE8BF95F25E2777DF64B5C2EAD76FF3081E890C.udd" 5802
"C:/Users/Brayan/AppData/Local/UnrealEngine/Common/DerivedDataCache/0/6/1/TEXTURE_E01F4250BECD420DA9CE63B5EECEC2C2_OODLE_AUTODXT_11_37B2176E4C9E5D252248__71BA34C614C490E70E977319BABAF14234BD5B7F.udd" 5803
"C:/Users/Brayan/AppData/Local/UnrealEngine/Common/DerivedDataCache/2/6/3/TEXTURE_E01F4250BECD420DA9CE63B5EECEC2C2_OODLE_AUTODXT_11_37B2176E4C9E5D252248__262F7844EBCDB6ADB34AD9AD4B1FFDF833E9E2BB.udd" 5804
"C:/Users/Brayan/AppData/Local/UnrealEngine/Common/DerivedDataCache/3/2/4/TEXTURE_E01F4250BECD420DA9CE63B5EECEC2C2_OODLE_AUTODXT_11_37B2176E4C9E5D252248__A57652FD080F24A25C5457CC939206991413D0A0.udd" 5805
"C:/Users/Brayan/AppData/Local/UnrealEngine/Common/DerivedDataCache/2/3/3/MATSM_0BA69734E4FD45E082FA4560DBE25454_PCD3D_SM5_8__BC5N_NOCCBN_NOIRIS_DEV_SL___EF807ED8450A56657D017015665EEDCC48EB4D67.udd" 5806
"C:/Users/Brayan/AppData/Local/UnrealEngine/Common/DerivedDataCache/8/7/6/TEXTURE_E01F4250BECD420DA9CE63B5EECEC2C2_OODLE_AUTODXT_11_9775FC674E04057051FD__BEB9357539A194F9EBDCF8743CE169ABE03F4E9E.udd" 5807
"C:/Users/Brayan/AppData/Local/UnrealEngine/Common/DerivedDataCache/7/9/1/TEXTURE_E01F4250BECD420DA9CE63B5EECEC2C2_OODLE_AUTODXT_11_9775FC674E04057051FD__B912A1C9331D7824B4EA493EC8624D0321A4F076.udd" 5808
"C:/Users/Brayan/AppData/Local/UnrealEngine/Common/DerivedDataCache/9/2/7/TEXTURE_E01F4250BECD420DA9CE63B5EECEC2C2_OODLE_AUTODXT_11_9775FC674E04057051FD__1EB6EE2CB7DE70558263AC8BB01E3FECF1EBF580.udd" 5809
"C:/Users/Brayan/AppData/Local/UnrealEngine/Common/DerivedDataCache/2/3/7/TEXTURE_E01F4250BECD420DA9CE63B5EECEC2C2_OODLE_AUTODXT_11_9775FC674E04057051FD__91984B26CD276D88BC403F92CBE1E248BBEB6C8F.udd" 5810
"C:/Users/Brayan/AppData/Local/UnrealEngine/Common/DerivedDataCache/7/6/8/TEXTURE_E01F4250BECD420DA9CE63B5EECEC2C2_OODLE_AUTODXT_11_9775FC674E04057051FD__17020D6BD48E23C02FBFA9A79D52E0464A5E8675.udd" 5811
"C:/Users/Brayan/AppData/Local/UnrealEngine/Common/DerivedDataCache/3/8/5/TEXTURE_E01F4250BECD420DA9CE63B5EECEC2C2_OODLE_AUTODXT_11_9775FC674E04057051FD__8BBC05F7232A25BC55369E8020AE905B991B2050.udd" 5812
"C:/Users/Brayan/AppData/Local/UnrealEngine/Common/DerivedDataCache/5/1/4/TEXTURE_E01F4250BECD420DA9CE63B5EECEC2C2_OODLE_BC5_11_E4A3C1CE49AADE8BC2920088__718A618FCD232B4C1E7D753AC1C3FC4B5DC3D62A.udd" 5813
"C:/Users/Brayan/AppData/Local/UnrealEngine/Common/DerivedDataCache/7/1/6/TEXTURE_E01F4250BECD420DA9CE63B5EECEC2C2_OODLE_BC5_11_E4A3C1CE49AADE8BC2920088__2FA2F5CE689579638626B42DC226FB133573A325.udd" 5814
"C:/Users/Brayan/AppData/Local/UnrealEngine/Common/DerivedDataCache/7/1/1/TEXTURE_E01F4250BECD420DA9CE63B5EECEC2C2_OODLE_BC5_11_E4A3C1CE49AADE8BC2920088__A9BF9D58FCC9545498396D06849824483E13C605.udd" 5815
"C:/Users/Brayan/AppData/Local/UnrealEngine/Common/DerivedDataCache/9/6/4/TEXTURE_E01F4250BECD420DA9CE63B5EECEC2C2_OODLE_BC5_11_E4A3C1CE49AADE8BC2920088__CF708BF5B6D674A165AD1FE0B5EA4B16325B6586.udd" 5816
"C:/Users/Brayan/AppData/Local/UnrealEngine/Common/DerivedDataCache/3/7/2/TEXTURE_E01F4250BECD420DA9CE63B5EECEC2C2_OODLE_BC5_11_E4A3C1CE49AADE8BC2920088__D18C6C8C5324C511F3CC0013D18BDD6794B81678.udd" 5817
"C:/Users/Brayan/AppData/Local/UnrealEngine/Common/DerivedDataCache/6/8/6/TEXTURE_E01F4250BECD420DA9CE63B5EECEC2C2_OODLE_BC5_11_E4A3C1CE49AADE8BC2920088__FA3E3DBBFDDC3B7AAA23BF1C504D32CD973BD9BB.udd" 5818
"C:/Users/Brayan/AppData/Local/UnrealEngine/Common/DerivedDataCache/2/9/4/TEXTURE_E01F4250BECD420DA9CE63B5EECEC2C2_OODLE_AUTODXT_11_A9E6FDD84891AC01C774__85EB663973219AB9A0D6F13F0E79D14E02F2A0A7.udd" 5819
"C:/Users/Brayan/AppData/Local/UnrealEngine/Common/DerivedDataCache/8/3/9/TEXTURE_E01F4250BECD420DA9CE63B5EECEC2C2_OODLE_AUTODXT_11_A9E6FDD84891AC01C774__E4CB9055CA6C45E4F05CD39837D44ABC25D7B3BD.udd" 5820
"C:/Users/Brayan/AppData/Local/UnrealEngine/Common/DerivedDataCache/8/4/4/TEXTURE_E01F4250BECD420DA9CE63B5EECEC2C2_OODLE_AUTODXT_11_A9E6FDD84891AC01C774__E842010C1DE0579F426BA05601EA92AFDE21699A.udd" 5821
"C:/Users/Brayan/AppData/Local/UnrealEngine/Common/DerivedDataCache/1/0/8/TEXTURE_E01F4250BECD420DA9CE63B5EECEC2C2_OODLE_AUTODXT_11_A9E6FDD84891AC01C774__F5EF5A388ABC3898936D86A5E9731DAC0AD2AE17.udd" 5822
"C:/Users/Brayan/AppData/Local/UnrealEngine/Common/DerivedDataCache/0/4/4/TEXTURE_E01F4250BECD420DA9CE63B5EECEC2C2_OODLE_AUTODXT_11_A9E6FDD84891AC01C774__FFDA5098DA926B2944AD5A7EE956B9D4B74AFB62.udd" 5823
"C:/Users/Brayan/AppData/Local/UnrealEngine/Common/DerivedDataCache/4/7/4/TEXTURE_E01F4250BECD420DA9CE63B5EECEC2C2_OODLE_AUTODXT_11_A9E6FDD84891AC01C774__F977AEA61223F55630045B5D585A22D9C9954F9D.udd" 5824
"C:/Users/Brayan/AppData/Local/UnrealEngine/Common/DerivedDataCache/2/1/0/MATSM_0BA69734E4FD45E082FA4560DBE25454_PCD3D_SM5_8__BC5N_NOCCBN_NOIRIS_DEV_SL___80E7C04E392A85A34F41368BABCB7156722E1B85.udd" 5825
"C:/Users/Brayan/AppData/Local/UnrealEngine/Common/DerivedDataCache/6/9/4/TEXTURE_E01F4250BECD420DA9CE63B5EECEC2C2_OODLE_AUTODXT_11_306E3BAB49D062119D95__C718C3E6951E106C664437C6BDB23A3B3337F153.udd" 5826
"C:/Users/Brayan/AppData/Local/UnrealEngine/Common/DerivedDataCache/5/0/4/TEXTURE_E01F4250BECD420DA9CE63B5EECEC2C2_OODLE_AUTODXT_11_306E3BAB49D062119D95__A682F6EF944C9DB85E1C07F8072D399824E69C72.udd" 5827
"C:/Users/Brayan/AppData/Local/UnrealEngine/Common/DerivedDataCache/4/1/6/TEXTURE_E01F4250BECD420DA9CE63B5EECEC2C2_OODLE_AUTODXT_11_306E3BAB49D062119D95__4599AF3F2DEDE6BBE0469077DDE421F51166B935.udd" 5828
"C:/Users/Brayan/AppData/Local/UnrealEngine/Common/DerivedDataCache/0/8/7/TEXTURE_E01F4250BECD420DA9CE63B5EECEC2C2_OODLE_AUTODXT_11_306E3BAB49D062119D95__E5F19C6BAD618A3449E4425032FB8C70BAF8E7EF.udd" 5829
"C:/Users/Brayan/AppData/Local/UnrealEngine/Common/DerivedDataCache/2/3/8/TEXTURE_E01F4250BECD420DA9CE63B5EECEC2C2_OODLE_AUTODXT_11_306E3BAB49D062119D95__F9E16688597135CC212F265FCE83063C41D8D9F7.udd" 5830
"C:/Users/Brayan/AppData/Local/UnrealEngine/Common/DerivedDataCache/0/0/4/TEXTURE_E01F4250BECD420DA9CE63B5EECEC2C2_OODLE_AUTODXT_11_BA82DA304284294F2365__03BAC3FF2AD61FF8D9365C5FB249CC1BFF181ADC.udd" 5831
"C:/Users/Brayan/AppData/Local/UnrealEngine/Common/DerivedDataCache/6/2/3/TEXTURE_E01F4250BECD420DA9CE63B5EECEC2C2_OODLE_AUTODXT_11_BA82DA304284294F2365__DE2D1E20D38C1A830C6B29E29AA8A356716046CC.udd" 5832
"C:/Users/Brayan/AppData/Local/UnrealEngine/Common/DerivedDataCache/3/3/4/TEXTURE_E01F4250BECD420DA9CE63B5EECEC2C2_OODLE_AUTODXT_11_BA82DA304284294F2365__AB55B400629E590189508F434583A994530A2B9A.udd" 5833
"C:/Users/Brayan/AppData/Local/UnrealEngine/Common/DerivedDataCache/3/0/3/TEXTURE_E01F4250BECD420DA9CE63B5EECEC2C2_OODLE_AUTODXT_11_BA82DA304284294F2365__80822D85B28B6BB7CBCD7380C0301C3AC47236CE.udd" 5834
"C:/Users/Brayan/AppData/Local/UnrealEngine/Common/DerivedDataCache/6/9/3/TEXTURE_E01F4250BECD420DA9CE63B5EECEC2C2_OODLE_AUTODXT_11_BA82DA304284294F2365__309FC5B57710D64E37AA441C9E488DD3A027E0A6.udd" 5835
"C:/Users/Brayan/AppData/Local/UnrealEngine/Common/DerivedDataCache/4/7/1/TEXTURE_E01F4250BECD420DA9CE63B5EECEC2C2_OODLE_BC5_11_29CF27704111BCCF0BA3E488__8440774545FBADFAD2D17035598C95655324707E.udd" 5836
"C:/Users/Brayan/AppData/Local/UnrealEngine/Common/DerivedDataCache/7/2/4/TEXTURE_E01F4250BECD420DA9CE63B5EECEC2C2_OODLE_BC5_11_29CF27704111BCCF0BA3E488__3293367F872203495F2767934D0870C83772AD9C.udd" 5837
"C:/Users/Brayan/AppData/Local/UnrealEngine/Common/DerivedDataCache/7/7/9/TEXTURE_E01F4250BECD420DA9CE63B5EECEC2C2_OODLE_BC5_11_29CF27704111BCCF0BA3E488__97D3840F60A207A41950EBA736930C2D941E7562.udd" 5838
"C:/Users/Brayan/AppData/Local/UnrealEngine/Common/DerivedDataCache/0/1/5/TEXTURE_E01F4250BECD420DA9CE63B5EECEC2C2_OODLE_BC5_11_29CF27704111BCCF0BA3E488__CBA6A61B7B7832734814E77D1CB78C8BD0B3DD02.udd" 5839
"C:/Users/Brayan/AppData/Local/UnrealEngine/Common/DerivedDataCache/1/7/6/TEXTURE_E01F4250BECD420DA9CE63B5EECEC2C2_OODLE_BC5_11_29CF27704111BCCF0BA3E488__A2D142BC04AC2A8CA0C9691520458C52670C6C78.udd" 5840
"C:/Users/Brayan/AppData/Local/UnrealEngine/Common/DerivedDataCache/3/4/5/MATSM_0BA69734E4FD45E082FA4560DBE25454_PCD3D_SM5_8__BC5N_NOCCBN_NOIRIS_DEV_SL___E3F397F1C464C80DAB8581CFCD2D52AD8031633A.udd" 5841
"C:/Users/Brayan/AppData/Local/UnrealEngine/Common/DerivedDataCache/7/6/9/TEXTURE_E01F4250BECD420DA9CE63B5EECEC2C2_OODLE_AUTODXT_11_DBDC24F5427C570F48B1__70DB94DDFD96FE12C559423755A467F55749921A.udd" 5842
"C:/Users/Brayan/AppData/Local/UnrealEngine/Common/DerivedDataCache/3/1/1/TEXTURE_E01F4250BECD420DA9CE63B5EECEC2C2_OODLE_AUTODXT_11_DBDC24F5427C570F48B1__043CE18D1603AA2D8A1FECC84E127C8A1C01C8EE.udd" 5843
"C:/Users/Brayan/AppData/Local/UnrealEngine/Common/DerivedDataCache/1/5/8/TEXTURE_E01F4250BECD420DA9CE63B5EECEC2C2_OODLE_AUTODXT_11_DBDC24F5427C570F48B1__819D5FCADC773A15BFA31E102231AF02EAEC7207.udd" 5844
"C:/Users/Brayan/AppData/Local/UnrealEngine/Common/DerivedDataCache/9/8/0/TEXTURE_E01F4250BECD420DA9CE63B5EECEC2C2_OODLE_AUTODXT_11_DBDC24F5427C570F48B1__2B0C2B88FAD8017169E6C60BB3DA0CF81A9C0FC1.udd" 5845
"C:/Users/Brayan/AppData/Local/UnrealEngine/Common/DerivedDataCache/2/4/3/TEXTURE_E01F4250BECD420DA9CE63B5EECEC2C2_OODLE_AUTODXT_11_DBDC24F5427C570F48B1__6EB0860EBB758C51BDC9E9D1ABC7D3A229AECF3C.udd" 5846
"C:/Users/Brayan/AppData/Local/UnrealEngine/Common/DerivedDataCache/2/8/6/TEXTURE_E01F4250BECD420DA9CE63B5EECEC2C2_OODLE_BC5_11_3BB65049466EC63BE85D618C__6AD7279E69923AF77989354F27BC02FAC751F28C.udd" 5847
"C:/Users/Brayan/AppData/Local/UnrealEngine/Common/DerivedDataCache/3/7/8/TEXTURE_E01F4250BECD420DA9CE63B5EECEC2C2_OODLE_BC5_11_3BB65049466EC63BE85D618C__EA86164271EF0248EFC749B2153EC736B0ECA6B9.udd" 5848
"C:/Users/Brayan/AppData/Local/UnrealEngine/Common/DerivedDataCache/0/2/7/TEXTURE_E01F4250BECD420DA9CE63B5EECEC2C2_OODLE_BC5_11_3BB65049466EC63BE85D618C__2631F397BAE22D56099F6933FF3EF4E9FD5FC418.udd" 5849
"C:/Users/Brayan/AppData/Local/UnrealEngine/Common/DerivedDataCache/0/9/2/TEXTURE_E01F4250BECD420DA9CE63B5EECEC2C2_OODLE_BC5_11_3BB65049466EC63BE85D618C__1F4CAC1BD2A5FC6F225BCCA2C45DB329A938B835.udd" 5850
"C:/Users/Brayan/AppData/Local/UnrealEngine/Common/DerivedDataCache/7/3/7/TEXTURE_E01F4250BECD420DA9CE63B5EECEC2C2_OODLE_BC5_11_3BB65049466EC63BE85D618C__7C6BAF98D204C6F8447973CAF367E4A913952C2F.udd" 5851
"C:/Users/Brayan/AppData/Local/UnrealEngine/Common/DerivedDataCache/9/6/0/TEXTURE_E01F4250BECD420DA9CE63B5EECEC2C2_OODLE_AUTODXT_11_6B630E5942FDCA2E2239__42092ED755166E5C0B71B433D35777D01DFF4BE4.udd" 5852
"C:/Users/Brayan/AppData/Local/UnrealEngine/Common/DerivedDataCache/4/0/2/TEXTURE_E01F4250BECD420DA9CE63B5EECEC2C2_OODLE_AUTODXT_11_6B630E5942FDCA2E2239__2B3D3BB960ABC97406CB9338D564900DB0FC1DF2.udd" 5853
"C:/Users/Brayan/AppData/Local/UnrealEngine/Common/DerivedDataCache/2/7/1/TEXTURE_E01F4250BECD420DA9CE63B5EECEC2C2_OODLE_AUTODXT_11_6B630E5942FDCA2E2239__6F11D942ADB2F3AB345DCA849CAE6EF7E2380271.udd" 5854
"C:/Users/Brayan/AppData/Local/UnrealEngine/Common/DerivedDataCache/0/0/7/TEXTURE_E01F4250BECD420DA9CE63B5EECEC2C2_OODLE_AUTODXT_11_6B630E5942FDCA2E2239__E0294CBDE0EDF4C09C76398EFC0272F00F3C280B.udd" 5855
"C:/Users/Brayan/AppData/Local/UnrealEngine/Common/DerivedDataCache/3/7/8/TEXTURE_E01F4250BECD420DA9CE63B5EECEC2C2_OODLE_AUTODXT_11_6B630E5942FDCA2E2239__85044A8E5506CA79A4A8E1BD5E767BA83AEA45EF.udd" 5856
"C:/Users/Brayan/AppData/Local/UnrealEngine/Common/DerivedDataCache/3/6/6/MATSM_0BA69734E4FD45E082FA4560DBE25454_PCD3D_SM5_8__BC5N_NOCCBN_NOIRIS_DEV_SL___C5EE1B3EA22F6978549FB99804C7E373ED6A7B78.udd" 5857
"C:/Users/Brayan/AppData/Local/UnrealEngine/Common/DerivedDataCache/7/8/4/TEXTURE_E01F4250BECD420DA9CE63B5EECEC2C2_OODLE_AUTODXT_11_75A00F4041113D059862__8760DD0DF72646492080D84DF8E1E6FF4FE309EA.udd" 5858
"C:/Users/Brayan/AppData/Local/UnrealEngine/Common/DerivedDataCache/3/7/6/TEXTURE_E01F4250BECD420DA9CE63B5EECEC2C2_OODLE_AUTODXT_11_75A00F4041113D059862__EF187D770C34649F6E64B03FB33A317E39809AB1.udd" 5859
"C:/Users/Brayan/AppData/Local/UnrealEngine/Common/DerivedDataCache/6/5/1/TEXTURE_E01F4250BECD420DA9CE63B5EECEC2C2_OODLE_AUTODXT_11_75A00F4041113D059862__B0C9B4BA52993DB95690732D79F1035F9DBD1D2D.udd" 5860
"C:/Users/Brayan/AppData/Local/UnrealEngine/Common/DerivedDataCache/1/6/7/TEXTURE_E01F4250BECD420DA9CE63B5EECEC2C2_OODLE_AUTODXT_11_75A00F4041113D059862__CCBD73B91447C550D0E1B55FA2F9B5E34F34899F.udd" 5861
"C:/Users/Brayan/AppData/Local/UnrealEngine/Common/DerivedDataCache/7/8/3/TEXTURE_E01F4250BECD420DA9CE63B5EECEC2C2_OODLE_AUTODXT_11_75A00F4041113D059862__4812ED653076BE7C1F5F02178C1364E995017029.udd" 5862
"C:/Users/Brayan/AppData/Local/UnrealEngine/Common/DerivedDataCache/5/9/3/TEXTURE_E01F4250BECD420DA9CE63B5EECEC2C2_OODLE_BC5_11_6E03CC3E47000872663B1F8B__011ADFC1E382FB0930EEFD549638D338172D8EA0.udd" 5863
"C:/Users/Brayan/AppData/Local/UnrealEngine/Common/DerivedDataCache/1/1/6/TEXTURE_E01F4250BECD420DA9CE63B5EECEC2C2_OODLE_BC5_11_6E03CC3E47000872663B1F8B__9603598A50839C1A0D2A06CBED5F07EA7C76D4A7.udd" 5864
"C:/Users/Brayan/AppData/Local/UnrealEngine/Common/DerivedDataCache/6/8/3/TEXTURE_E01F4250BECD420DA9CE63B5EECEC2C2_OODLE_BC5_11_6E03CC3E47000872663B1F8B__B1480CDDBB4E5DB899FACF84EDAB490A1F6A5731.udd" 5865
"C:/Users/Brayan/AppData/Local/UnrealEngine/Common/DerivedDataCache/3/1/7/TEXTURE_E01F4250BECD420DA9CE63B5EECEC2C2_OODLE_BC5_11_6E03CC3E47000872663B1F8B__27AF2EACCDC2A975F45961BF90C85697FD3858C1.udd" 5866
"C:/Users/Brayan/AppData/Local/UnrealEngine/Common/DerivedDataCache/5/1/3/TEXTURE_E01F4250BECD420DA9CE63B5EECEC2C2_OODLE_BC5_11_6E03CC3E47000872663B1F8B__CE0CFCA92E20BE974A46BD3E1BB82813424FE6BA.udd" 5867
"C:/Users/Brayan/AppData/Local/UnrealEngine/Common/DerivedDataCache/3/8/3/TEXTURE_E01F4250BECD420DA9CE63B5EECEC2C2_OODLE_AUTODXT_11_1E64DE09447580CE843B__254657E9564403D653BC08C479713F8721A63AB1.udd" 5868
"C:/Users/Brayan/AppData/Local/UnrealEngine/Common/DerivedDataCache/5/0/8/TEXTURE_E01F4250BECD420DA9CE63B5EECEC2C2_OODLE_AUTODXT_11_1E64DE09447580CE843B__F8899FF58EE4400BA62444DB5CC9183581E412AA.udd" 5869
"C:/Users/Brayan/AppData/Local/UnrealEngine/Common/DerivedDataCache/5/7/7/TEXTURE_E01F4250BECD420DA9CE63B5EECEC2C2_OODLE_AUTODXT_11_1E64DE09447580CE843B__FEC8FE283FD8652DEE462CF1EDF996647F8DD72C.udd" 5870
"C:/Users/Brayan/AppData/Local/UnrealEngine/Common/DerivedDataCache/5/8/2/TEXTURE_E01F4250BECD420DA9CE63B5EECEC2C2_OODLE_AUTODXT_11_1E64DE09447580CE843B__C637AA3F54223BB9B8E5ECE3977122CACD4DCC43.udd" 5871
"C:/Users/Brayan/AppData/Local/UnrealEngine/Common/DerivedDataCache/4/5/7/TEXTURE_E01F4250BECD420DA9CE63B5EECEC2C2_OODLE_AUTODXT_11_1E64DE09447580CE843B__E9BDEA99DE07EDB231EDDD01A1A2F002AE5923A4.udd" 5872
"C:/Users/Brayan/AppData/Local/UnrealEngine/Common/DerivedDataCache/6/4/4/TEXTURE_E01F4250BECD420DA9CE63B5EECEC2C2_OODLE_AUTODXT_11_1E64DE09447580CE843B__82CF7CE499A4354FA5247B14D4174CB575543386.udd" 5873
"C:/Users/Brayan/AppData/Local/UnrealEngine/Common/DerivedDataCache/4/4/9/MATSM_0BA69734E4FD45E082FA4560DBE25454_PCD3D_SM5_8__BC5N_NOCCBN_NOIRIS_DEV_SL___DFE38F30124451AEDC53508CC6A3B6FAC6BDAE20.udd" 5874
"C:/Users/Brayan/AppData/Local/UnrealEngine/Common/DerivedDataCache/9/6/0/TEXTURE_E01F4250BECD420DA9CE63B5EECEC2C2_OODLE_AUTODXT_11_62E462B74A7318E43225__7F2973C2308A077B7A7A6C98C1BF409B032E2D7E.udd" 5875
"C:/Users/Brayan/AppData/Local/UnrealEngine/Common/DerivedDataCache/6/9/7/TEXTURE_E01F4250BECD420DA9CE63B5EECEC2C2_OODLE_AUTODXT_11_62E462B74A7318E43225__D552FCBA838A6BDE43956810D6E51D449F6AE7D6.udd" 5876
"C:/Users/Brayan/AppData/Local/UnrealEngine/Common/DerivedDataCache/2/0/5/TEXTURE_E01F4250BECD420DA9CE63B5EECEC2C2_OODLE_AUTODXT_11_62E462B74A7318E43225__E61BDD9863BA6C7FDDB7F214E669006CE4A882BF.udd" 5877
"C:/Users/Brayan/AppData/Local/UnrealEngine/Common/DerivedDataCache/2/6/4/TEXTURE_E01F4250BECD420DA9CE63B5EECEC2C2_OODLE_AUTODXT_11_62E462B74A7318E43225__60103996C07982AA9B2101778C20B0090C86351A.udd" 5878
"C:/Users/Brayan/AppData/Local/UnrealEngine/Common/DerivedDataCache/9/7/5/TEXTURE_E01F4250BECD420DA9CE63B5EECEC2C2_OODLE_AUTODXT_11_62E462B74A7318E43225__BEFDDB902DEEA6D0A7B6507F120BEA89C7D7E68D.udd" 5879
"C:/Users/Brayan/AppData/Local/UnrealEngine/Common/DerivedDataCache/4/6/0/TEXTURE_E01F4250BECD420DA9CE63B5EECEC2C2_OODLE_BC5_11_1B24D897485FF443F9CE0E8B__8482A7CAD6AA45412C195E92B4455AFD395A5A96.udd" 5880
"C:/Users/Brayan/AppData/Local/UnrealEngine/Common/DerivedDataCache/0/4/7/TEXTURE_E01F4250BECD420DA9CE63B5EECEC2C2_OODLE_BC5_11_1B24D897485FF443F9CE0E8B__843D972EEF33CFFFF829C6F1FDEC64BF1EB892AC.udd" 5881
"C:/Users/Brayan/AppData/Local/UnrealEngine/Common/DerivedDataCache/4/4/6/TEXTURE_E01F4250BECD420DA9CE63B5EECEC2C2_OODLE_BC5_11_1B24D897485FF443F9CE0E8B__80769803E7D095109E00B0A070A3959AF0E9BF2E.udd" 5882
"C:/Users/Brayan/AppData/Local/UnrealEngine/Common/DerivedDataCache/9/5/1/TEXTURE_E01F4250BECD420DA9CE63B5EECEC2C2_OODLE_BC5_11_1B24D897485FF443F9CE0E8B__F99A1C71C013EE08D5043E9B8DE8EFFCF5D886CF.udd" 5883
"C:/Users/Brayan/AppData/Local/UnrealEngine/Common/DerivedDataCache/6/0/4/TEXTURE_E01F4250BECD420DA9CE63B5EECEC2C2_OODLE_BC5_11_1B24D897485FF443F9CE0E8B__86BA227E3FB87F6A06AD4ED26F700A3F740E08A6.udd" 5884
"C:/Users/Brayan/AppData/Local/UnrealEngine/Common/DerivedDataCache/3/4/1/TEXTURE_E01F4250BECD420DA9CE63B5EECEC2C2_OODLE_AUTODXT_11_BED3041E4A47A316AC53__00047BFEC6513201A7B5860488FF601D481FA40C.udd" 5885
"C:/Users/Brayan/AppData/Local/UnrealEngine/Common/DerivedDataCache/7/4/7/TEXTURE_E01F4250BECD420DA9CE63B5EECEC2C2_OODLE_AUTODXT_11_BED3041E4A47A316AC53__82706361C191A3483508940A213B56BD5DD06129.udd" 5886
"C:/Users/Brayan/AppData/Local/UnrealEngine/Common/DerivedDataCache/9/5/8/TEXTURE_E01F4250BECD420DA9CE63B5EECEC2C2_OODLE_AUTODXT_11_BED3041E4A47A316AC53__AC150867588666A353CEF2278B1AADBACD56F838.udd" 5887
"C:/Users/Brayan/AppData/Local/UnrealEngine/Common/DerivedDataCache/3/0/5/TEXTURE_E01F4250BECD420DA9CE63B5EECEC2C2_OODLE_AUTODXT_11_BED3041E4A47A316AC53__095545D9B9F418BFC12D6178C86AE3D76FBF5961.udd" 5888
"C:/Users/Brayan/AppData/Local/UnrealEngine/Common/DerivedDataCache/3/0/4/TEXTURE_E01F4250BECD420DA9CE63B5EECEC2C2_OODLE_AUTODXT_11_BED3041E4A47A316AC53__03632725C518E04DF8FAE961255B5ACA10E27878.udd" 5889
"C:/Users/Brayan/AppData/Local/UnrealEngine/Common/DerivedDataCache/7/9/7/MATSM_0BA69734E4FD45E082FA4560DBE25454_PCD3D_SM5_8__BC5N_NOCCBN_NOIRIS_DEV_SL___2AB4B510EF2A64A882436109F2F3825908208FF1.udd" 5890
"C:/Users/Brayan/AppData/Local/UnrealEngine/Common/DerivedDataCache/4/0/1/MATSM_0BA69734E4FD45E082FA4560DBE25454_PCD3D_SM5_8__BC5N_NOCCBN_NOIRIS_DEV_SL___53EB5F0197BF9C9F39A332FC0CF46C47307A18D7.udd" 5891
"C:/Users/Brayan/AppData/Local/UnrealEngine/Common/DerivedDataCache/9/8/0/TEXTURE_E01F4250BECD420DA9CE63B5EECEC2C2_OODLE_AUTODXT_11_AFF1322F4DF19A036100__D8908C79F7E3BCF7D3234CF98FB394BEDBA9BEBC.udd" 5892
"C:/Users/Brayan/AppData/Local/UnrealEngine/Common/DerivedDataCache/6/0/6/TEXTURE_E01F4250BECD420DA9CE63B5EECEC2C2_OODLE_AUTODXT_11_AFF1322F4DF19A036100__11E9754BCB41F354D282CE881590F9167F64DD2E.udd" 5893
"C:/Users/Brayan/AppData/Local/UnrealEngine/Common/DerivedDataCache/6/9/0/TEXTURE_E01F4250BECD420DA9CE63B5EECEC2C2_OODLE_AUTODXT_11_AFF1322F4DF19A036100__5C356D70DE8BB8B6D2C20DBF4F7772C604404F7E.udd" 5894
"C:/Users/Brayan/AppData/Local/UnrealEngine/Common/DerivedDataCache/4/7/5/TEXTURE_E01F4250BECD420DA9CE63B5EECEC2C2_OODLE_AUTODXT_11_AFF1322F4DF19A036100__B903C365D4F6E9FF10D482931203BEE897D1BCE8.udd" 5895
"C:/Users/Brayan/AppData/Local/UnrealEngine/Common/DerivedDataCache/1/3/3/TEXTURE_E01F4250BECD420DA9CE63B5EECEC2C2_OODLE_AUTODXT_11_AFF1322F4DF19A036100__A52A1056726C213FA94B030049B942BFEAA22D00.udd" 5896
"C:/Users/Brayan/AppData/Local/UnrealEngine/Common/DerivedDataCache/3/1/7/TEXTURE_E01F4250BECD420DA9CE63B5EECEC2C2_OODLE_BC5_11_35BDF75E480A93E88359B2A3__C994B7D8B598C873018C19E222598A3251237DE1.udd" 5897
"C:/Users/Brayan/AppData/Local/UnrealEngine/Common/DerivedDataCache/2/9/0/TEXTURE_E01F4250BECD420DA9CE63B5EECEC2C2_OODLE_BC5_11_35BDF75E480A93E88359B2A3__0DF131F74503DF9DB38F96C554375B78BB938D51.udd" 5898
"C:/Users/Brayan/AppData/Local/UnrealEngine/Common/DerivedDataCache/4/3/8/TEXTURE_E01F4250BECD420DA9CE63B5EECEC2C2_OODLE_BC5_11_35BDF75E480A93E88359B2A3__9A3A6D005D98604729FC34F1219CDBDD623B54DF.udd" 5899
"C:/Users/Brayan/AppData/Local/UnrealEngine/Common/DerivedDataCache/4/8/7/TEXTURE_E01F4250BECD420DA9CE63B5EECEC2C2_OODLE_BC5_11_35BDF75E480A93E88359B2A3__963A9AEE912A9F84F19FC34B34A543381CEB9EB5.udd" 5900
"C:/Users/Brayan/AppData/Local/UnrealEngine/Common/DerivedDataCache/0/4/2/TEXTURE_E01F4250BECD420DA9CE63B5EECEC2C2_OODLE_BC5_11_35BDF75E480A93E88359B2A3__3117DAD38607F009EA1123EBB033DC2DBA1AB532.udd" 5901
"C:/Users/Brayan/AppData/Local/UnrealEngine/Common/DerivedDataCache/7/3/8/TEXTURE_E01F4250BECD420DA9CE63B5EECEC2C2_OODLE_AUTODXT_11_DA844A5B4FD21FD0913F__25DC629BD6DF5DFA9013E1F428355484EBBFE6F8.udd" 5902
"C:/Users/Brayan/AppData/Local/UnrealEngine/Common/DerivedDataCache/6/8/1/TEXTURE_E01F4250BECD420DA9CE63B5EECEC2C2_OODLE_AUTODXT_11_DA844A5B4FD21FD0913F__3710083264F33A1E6B883CB454A5381DD2345186.udd" 5903
"C:/Users/Brayan/AppData/Local/UnrealEngine/Common/DerivedDataCache/3/9/9/TEXTURE_E01F4250BECD420DA9CE63B5EECEC2C2_OODLE_AUTODXT_11_DA844A5B4FD21FD0913F__81A272ABC2CE95FF35E23034FC913B61D8885997.udd" 5904
"C:/Users/Brayan/AppData/Local/UnrealEngine/Common/DerivedDataCache/4/5/3/TEXTURE_E01F4250BECD420DA9CE63B5EECEC2C2_OODLE_AUTODXT_11_DA844A5B4FD21FD0913F__D90735032EA9EF0FE807497DD05534B48BFC2CF1.udd" 5905
"C:/Users/Brayan/AppData/Local/UnrealEngine/Common/DerivedDataCache/1/9/5/TEXTURE_E01F4250BECD420DA9CE63B5EECEC2C2_OODLE_AUTODXT_11_DA844A5B4FD21FD0913F__7E25AF6829678032EB2B725990906B53E0CF85E8.udd" 5906
"C:/Users/Brayan/AppData/Local/UnrealEngine/Common/DerivedDataCache/0/6/1/MATSM_0BA69734E4FD45E082FA4560DBE25454_PCD3D_SM5_8__BC5N_NOCCBN_NOIRIS_DEV_SL___F67BC3B23D01BBAAF9BE047ADD706CDA9A3EEA26.udd" 5907
"C:/Users/Brayan/AppData/Local/UnrealEngine/Common/DerivedDataCache/2/5/9/TEXTURE_E01F4250BECD420DA9CE63B5EECEC2C2_OODLE_AUTODXT_11_DD9806614156560204CB__168EC8A0919FE04EA491307A9EB288060A147A06.udd" 5908
"C:/Users/Brayan/AppData/Local/UnrealEngine/Common/DerivedDataCache/9/4/2/TEXTURE_E01F4250BECD420DA9CE63B5EECEC2C2_OODLE_AUTODXT_11_DD9806614156560204CB__5B296A36F4D902D10DFDAAE28DD9316BBA8FDFB8.udd" 5909
"C:/Users/Brayan/AppData/Local/UnrealEngine/Common/DerivedDataCache/5/9/3/TEXTURE_E01F4250BECD420DA9CE63B5EECEC2C2_OODLE_AUTODXT_11_DD9806614156560204CB__423BFF28099F722F44675B902AC629986CF4F8F4.udd" 5910
"C:/Users/Brayan/AppData/Local/UnrealEngine/Common/DerivedDataCache/9/0/3/TEXTURE_E01F4250BECD420DA9CE63B5EECEC2C2_OODLE_AUTODXT_11_DD9806614156560204CB__0BB2E9F9762875FF08827E63468710C7F6D818A8.udd" 5911
"C:/Users/Brayan/AppData/Local/UnrealEngine/Common/DerivedDataCache/7/5/3/TEXTURE_E01F4250BECD420DA9CE63B5EECEC2C2_OODLE_AUTODXT_11_DD9806614156560204CB__F367265D297A328839DF58DBD26F3AD6CCA1655C.udd" 5912
"C:/Users/Brayan/AppData/Local/UnrealEngine/Common/DerivedDataCache/9/5/1/TEXTURE_E01F4250BECD420DA9CE63B5EECEC2C2_OODLE_BC5_11_9C8B1FDE49835C66D23D03B3__B61CD9F3B07DFCCEFA914A31CF6CFB0D6AC6B764.udd" 5913
"C:/Users/Brayan/AppData/Local/UnrealEngine/Common/DerivedDataCache/8/2/5/TEXTURE_E01F4250BECD420DA9CE63B5EECEC2C2_OODLE_BC5_11_9C8B1FDE49835C66D23D03B3__B3C4EEA95F65B5DA6F96700B99DD5179A86469E4.udd" 5914
"C:/Users/Brayan/AppData/Local/UnrealEngine/Common/DerivedDataCache/5/7/9/TEXTURE_E01F4250BECD420DA9CE63B5EECEC2C2_OODLE_BC5_11_9C8B1FDE49835C66D23D03B3__F5125DEAE126FDF973353B355F8E348A3D642457.udd" 5915
"C:/Users/Brayan/AppData/Local/UnrealEngine/Common/DerivedDataCache/2/2/8/TEXTURE_E01F4250BECD420DA9CE63B5EECEC2C2_OODLE_BC5_11_9C8B1FDE49835C66D23D03B3__74A6FF416D41F7BC0FDB3F17A1E3335CDD492E13.udd" 5916
"C:/Users/Brayan/AppData/Local/UnrealEngine/Common/DerivedDataCache/4/6/1/TEXTURE_E01F4250BECD420DA9CE63B5EECEC2C2_OODLE_BC5_11_9C8B1FDE49835C66D23D03B3__081CCEA8DBBD0E4FC60231A0B88DAD4478187F6D.udd" 5917
"C:/Users/Brayan/AppData/Local/UnrealEngine/Common/DerivedDataCache/1/4/0/TEXTURE_E01F4250BECD420DA9CE63B5EECEC2C2_OODLE_AUTODXT_11_BCAF094B4723DEE9FC6A__E8130A90221797C12D20021B3F5D74C453E7E7DE.udd" 5918
"C:/Users/Brayan/AppData/Local/UnrealEngine/Common/DerivedDataCache/4/7/9/TEXTURE_E01F4250BECD420DA9CE63B5EECEC2C2_OODLE_AUTODXT_11_BCAF094B4723DEE9FC6A__7436299B913D65D15C9340A6C88A0A450B94A130.udd" 5919
"C:/Users/Brayan/AppData/Local/UnrealEngine/Common/DerivedDataCache/5/5/0/TEXTURE_E01F4250BECD420DA9CE63B5EECEC2C2_OODLE_AUTODXT_11_BCAF094B4723DEE9FC6A__12993E6C439E93963D41A65FB98FE50A61C379E2.udd" 5920
"C:/Users/Brayan/AppData/Local/UnrealEngine/Common/DerivedDataCache/4/9/3/TEXTURE_E01F4250BECD420DA9CE63B5EECEC2C2_OODLE_AUTODXT_11_BCAF094B4723DEE9FC6A__C8DBE7A591251B6C0327CAC3F1F1A1538B92AA8C.udd" 5921
"C:/Users/Brayan/AppData/Local/UnrealEngine/Common/DerivedDataCache/0/1/4/TEXTURE_E01F4250BECD420DA9CE63B5EECEC2C2_OODLE_AUTODXT_11_BCAF094B4723DEE9FC6A__48BE012749218847BFA54C8021B9A5FCE4913B95.udd" 5922
"C:/Users/Brayan/AppData/Local/UnrealEngine/Common/DerivedDataCache/4/4/4/MATSM_0BA69734E4FD45E082FA4560DBE25454_PCD3D_SM5_8__BC5N_NOCCBN_NOIRIS_DEV_SL___35FD720248A551888FE6C0946B3C6B65F33D6FEA.udd" 5923
"C:/Users/Brayan/AppData/Local/UnrealEngine/Common/DerivedDataCache/0/0/6/TEXTURE_E01F4250BECD420DA9CE63B5EECEC2C2_OODLE_AUTODXT_11_B60006434262D39E0C0D__FAA6AC9564B1F2FA205410889EF28958281DD03D.udd" 5924
"C:/Users/Brayan/AppData/Local/UnrealEngine/Common/DerivedDataCache/9/6/0/TEXTURE_E01F4250BECD420DA9CE63B5EECEC2C2_OODLE_BC5_11_8A392D3143B846736EBBF09B__625166061E313F827BCB8813B1B90758C51D5E39.udd" 5925
"C:/Users/Brayan/AppData/Local/UnrealEngine/Common/DerivedDataCache/1/6/6/TEXTURE_E01F4250BECD420DA9CE63B5EECEC2C2_OODLE_AUTODXT_11_B60006434262D39E0C0D__3B7422E1FB19733055E474B1907857398A2725D5.udd" 5926
"C:/Users/Brayan/AppData/Local/UnrealEngine/Common/DerivedDataCache/6/5/3/TEXTURE_E01F4250BECD420DA9CE63B5EECEC2C2_OODLE_AUTODXT_11_B60006434262D39E0C0D__31A2547BA32B7057D19ADF969BF435ABE13822AE.udd" 5927
"C:/Users/Brayan/AppData/Local/UnrealEngine/Common/DerivedDataCache/2/4/4/TEXTURE_E01F4250BECD420DA9CE63B5EECEC2C2_OODLE_AUTODXT_11_B60006434262D39E0C0D__23EEC81D22749B726398C534202B4A32F14796D3.udd" 5928
"C:/Users/Brayan/AppData/Local/UnrealEngine/Common/DerivedDataCache/6/7/3/TEXTURE_E01F4250BECD420DA9CE63B5EECEC2C2_OODLE_AUTODXT_11_B60006434262D39E0C0D__352E14C8B45BCFD6F15FE82051A53D1BBD0DA7B3.udd" 5929
"C:/Users/Brayan/AppData/Local/UnrealEngine/Common/DerivedDataCache/9/5/5/TEXTURE_E01F4250BECD420DA9CE63B5EECEC2C2_OODLE_BC5_11_8A392D3143B846736EBBF09B__CAD043C8594183A8235F155DA83D99B540F7C7B7.udd" 5930
"C:/Users/Brayan/AppData/Local/UnrealEngine/Common/DerivedDataCache/4/9/6/TEXTURE_E01F4250BECD420DA9CE63B5EECEC2C2_OODLE_BC5_11_8A392D3143B846736EBBF09B__219B0D31A70FC4A0B35DA2C6CB832BB920DADDE4.udd" 5931
"C:/Users/Brayan/AppData/Local/UnrealEngine/Common/DerivedDataCache/0/4/9/TEXTURE_E01F4250BECD420DA9CE63B5EECEC2C2_OODLE_BC5_11_8A392D3143B846736EBBF09B__3CAFEFEE04177771E9296DB41BB2BAEE7DBD665F.udd" 5932
"C:/Users/Brayan/AppData/Local/UnrealEngine/Common/DerivedDataCache/6/2/7/TEXTURE_E01F4250BECD420DA9CE63B5EECEC2C2_OODLE_BC5_11_8A392D3143B846736EBBF09B__DC1FE8C81B6BD1F71672D4A1AD82C79F0EFCBD88.udd" 5933
"C:/Users/Brayan/AppData/Local/UnrealEngine/Common/DerivedDataCache/6/4/1/TEXTURE_E01F4250BECD420DA9CE63B5EECEC2C2_OODLE_AUTODXT_11_3E4C0D074F070240ABED__F0CAC3B46D7AB1470199BA39ABE5A1866857F2D0.udd" 5934
"C:/Users/Brayan/AppData/Local/UnrealEngine/Common/DerivedDataCache/5/7/3/TEXTURE_E01F4250BECD420DA9CE63B5EECEC2C2_OODLE_AUTODXT_11_3E4C0D074F070240ABED__61B42B73B7067F022AA9C5DE97186AB7C84350C1.udd" 5935
"C:/Users/Brayan/AppData/Local/UnrealEngine/Common/DerivedDataCache/4/7/3/TEXTURE_E01F4250BECD420DA9CE63B5EECEC2C2_OODLE_AUTODXT_11_3E4C0D074F070240ABED__06528F148653E7F1046422E4F89E56C10F21A961.udd" 5936
"C:/Users/Brayan/AppData/Local/UnrealEngine/Common/DerivedDataCache/7/0/7/TEXTURE_E01F4250BECD420DA9CE63B5EECEC2C2_OODLE_AUTODXT_11_3E4C0D074F070240ABED__B419A4DD9DA0D12C02B197974CD6B543A6186F88.udd" 5937
"C:/Users/Brayan/AppData/Local/UnrealEngine/Common/DerivedDataCache/1/8/3/TEXTURE_E01F4250BECD420DA9CE63B5EECEC2C2_OODLE_AUTODXT_11_3E4C0D074F070240ABED__90B61F39518DF393FDCFFBE863BE8EF08D9AA9A0.udd" 5938
"C:/Users/Brayan/AppData/Local/UnrealEngine/Common/DerivedDataCache/2/0/3/MATSM_0BA69734E4FD45E082FA4560DBE25454_PCD3D_SM5_8__BC5N_NOCCBN_NOIRIS_DEV_SL___FE0D41874898DC1351C963574BE8B380B540BE12.udd" 5939
"C:/Users/Brayan/AppData/Local/UnrealEngine/Common/DerivedDataCache/9/4/3/TEXTURE_E01F4250BECD420DA9CE63B5EECEC2C2_OODLE_AUTODXT_11_5A264D3849D9C0FE2459__DF27BAE90C5A7226F8FBEFDD6B4EC80C03AC1DCB.udd" 5940
"C:/Users/Brayan/AppData/Local/UnrealEngine/Common/DerivedDataCache/3/2/5/TEXTURE_E01F4250BECD420DA9CE63B5EECEC2C2_OODLE_AUTODXT_11_5A264D3849D9C0FE2459__D27B35B80C082C905A415743F1321A29AA73931A.udd" 5941
"C:/Users/Brayan/AppData/Local/UnrealEngine/Common/DerivedDataCache/4/6/8/TEXTURE_E01F4250BECD420DA9CE63B5EECEC2C2_OODLE_AUTODXT_11_5A264D3849D9C0FE2459__255D17BFA585FDDA50766BC2E374AF92D3D4263D.udd" 5942
"C:/Users/Brayan/AppData/Local/UnrealEngine/Common/DerivedDataCache/5/2/5/TEXTURE_E01F4250BECD420DA9CE63B5EECEC2C2_OODLE_AUTODXT_11_5A264D3849D9C0FE2459__E345902CEF0F501EF06A88101EE2B70D34383FCA.udd" 5943
"C:/Users/Brayan/AppData/Local/UnrealEngine/Common/DerivedDataCache/3/7/1/TEXTURE_E01F4250BECD420DA9CE63B5EECEC2C2_OODLE_AUTODXT_11_5A264D3849D9C0FE2459__A9ACA7EA2A927B4938E6D55550610427A7D5AC0E.udd" 5944
"C:/Users/Brayan/AppData/Local/UnrealEngine/Common/DerivedDataCache/5/5/0/TEXTURE_E01F4250BECD420DA9CE63B5EECEC2C2_OODLE_BC5_11_7F3653AF4AD7AFA81C6E0B95__AFF9C5D5B27571E8B6A6012D59FF40D0A16D4841.udd" 5945
"C:/Users/Brayan/AppData/Local/UnrealEngine/Common/DerivedDataCache/6/4/4/TEXTURE_E01F4250BECD420DA9CE63B5EECEC2C2_OODLE_BC5_11_7F3653AF4AD7AFA81C6E0B95__921389C80A21EA7B812E96C621E4602195884A79.udd" 5946
"C:/Users/Brayan/AppData/Local/UnrealEngine/Common/DerivedDataCache/6/1/7/TEXTURE_E01F4250BECD420DA9CE63B5EECEC2C2_OODLE_BC5_11_7F3653AF4AD7AFA81C6E0B95__A457E0D37888D0AD0F19FEB817892C52FF66BCE5.udd" 5947
"C:/Users/Brayan/AppData/Local/UnrealEngine/Common/DerivedDataCache/3/8/4/TEXTURE_E01F4250BECD420DA9CE63B5EECEC2C2_OODLE_BC5_11_7F3653AF4AD7AFA81C6E0B95__D39A18942AAB22FD3556F9817FE2927319EC9473.udd" 5948
"C:/Users/Brayan/AppData/Local/UnrealEngine/Common/DerivedDataCache/2/7/7/TEXTURE_E01F4250BECD420DA9CE63B5EECEC2C2_OODLE_BC5_11_7F3653AF4AD7AFA81C6E0B95__3E247D8CAD226FE0493D1311A7985457DB889E47.udd" 5949
"C:/Users/Brayan/AppData/Local/UnrealEngine/Common/DerivedDataCache/4/5/8/TEXTURE_E01F4250BECD420DA9CE63B5EECEC2C2_OODLE_AUTODXT_11_75039CDC4E7D7767DC66__8927EB49E1518CA5310356E66C19C25D11004047.udd" 5950
"C:/Users/Brayan/AppData/Local/UnrealEngine/Common/DerivedDataCache/3/8/6/TEXTURE_E01F4250BECD420DA9CE63B5EECEC2C2_OODLE_AUTODXT_11_75039CDC4E7D7767DC66__752990B8F9B466D2950F0716BEC74D686A029B58.udd" 5951
"C:/Users/Brayan/AppData/Local/UnrealEngine/Common/DerivedDataCache/8/3/6/TEXTURE_E01F4250BECD420DA9CE63B5EECEC2C2_OODLE_AUTODXT_11_75039CDC4E7D7767DC66__06E225B21BF090037E2762410E07D27ACC480378.udd" 5952
"C:/Users/Brayan/AppData/Local/UnrealEngine/Common/DerivedDataCache/3/4/7/TEXTURE_E01F4250BECD420DA9CE63B5EECEC2C2_OODLE_AUTODXT_11_75039CDC4E7D7767DC66__513A61A8401B7531069817F55EFC311BEDAFD6AB.udd" 5953
"C:/Users/Brayan/AppData/Local/UnrealEngine/Common/DerivedDataCache/1/9/5/TEXTURE_E01F4250BECD420DA9CE63B5EECEC2C2_OODLE_AUTODXT_11_75039CDC4E7D7767DC66__5487D39FB2568296800961FC433B91BD8F1055B6.udd" 5954
"C:/Users/Brayan/AppData/Local/UnrealEngine/Common/DerivedDataCache/6/2/3/MATSM_0BA69734E4FD45E082FA4560DBE25454_PCD3D_SM5_8__BC5N_NOCCBN_NOIRIS_DEV_SL___A55748E44B6274C56AB01947635C79ED64666816.udd" 5955
"C:/Users/Brayan/AppData/Local/UnrealEngine/Common/DerivedDataCache/6/4/7/TEXTURE_E01F4250BECD420DA9CE63B5EECEC2C2_OODLE_AUTODXT_11_477B4A9C443A93970E27__5E34258907B05A404DEB04C0F93AAFA584EC53E5.udd" 5956
"C:/Users/Brayan/AppData/Local/UnrealEngine/Common/DerivedDataCache/9/9/7/TEXTURE_E01F4250BECD420DA9CE63B5EECEC2C2_OODLE_AUTODXT_11_477B4A9C443A93970E27__4C8F227E462B5FBB4E84B05477D3D0F7ACE52DE0.udd" 5957
"C:/Users/Brayan/AppData/Local/UnrealEngine/Common/DerivedDataCache/1/5/1/TEXTURE_E01F4250BECD420DA9CE63B5EECEC2C2_OODLE_AUTODXT_11_477B4A9C443A93970E27__426B215C9F8E6C6C0DC397F9759CAF2CCAD94BD3.udd" 5958
"C:/Users/Brayan/AppData/Local/UnrealEngine/Common/DerivedDataCache/8/7/1/TEXTURE_E01F4250BECD420DA9CE63B5EECEC2C2_OODLE_AUTODXT_11_477B4A9C443A93970E27__615A696502ECB3161AEECB15A99764583AB1F976.udd" 5959
"C:/Users/Brayan/AppData/Local/UnrealEngine/Common/DerivedDataCache/3/7/3/TEXTURE_E01F4250BECD420DA9CE63B5EECEC2C2_OODLE_AUTODXT_11_477B4A9C443A93970E27__9F10E1610CD29A8DB61B9E41CB9C44858337E907.udd" 5960
"C:/Users/Brayan/AppData/Local/UnrealEngine/Common/DerivedDataCache/8/7/5/TEXTURE_E01F4250BECD420DA9CE63B5EECEC2C2_OODLE_BC5_11_1DD4C006446C50201840769F__F804C567B4E0BF32C9FE5CD19944D8A38A471BCD.udd" 5961
"C:/Users/Brayan/AppData/Local/UnrealEngine/Common/DerivedDataCache/3/4/6/TEXTURE_E01F4250BECD420DA9CE63B5EECEC2C2_OODLE_BC5_11_1DD4C006446C50201840769F__D64E2696ABB1290A15E0D7193E11230223C33515.udd" 5962
"C:/Users/Brayan/AppData/Local/UnrealEngine/Common/DerivedDataCache/6/3/6/TEXTURE_E01F4250BECD420DA9CE63B5EECEC2C2_OODLE_BC5_11_1DD4C006446C50201840769F__21005D5EA4486204D8B46C1A2000C9660139C5F4.udd" 5963
"C:/Users/Brayan/AppData/Local/UnrealEngine/Common/DerivedDataCache/9/6/4/TEXTURE_E01F4250BECD420DA9CE63B5EECEC2C2_OODLE_BC5_11_1DD4C006446C50201840769F__1AEFEC1B4BFABE16ADE5554C45DA3812DE8E5F77.udd" 5964
"C:/Users/Brayan/AppData/Local/UnrealEngine/Common/DerivedDataCache/9/8/1/TEXTURE_E01F4250BECD420DA9CE63B5EECEC2C2_OODLE_BC5_11_1DD4C006446C50201840769F__2183042AD03DE93E58D26A79F5C5351268023554.udd" 5965
"C:/Users/Brayan/AppData/Local/UnrealEngine/Common/DerivedDataCache/1/9/7/TEXTURE_E01F4250BECD420DA9CE63B5EECEC2C2_OODLE_AUTODXT_11_6A92B6914D0F955D9938__3D7D9AD3228F28E01E8FB2C02CEB7F20A1DFBFD7.udd" 5966
"C:/Users/Brayan/AppData/Local/UnrealEngine/Common/DerivedDataCache/2/6/7/TEXTURE_E01F4250BECD420DA9CE63B5EECEC2C2_OODLE_AUTODXT_11_6A92B6914D0F955D9938__37389DE853355F00DF47282ABE155466D9A9D5DE.udd" 5967
"C:/Users/Brayan/AppData/Local/UnrealEngine/Common/DerivedDataCache/1/5/8/TEXTURE_E01F4250BECD420DA9CE63B5EECEC2C2_OODLE_AUTODXT_11_6A92B6914D0F955D9938__D61AE5B8656E470E7F6781E9371A28EB4147B568.udd" 5968
"C:/Users/Brayan/AppData/Local/UnrealEngine/Common/DerivedDataCache/5/9/7/TEXTURE_E01F4250BECD420DA9CE63B5EECEC2C2_OODLE_AUTODXT_11_6A92B6914D0F955D9938__1D7C1B60151E82BF20E7EC8FF73A178FD8747359.udd" 5969
"C:/Users/Brayan/AppData/Local/UnrealEngine/Common/DerivedDataCache/9/8/9/TEXTURE_E01F4250BECD420DA9CE63B5EECEC2C2_OODLE_AUTODXT_11_6A92B6914D0F955D9938__3C6F5D6811DF3FB845A262FC52FF16A3F936EBE1.udd" 5970
"C:/Users/Brayan/AppData/Local/UnrealEngine/Common/DerivedDataCache/4/2/4/MATSM_0BA69734E4FD45E082FA4560DBE25454_PCD3D_SM5_8__BC5N_NOCCBN_NOIRIS_DEV_SL___CFC8B269822F80558EF9CAE94D991A1F7AF4C59B.udd" 5971
"C:/Users/Brayan/AppData/Local/UnrealEngine/Common/DerivedDataCache/8/1/2/TEXTURE_E01F4250BECD420DA9CE63B5EECEC2C2_OODLE_AUTODXT_11_B3F4B40F4E6DA9BD2BED__233E4B208C7868B317745036941849C63506EDDB.udd" 5972
"C:/Users/Brayan/AppData/Local/UnrealEngine/Common/DerivedDataCache/4/6/2/TEXTURE_E01F4250BECD420DA9CE63B5EECEC2C2_OODLE_AUTODXT_11_B3F4B40F4E6DA9BD2BED__2FF1DB50776090743A71ED37DBA3BD79C8EA4D6D.udd" 5973
"C:/Users/Brayan/AppData/Local/UnrealEngine/Common/DerivedDataCache/9/7/3/TEXTURE_E01F4250BECD420DA9CE63B5EECEC2C2_OODLE_AUTODXT_11_B3F4B40F4E6DA9BD2BED__620516AFCB255D834540D460AF44C386F95ADA08.udd" 5974
"C:/Users/Brayan/AppData/Local/UnrealEngine/Common/DerivedDataCache/0/3/9/TEXTURE_E01F4250BECD420DA9CE63B5EECEC2C2_OODLE_AUTODXT_11_B3F4B40F4E6DA9BD2BED__CDDE1CFF6B94F8A216714D7D7B9BA455B0E62A2F.udd" 5975
"C:/Users/Brayan/AppData/Local/UnrealEngine/Common/DerivedDataCache/6/6/1/TEXTURE_E01F4250BECD420DA9CE63B5EECEC2C2_OODLE_AUTODXT_11_B3F4B40F4E6DA9BD2BED__9B0864EAE0105C7C6D2D60B6023A5E4BA868A747.udd" 5976
"C:/Users/Brayan/AppData/Local/UnrealEngine/Common/DerivedDataCache/2/5/1/TEXTURE_E01F4250BECD420DA9CE63B5EECEC2C2_OODLE_BC5_11_72F9CF2247C5C73CE0313090__14660AF968B943C9C92FF3690326FB721880FA2F.udd" 5977
"C:/Users/Brayan/AppData/Local/UnrealEngine/Common/DerivedDataCache/1/0/3/TEXTURE_E01F4250BECD420DA9CE63B5EECEC2C2_OODLE_BC5_11_72F9CF2247C5C73CE0313090__EF65216B886814C52274583C889D1675C368A9EE.udd" 5978
"C:/Users/Brayan/AppData/Local/UnrealEngine/Common/DerivedDataCache/9/7/6/TEXTURE_E01F4250BECD420DA9CE63B5EECEC2C2_OODLE_BC5_11_72F9CF2247C5C73CE0313090__1122239FC5D06E95ABFE247D88C2916FA29D0219.udd" 5979
"C:/Users/Brayan/AppData/Local/UnrealEngine/Common/DerivedDataCache/5/7/0/TEXTURE_E01F4250BECD420DA9CE63B5EECEC2C2_OODLE_BC5_11_72F9CF2247C5C73CE0313090__2502A57C6C8991CECD5090606C3B24C3B1763395.udd" 5980
"C:/Users/Brayan/AppData/Local/UnrealEngine/Common/DerivedDataCache/0/9/1/TEXTURE_E01F4250BECD420DA9CE63B5EECEC2C2_OODLE_BC5_11_72F9CF2247C5C73CE0313090__29F7C683045BE3C8A1EDB63618F140C32A0654FF.udd" 5981
"C:/Users/Brayan/AppData/Local/UnrealEngine/Common/DerivedDataCache/0/6/1/TEXTURE_E01F4250BECD420DA9CE63B5EECEC2C2_OODLE_AUTODXT_11_A2AA89934CA9413B34CF__A84057D277558FA039070046E2E47E4E9BAF98F6.udd" 5982
"C:/Users/Brayan/AppData/Local/UnrealEngine/Common/DerivedDataCache/5/8/9/TEXTURE_E01F4250BECD420DA9CE63B5EECEC2C2_OODLE_AUTODXT_11_A2AA89934CA9413B34CF__806187481F53DB0C3A336A73B7A74779D39BB7C9.udd" 5983
"C:/Users/Brayan/AppData/Local/UnrealEngine/Common/DerivedDataCache/8/1/8/TEXTURE_E01F4250BECD420DA9CE63B5EECEC2C2_OODLE_AUTODXT_11_A2AA89934CA9413B34CF__C821F3B0D509704B25453EEC14C14DAC2DEF3612.udd" 5984
"C:/Users/Brayan/AppData/Local/UnrealEngine/Common/DerivedDataCache/7/3/1/TEXTURE_E01F4250BECD420DA9CE63B5EECEC2C2_OODLE_AUTODXT_11_A2AA89934CA9413B34CF__C5544E5B3B754B180A958E31CA2EDB071FEBC2AE.udd" 5985
"C:/Users/Brayan/AppData/Local/UnrealEngine/Common/DerivedDataCache/2/7/6/TEXTURE_E01F4250BECD420DA9CE63B5EECEC2C2_OODLE_AUTODXT_11_A2AA89934CA9413B34CF__845373AF96E1306CA0F749D0EACD7F784680E6DA.udd" 5986
"C:/Users/Brayan/AppData/Local/UnrealEngine/Common/DerivedDataCache/3/3/4/MATSM_0BA69734E4FD45E082FA4560DBE25454_PCD3D_SM5_8__BC5N_NOCCBN_NOIRIS_DEV_SL___802CC40AE86F2A4C6E8AB26FB2D86EB1B029680E.udd" 5987
"C:/Users/Brayan/AppData/Local/UnrealEngine/Common/DerivedDataCache/4/2/6/TEXTURE_E01F4250BECD420DA9CE63B5EECEC2C2_OODLE_AUTODXT_11_3A21685E43A76CF57B98__03DB448BD573FF53EA61C2569E66AA4637C2B5CE.udd" 5988
"C:/Users/Brayan/AppData/Local/UnrealEngine/Common/DerivedDataCache/4/1/2/TEXTURE_E01F4250BECD420DA9CE63B5EECEC2C2_OODLE_AUTODXT_11_3A21685E43A76CF57B98__D4A335E9CA6C6D2AA85715CA718457915D566FB8.udd" 5989
"C:/Users/Brayan/AppData/Local/UnrealEngine/Common/DerivedDataCache/9/3/6/TEXTURE_E01F4250BECD420DA9CE63B5EECEC2C2_OODLE_AUTODXT_11_3A21685E43A76CF57B98__FB254FC9FC8B4F9CA94E91EA58BB57E6B447C35D.udd" 5990
"C:/Users/Brayan/AppData/Local/UnrealEngine/Common/DerivedDataCache/8/3/5/TEXTURE_E01F4250BECD420DA9CE63B5EECEC2C2_OODLE_BC5_11_FA230A4D4A3C5033F8D573BC__1A91CDBC62C932DCA521E30ABB3E08F583DC1519.udd" 5991
"C:/Users/Brayan/AppData/Local/UnrealEngine/Common/DerivedDataCache/1/7/2/TEXTURE_E01F4250BECD420DA9CE63B5EECEC2C2_OODLE_BC5_11_FA230A4D4A3C5033F8D573BC__2C6DC9FCE6FC68BADCC070FB49D9ACB3FFF19E74.udd" 5992
"C:/Users/Brayan/AppData/Local/UnrealEngine/Common/DerivedDataCache/1/0/8/TEXTURE_E01F4250BECD420DA9CE63B5EECEC2C2_OODLE_BC5_11_FA230A4D4A3C5033F8D573BC__9F52325055130441831C47DB876DE6A67020F2D3.udd" 5993
"C:/Users/Brayan/AppData/Local/UnrealEngine/Common/DerivedDataCache/4/0/7/TEXTURE_E01F4250BECD420DA9CE63B5EECEC2C2_OODLE_BC5_11_FA230A4D4A3C5033F8D573BC__4400E88B3C8E02F3E41DF58FB5A69E85ADF020C4.udd" 5994
"C:/Users/Brayan/AppData/Local/UnrealEngine/Common/DerivedDataCache/0/3/5/TEXTURE_E01F4250BECD420DA9CE63B5EECEC2C2_OODLE_BC5_11_FA230A4D4A3C5033F8D573BC__2D58F46A0B952379D4511F0A7E1BD461ED853042.udd" 5995
"C:/Users/Brayan/AppData/Local/UnrealEngine/Common/DerivedDataCache/0/3/8/TEXTURE_E01F4250BECD420DA9CE63B5EECEC2C2_OODLE_AUTODXT_11_3A21685E43A76CF57B98__22B8BD841D4CF8BD177A071BE9C94C87C622A313.udd" 5996
"C:/Users/Brayan/AppData/Local/UnrealEngine/Common/DerivedDataCache/2/8/3/TEXTURE_E01F4250BECD420DA9CE63B5EECEC2C2_OODLE_AUTODXT_11_C7E582A9438B28DDC788__B1C65EF593D8D9F7C9C848BC67D9B1C58F150799.udd" 5997
"C:/Users/Brayan/AppData/Local/UnrealEngine/Common/DerivedDataCache/0/5/1/TEXTURE_E01F4250BECD420DA9CE63B5EECEC2C2_OODLE_AUTODXT_11_C7E582A9438B28DDC788__C4C937E3D6DADDE8A6348833F09F158CE65C517F.udd" 5998
"C:/Users/Brayan/AppData/Local/UnrealEngine/Common/DerivedDataCache/2/8/8/TEXTURE_E01F4250BECD420DA9CE63B5EECEC2C2_OODLE_AUTODXT_11_C7E582A9438B28DDC788__ACB06564DFB193A474F4A77A0CAFEB30D419FA67.udd" 5999
"C:/Users/Brayan/AppData/Local/UnrealEngine/Common/DerivedDataCache/2/0/0/TEXTURE_E01F4250BECD420DA9CE63B5EECEC2C2_OODLE_AUTODXT_11_C7E582A9438B28DDC788__E0F7581064F9B93596F4E2D060C9F7A833CEC59A.udd" 6000
"C:/Users/Brayan/AppData/Local/UnrealEngine/Common/DerivedDataCache/4/2/2/MATSM_0BA69734E4FD45E082FA4560DBE25454_PCD3D_SM5_8__BC5N_NOCCBN_NOIRIS_DEV_SL___8CAB36CED73DA3A80FD62A834DE3370BC1017F2A.udd" 6001
"C:/Users/Brayan/AppData/Local/UnrealEngine/Common/DerivedDataCache/3/6/0/TEXTURE_E01F4250BECD420DA9CE63B5EECEC2C2_OODLE_AUTODXT_11_C7E582A9438B28DDC788__82AB5B84BFADB94B25CD31C4B5D5ED9226DFB0D7.udd" 6002
"C:/Users/Brayan/AppData/Local/UnrealEngine/Common/DerivedDataCache/1/3/7/TEXTURE_E01F4250BECD420DA9CE63B5EECEC2C2_OODLE_AUTODXT_11_8924C7AF4BF28DD7F6C4__36F7FE8E7A1E6692F02CBC808AE2E6A14B9A7220.udd" 6003
"C:/Users/Brayan/AppData/Local/UnrealEngine/Common/DerivedDataCache/0/5/8/TEXTURE_E01F4250BECD420DA9CE63B5EECEC2C2_OODLE_AUTODXT_11_8924C7AF4BF28DD7F6C4__D076ADBCD1A66497B59151447F605AB4695446B8.udd" 6004
"C:/Users/Brayan/AppData/Local/UnrealEngine/Common/DerivedDataCache/5/0/0/TEXTURE_E01F4250BECD420DA9CE63B5EECEC2C2_OODLE_AUTODXT_11_8924C7AF4BF28DD7F6C4__570C139CCBCD0FFA131762C34F16FE805484A711.udd" 6005
"C:/Users/Brayan/AppData/Local/UnrealEngine/Common/DerivedDataCache/1/3/9/TEXTURE_E01F4250BECD420DA9CE63B5EECEC2C2_OODLE_AUTODXT_11_8924C7AF4BF28DD7F6C4__0CE0A26DBA15E4B6FF9453B6C920D165F773484A.udd" 6006
"C:/Users/Brayan/AppData/Local/UnrealEngine/Common/DerivedDataCache/8/5/2/TEXTURE_E01F4250BECD420DA9CE63B5EECEC2C2_OODLE_AUTODXT_11_8924C7AF4BF28DD7F6C4__91555B621B3ACD824581D4D15962E693B9D57440.udd" 6007
"C:/Users/Brayan/AppData/Local/UnrealEngine/Common/DerivedDataCache/2/5/2/TEXTURE_E01F4250BECD420DA9CE63B5EECEC2C2_OODLE_BC5_11_506C87F4489F6558C5C711B4__F5EA290B4CA864340B6D37779A340EA1AD2BCCF1.udd" 6008
"C:/Users/Brayan/AppData/Local/UnrealEngine/Common/DerivedDataCache/0/7/9/TEXTURE_E01F4250BECD420DA9CE63B5EECEC2C2_OODLE_BC5_11_506C87F4489F6558C5C711B4__71FA6A757AC91A45E2BAEF029149BADA36C3FA36.udd" 6009
"C:/Users/Brayan/AppData/Local/UnrealEngine/Common/DerivedDataCache/8/5/4/TEXTURE_E01F4250BECD420DA9CE63B5EECEC2C2_OODLE_BC5_11_506C87F4489F6558C5C711B4__6CBD785741E8186C791BE7B1097A61BF3A661C16.udd" 6010
"C:/Users/Brayan/AppData/Local/UnrealEngine/Common/DerivedDataCache/6/8/1/TEXTURE_E01F4250BECD420DA9CE63B5EECEC2C2_OODLE_BC5_11_506C87F4489F6558C5C711B4__FCCFC51118D230995F70382067D08F5D76717947.udd" 6011
"C:/Users/Brayan/AppData/Local/UnrealEngine/Common/DerivedDataCache/0/9/5/TEXTURE_E01F4250BECD420DA9CE63B5EECEC2C2_OODLE_BC5_11_506C87F4489F6558C5C711B4__8FD506A431C8E37B80DC933B5CD34184FD0D05F2.udd" 6012
"C:/Users/Brayan/AppData/Local/UnrealEngine/Common/DerivedDataCache/2/5/8/TEXTURE_E01F4250BECD420DA9CE63B5EECEC2C2_OODLE_AUTODXT_11_BFEE02874482792FDE56__EC6FCB082D1C9B690E8E78DAB234BF111F7EC16D.udd" 6013
"C:/Users/Brayan/AppData/Local/UnrealEngine/Common/DerivedDataCache/0/9/4/TEXTURE_E01F4250BECD420DA9CE63B5EECEC2C2_OODLE_AUTODXT_11_BFEE02874482792FDE56__EA11BFFF75C461757A72D85D81B8027775C10406.udd" 6014
"C:/Users/Brayan/AppData/Local/UnrealEngine/Common/DerivedDataCache/8/5/6/TEXTURE_E01F4250BECD420DA9CE63B5EECEC2C2_OODLE_AUTODXT_11_BFEE02874482792FDE56__699ECA3D7142FD7D0149765A2D282FD493BFACF1.udd" 6015
"C:/Users/Brayan/AppData/Local/UnrealEngine/Common/DerivedDataCache/7/3/1/TEXTURE_E01F4250BECD420DA9CE63B5EECEC2C2_OODLE_AUTODXT_11_BFEE02874482792FDE56__DFF4F804C404EEBE7509674CCDAC09F0DEA965E9.udd" 6016
"C:/Users/Brayan/AppData/Local/UnrealEngine/Common/DerivedDataCache/6/7/3/TEXTURE_E01F4250BECD420DA9CE63B5EECEC2C2_OODLE_AUTODXT_11_BFEE02874482792FDE56__E1C971629EEC6C0FF058CC08047C2E7086CFBAC1.udd" 6017
"C:/Users/Brayan/AppData/Local/UnrealEngine/Common/DerivedDataCache/7/6/6/MATSM_0BA69734E4FD45E082FA4560DBE25454_PCD3D_SM5_8__BC5N_NOCCBN_NOIRIS_DEV_SL___406579404EA17DDB340023AD1B085ADB117CA21A.udd" 6018
"C:/Users/Brayan/AppData/Local/UnrealEngine/Common/DerivedDataCache/2/4/9/TEXTURE_E01F4250BECD420DA9CE63B5EECEC2C2_OODLE_BC5_11_C87BDCD944A122001737C6A5__606A52EE9240095DF621F42588E384401650B0D6.udd" 6019
"C:/Users/Brayan/AppData/Local/UnrealEngine/Common/DerivedDataCache/2/3/1/TEXTURE_E01F4250BECD420DA9CE63B5EECEC2C2_OODLE_BC5_11_C87BDCD944A122001737C6A5__9CDB56AD879887499653BF66D266D6FD3576E55C.udd" 6020
"C:/Users/Brayan/AppData/Local/UnrealEngine/Common/DerivedDataCache/2/1/7/TEXTURE_E01F4250BECD420DA9CE63B5EECEC2C2_OODLE_BC5_11_C87BDCD944A122001737C6A5__6BF1039D0667D42046337F8ACBF6F8FDA38384EC.udd" 6021
"C:/Users/Brayan/AppData/Local/UnrealEngine/Common/DerivedDataCache/8/9/2/TEXTURE_E01F4250BECD420DA9CE63B5EECEC2C2_OODLE_BC5_11_C87BDCD944A122001737C6A5__473A1155FAA3346766ECB49FBB036B3D323B4611.udd" 6022
"C:/Users/Brayan/AppData/Local/UnrealEngine/Common/DerivedDataCache/6/0/6/TEXTURE_E01F4250BECD420DA9CE63B5EECEC2C2_OODLE_BC5_11_C87BDCD944A122001737C6A5__BDB6D69EF840EBA6208DF191D33B194EBFF8CAF2.udd" 6023
"C:/Users/Brayan/AppData/Local/UnrealEngine/Common/DerivedDataCache/4/5/0/TEXTURE_E01F4250BECD420DA9CE63B5EECEC2C2_OODLE_AUTODXT_11_47F5D8F44E40D15CCB3D__F3034701B4286F60D26F889F64960E812B83A511.udd" 6024
"C:/Users/Brayan/AppData/Local/UnrealEngine/Common/DerivedDataCache/9/0/4/MATSM_0BA69734E4FD45E082FA4560DBE25454_PCD3D_SM5_8__BC5N_NOCCBN_NOIRIS_DEV_SL___3186DA7110B0E18B67C4AF19A86F07A85FF6DB88.udd" 6025
"C:/Users/Brayan/AppData/Local/UnrealEngine/Common/DerivedDataCache/4/0/4/TEXTURE_E01F4250BECD420DA9CE63B5EECEC2C2_OODLE_BC5_11_C87BDCD944A122001737C6A5__F9547C69A3BA1241095C792A3EA17ACFB82465CF.udd" 6026
"C:/Users/Brayan/AppData/Local/UnrealEngine/Common/DerivedDataCache/4/8/8/TEXTURE_E01F4250BECD420DA9CE63B5EECEC2C2_OODLE_AUTODXT_11_47F5D8F44E40D15CCB3D__2EEFC1067776129C8142EAC515C2317502E63D39.udd" 6027
"C:/Users/Brayan/AppData/Local/UnrealEngine/Common/DerivedDataCache/4/7/7/TEXTURE_E01F4250BECD420DA9CE63B5EECEC2C2_OODLE_AUTODXT_11_47F5D8F44E40D15CCB3D__224A9A17B3CC546321DEF1A2612C0B461C5A9526.udd" 6028
"C:/Users/Brayan/AppData/Local/UnrealEngine/Common/DerivedDataCache/9/2/3/TEXTURE_E01F4250BECD420DA9CE63B5EECEC2C2_OODLE_AUTODXT_11_47F5D8F44E40D15CCB3D__EDF82FF089D353B58A1B84AC235F2F45B51A3C24.udd" 6029
"C:/Users/Brayan/AppData/Local/UnrealEngine/Common/DerivedDataCache/2/4/0/TEXTURE_E01F4250BECD420DA9CE63B5EECEC2C2_OODLE_AUTODXT_11_47F5D8F44E40D15CCB3D__859495009EAA5DDB047D3E48C739BE98AAAA28AC.udd" 6030
"C:/Users/Brayan/AppData/Local/UnrealEngine/Common/DerivedDataCache/0/2/2/TEXTURE_E01F4250BECD420DA9CE63B5EECEC2C2_OODLE_AUTODXT_11_C408CBBC4DB7A75478C9__0CDEAEE47E39DBD988E36D2534EF47A8EBB5DD44.udd" 6031
"C:/Users/Brayan/AppData/Local/UnrealEngine/Common/DerivedDataCache/8/1/2/TEXTURE_E01F4250BECD420DA9CE63B5EECEC2C2_OODLE_AUTODXT_11_C408CBBC4DB7A75478C9__6E53B96DA43B86D5CAFD8005A90DA059A297E2FC.udd" 6032
"C:/Users/Brayan/AppData/Local/UnrealEngine/Common/DerivedDataCache/6/0/6/TEXTURE_E01F4250BECD420DA9CE63B5EECEC2C2_OODLE_AUTODXT_11_C408CBBC4DB7A75478C9__C6E2111B2A9D59A3EC17AF0BF7E460CAF5167F95.udd" 6033
"C:/Users/Brayan/AppData/Local/UnrealEngine/Common/DerivedDataCache/8/9/9/TEXTURE_E01F4250BECD420DA9CE63B5EECEC2C2_OODLE_AUTODXT_11_C408CBBC4DB7A75478C9__D17DA55EF535280F176CBF4E6CC87A7E8E1679E8.udd" 6034
"C:/Users/Brayan/AppData/Local/UnrealEngine/Common/DerivedDataCache/3/2/4/TEXTURE_E01F4250BECD420DA9CE63B5EECEC2C2_OODLE_AUTODXT_11_C408CBBC4DB7A75478C9__2589DC2A3CC12E47DE19F1D1D6F8F37AE8A2AC67.udd" 6035
"C:/Users/Brayan/AppData/Local/UnrealEngine/Common/DerivedDataCache/2/6/3/TEXTURE_E01F4250BECD420DA9CE63B5EECEC2C2_OODLE_BC5_11_2E6F35EC4F97D546A9CE33B8__139230EE664B12002F788062EF1923DF07290D86.udd" 6036
"C:/Users/Brayan/AppData/Local/UnrealEngine/Common/DerivedDataCache/1/5/3/TEXTURE_E01F4250BECD420DA9CE63B5EECEC2C2_OODLE_BC5_11_2E6F35EC4F97D546A9CE33B8__BD53FB1B33AF7979E3171E6D375995BA7B923552.udd" 6037
"C:/Users/Brayan/AppData/Local/UnrealEngine/Common/DerivedDataCache/8/9/2/TEXTURE_E01F4250BECD420DA9CE63B5EECEC2C2_OODLE_BC5_11_2E6F35EC4F97D546A9CE33B8__7CC5239BA35A4BC3509124CB6D5F4F8877426762.udd" 6038
"C:/Users/Brayan/AppData/Local/UnrealEngine/Common/DerivedDataCache/9/9/3/TEXTURE_E01F4250BECD420DA9CE63B5EECEC2C2_OODLE_BC5_11_2E6F35EC4F97D546A9CE33B8__7E74D03310175B4F93ACE04A5359FE22709D798B.udd" 6039
"C:/Users/Brayan/AppData/Local/UnrealEngine/Common/DerivedDataCache/8/7/2/TEXTURE_E01F4250BECD420DA9CE63B5EECEC2C2_OODLE_BC5_11_2E6F35EC4F97D546A9CE33B8__0EE023FC29325C9226FC0645088513D78DB182D9.udd" 6040
"C:/Users/Brayan/AppData/Local/UnrealEngine/Common/DerivedDataCache/8/7/2/TEXTURE_E01F4250BECD420DA9CE63B5EECEC2C2_OODLE_AUTODXT_11_4D9F9485497ED36B49FE__AC3E31DDD26370639CA893A01B1525D2CB571182.udd" 6041
"C:/Users/Brayan/AppData/Local/UnrealEngine/Common/DerivedDataCache/4/7/4/TEXTURE_E01F4250BECD420DA9CE63B5EECEC2C2_OODLE_AUTODXT_11_4D9F9485497ED36B49FE__A73889C7CA3DB0C69519AD4BA0BEF98B24F71A03.udd" 6042
"C:/Users/Brayan/AppData/Local/UnrealEngine/Common/DerivedDataCache/3/5/1/TEXTURE_E01F4250BECD420DA9CE63B5EECEC2C2_OODLE_AUTODXT_11_4D9F9485497ED36B49FE__9D42DDFEAFACE7DB6B5D61767B2FA504F0C4DAB4.udd" 6043
"C:/Users/Brayan/AppData/Local/UnrealEngine/Common/DerivedDataCache/4/6/3/TEXTURE_E01F4250BECD420DA9CE63B5EECEC2C2_OODLE_AUTODXT_11_4D9F9485497ED36B49FE__0179C783A2C8144BEB01C7A551431D079A115BD6.udd" 6044
"C:/Users/Brayan/AppData/Local/UnrealEngine/Common/DerivedDataCache/5/1/0/TEXTURE_E01F4250BECD420DA9CE63B5EECEC2C2_OODLE_AUTODXT_11_4D9F9485497ED36B49FE__140D041E3F932928D5AE2165D3237B9294C651BF.udd" 6045
"C:/Users/Brayan/AppData/Local/UnrealEngine/Common/DerivedDataCache/4/4/4/MATSM_0BA69734E4FD45E082FA4560DBE25454_PCD3D_SM5_8__BC5N_NOCCBN_NOIRIS_DEV_SL___33B3BE578F81C74CAC2C1AECB9482CE13F90750E.udd" 6046
"C:/Users/Brayan/AppData/Local/UnrealEngine/Common/DerivedDataCache/7/3/6/TEXTURE_E01F4250BECD420DA9CE63B5EECEC2C2_OODLE_AUTODXT_11_F38B0BDE428B426EA641__4E0C7D5BF469068C41E08E78ABBF4AA864A7A7D0.udd" 6047
"C:/Users/Brayan/AppData/Local/UnrealEngine/Common/DerivedDataCache/1/1/1/TEXTURE_E01F4250BECD420DA9CE63B5EECEC2C2_OODLE_AUTODXT_11_F38B0BDE428B426EA641__2F76A62567F4300EE77C6DB7EAD556887B73F305.udd" 6048
"C:/Users/Brayan/AppData/Local/UnrealEngine/Common/DerivedDataCache/5/4/1/TEXTURE_E01F4250BECD420DA9CE63B5EECEC2C2_OODLE_AUTODXT_11_F38B0BDE428B426EA641__AC7B68C2BD95BA3D9B130ECB3900384E4E812E6D.udd" 6049
"C:/Users/Brayan/AppData/Local/UnrealEngine/Common/DerivedDataCache/8/0/7/TEXTURE_E01F4250BECD420DA9CE63B5EECEC2C2_OODLE_AUTODXT_11_F38B0BDE428B426EA641__2D7FFD5CC109CEBD83D44A497F4B6BA473DF4535.udd" 6050
"C:/Users/Brayan/AppData/Local/UnrealEngine/Common/DerivedDataCache/1/6/2/TEXTURE_E01F4250BECD420DA9CE63B5EECEC2C2_OODLE_AUTODXT_11_F38B0BDE428B426EA641__385B7FF757B21260BB631048FA5CE0CD7A815903.udd" 6051
"C:/Users/Brayan/AppData/Local/UnrealEngine/Common/DerivedDataCache/1/6/1/TEXTURE_E01F4250BECD420DA9CE63B5EECEC2C2_OODLE_BC5_11_4EC7B9DC454E422E4AECD685__F1CC89CF24D7ECA442D0B06DFB66D77C8EA6D14D.udd" 6052
"C:/Users/Brayan/AppData/Local/UnrealEngine/Common/DerivedDataCache/5/8/1/TEXTURE_E01F4250BECD420DA9CE63B5EECEC2C2_OODLE_BC5_11_4EC7B9DC454E422E4AECD685__1DA24B153D04542BC0BF2FB00BA05D8DD947B4A7.udd" 6053
"C:/Users/Brayan/AppData/Local/UnrealEngine/Common/DerivedDataCache/4/4/5/TEXTURE_E01F4250BECD420DA9CE63B5EECEC2C2_OODLE_BC5_11_4EC7B9DC454E422E4AECD685__0857A7DD6B9AEBAC4222A1C4BD12F499270A89A8.udd" 6054
"C:/Users/Brayan/AppData/Local/UnrealEngine/Common/DerivedDataCache/8/0/2/TEXTURE_E01F4250BECD420DA9CE63B5EECEC2C2_OODLE_BC5_11_4EC7B9DC454E422E4AECD685__E0C9332EFEF684B7A53036467484A0D9C0A766C0.udd" 6055
"C:/Users/Brayan/AppData/Local/UnrealEngine/Common/DerivedDataCache/9/2/3/TEXTURE_E01F4250BECD420DA9CE63B5EECEC2C2_OODLE_BC5_11_4EC7B9DC454E422E4AECD685__28032C673DC7C218D4A3F6DF7CFC7DB6A812F796.udd" 6056
"C:/Users/Brayan/AppData/Local/UnrealEngine/Common/DerivedDataCache/1/5/1/TEXTURE_E01F4250BECD420DA9CE63B5EECEC2C2_OODLE_AUTODXT_11_2A1FD3FF4BA33C506AE9__152104371B8C8237E5EC3BAB1037E8FEBADF07BB.udd" 6057
"C:/Users/Brayan/AppData/Local/UnrealEngine/Common/DerivedDataCache/4/7/1/TEXTURE_E01F4250BECD420DA9CE63B5EECEC2C2_OODLE_AUTODXT_11_2A1FD3FF4BA33C506AE9__D767C2D9C2EE2AD0883E9DD88257233918E8C94A.udd" 6058
"C:/Users/Brayan/AppData/Local/UnrealEngine/Common/DerivedDataCache/3/1/9/TEXTURE_E01F4250BECD420DA9CE63B5EECEC2C2_OODLE_AUTODXT_11_2A1FD3FF4BA33C506AE9__5C4FA34C8CFCFBA959F270E4794C70F033071ADF.udd" 6059
"C:/Users/Brayan/AppData/Local/UnrealEngine/Common/DerivedDataCache/4/9/3/TEXTURE_E01F4250BECD420DA9CE63B5EECEC2C2_OODLE_AUTODXT_11_2A1FD3FF4BA33C506AE9__93918329B8D8B8CBF07B0C0875A8B4CC99F2BCD8.udd" 6060
"C:/Users/Brayan/AppData/Local/UnrealEngine/Common/DerivedDataCache/4/2/6/TEXTURE_E01F4250BECD420DA9CE63B5EECEC2C2_OODLE_AUTODXT_11_2A1FD3FF4BA33C506AE9__F01B36B885BD12EE5EBCEBFBE6831087E1CD5EC4.udd" 6061
"C:/Users/Brayan/AppData/Local/UnrealEngine/Common/DerivedDataCache/4/8/0/MATSM_0BA69734E4FD45E082FA4560DBE25454_PCD3D_SM5_8__BC5N_NOCCBN_NOIRIS_DEV_SL___92E35ED4626BF101825ACC722CC6E83B858934A2.udd" 6062
"C:/Users/Brayan/Desktop/banana odyssey/banana_odyssey/Content/StarterContent/Textures/T_Shelf_N.uasset" 6063
"C:/Users/Brayan/AppData/Local/UnrealEngine/Common/DerivedDataCache/4/9/1/STATICMESH_9CE2B6FB46754B699726C4AA1515F12E_228332BAE0224DD294E232B87D83948FQU__5DB8D3393A478F7778F3CA6079415DD5196A426E.udd" 6064
"C:/Users/Brayan/AppData/Local/UnrealEngine/Common/DerivedDataCache/1/6/1/PHYSX_A08609EF508D460CBB6710540B03AACF_PHYSXPC_96FE88674EC774EA161CCD8143F81F8__D7B8EB394EA5C06984043A9DABD94168330A7288.udd" 6065
"C:/Users/Brayan/AppData/Local/UnrealEngine/Common/DerivedDataCache/5/6/5/NAVCOLLISION_2983273BE5D6425391E8C0B3D1C0A55D_NAVCOLLISION_X_96FE88674EC774EA1__C9A58F5A8F5374BB28FA4738633B90BB69BB95FF.udd" 6066
"C:/Users/Brayan/Desktop/banana odyssey/banana_odyssey/Content/StarterContent/Textures/T_Shelf_M.uasset" 6067
"C:/Users/Brayan/Desktop/banana odyssey/banana_odyssey/Content/StarterContent/Textures/T_RockMesh_N.uasset" 6068
"C:/Users/Brayan/Desktop/banana odyssey/banana_odyssey/Content/StarterContent/Textures/T_RockMesh_M.uasset" 6069
"C:/Users/Brayan/AppData/Local/UnrealEngine/Common/DerivedDataCache/0/0/7/TEXTURE_E01F4250BECD420DA9CE63B5EECEC2C2_OODLE_AUTODXT_11_2B66DCBA4884FF8DE5DA__E2B4D5BBFA59EE0CBC3B455E44CCD00C48928BE1.udd" 6070
"C:/Users/Brayan/AppData/Local/UnrealEngine/Common/DerivedDataCache/3/1/1/TEXTURE_E01F4250BECD420DA9CE63B5EECEC2C2_OODLE_BC5_11_B37A645D4C7128C05F284984__7336150760A4638B9571D0866275AB2C7B95EEA4.udd" 6071
"C:/Users/Brayan/AppData/Local/UnrealEngine/Common/DerivedDataCache/1/1/5/TEXTURE_E01F4250BECD420DA9CE63B5EECEC2C2_OODLE_AUTODXT_11_2B66DCBA4884FF8DE5DA__FB113E93184FADA52AB89C906C0E0546CF80B6BA.udd" 6072
"C:/Users/Brayan/AppData/Local/UnrealEngine/Common/DerivedDataCache/7/4/2/TEXTURE_E01F4250BECD420DA9CE63B5EECEC2C2_OODLE_AUTODXT_11_2B66DCBA4884FF8DE5DA__F7C259E9F4D3D9A85E2F3E95048AB80277DE65EF.udd" 6073
"C:/Users/Brayan/AppData/Local/UnrealEngine/Common/DerivedDataCache/5/3/1/TEXTURE_E01F4250BECD420DA9CE63B5EECEC2C2_OODLE_AUTODXT_11_2B66DCBA4884FF8DE5DA__3786F4749E8AE7DEF2C2CA70443C1E43ED7226A2.udd" 6074
"C:/Users/Brayan/AppData/Local/UnrealEngine/Common/DerivedDataCache/6/9/5/TEXTURE_E01F4250BECD420DA9CE63B5EECEC2C2_OODLE_BC5_11_B37A645D4C7128C05F284984__B7F86D434FA5FF98E6E5FD81063920160266568E.udd" 6075
"C:/Users/Brayan/AppData/Local/UnrealEngine/Common/DerivedDataCache/7/5/7/TEXTURE_E01F4250BECD420DA9CE63B5EECEC2C2_OODLE_BC5_11_B37A645D4C7128C05F284984__39612F5FC7E0856E821416187F9DE2A49E1A7E21.udd" 6076
"C:/Users/Brayan/AppData/Local/UnrealEngine/Common/DerivedDataCache/7/7/2/TEXTURE_E01F4250BECD420DA9CE63B5EECEC2C2_OODLE_AUTODXT_11_2B66DCBA4884FF8DE5DA__F3BD47939613B1631258CC119F44BF2B6885483A.udd" 6077
"C:/Users/Brayan/AppData/Local/UnrealEngine/Common/DerivedDataCache/3/7/1/TEXTURE_E01F4250BECD420DA9CE63B5EECEC2C2_OODLE_BC5_11_B37A645D4C7128C05F284984__392DA69707191A2B53E942A17C0AFE51F7736358.udd" 6078
"C:/Users/Brayan/AppData/Local/UnrealEngine/Common/DerivedDataCache/6/9/2/TEXTURE_E01F4250BECD420DA9CE63B5EECEC2C2_OODLE_BC5_11_B37A645D4C7128C05F284984__3DC31DED1C7721BBD227EAF5BF0777C6C8347306.udd" 6079
"C:/Users/Brayan/Desktop/banana odyssey/banana_odyssey/Content/StarterContent/Textures/T_Explosion_SubUV.uasset" 6080
"C:/Users/Brayan/AppData/Local/UnrealEngine/Common/DerivedDataCache/5/5/1/TEXTURE_E01F4250BECD420DA9CE63B5EECEC2C2_OODLE_AUTODXT_11_39610AFC406114B3A908__D0B3229143831A6A800F97150EEF1CF6F0AC7168.udd" 6081
"C:/Users/Brayan/AppData/Local/UnrealEngine/Common/DerivedDataCache/5/5/7/TEXTURE_E01F4250BECD420DA9CE63B5EECEC2C2_OODLE_AUTODXT_11_39610AFC406114B3A908__B8B6E146835E137408EF99FB1470E4299F5C12DB.udd" 6082
"C:/Users/Brayan/AppData/Local/UnrealEngine/Common/DerivedDataCache/2/9/7/TEXTURE_E01F4250BECD420DA9CE63B5EECEC2C2_OODLE_AUTODXT_11_39610AFC406114B3A908__06D5AD27FED4CDA93480307685A9EA7F1BA4FD61.udd" 6083
"C:/Users/Brayan/AppData/Local/UnrealEngine/Common/DerivedDataCache/1/8/9/TEXTURE_E01F4250BECD420DA9CE63B5EECEC2C2_OODLE_AUTODXT_11_39610AFC406114B3A908__F25CC47704F0190C84E8847CE486B34ED7A23EAB.udd" 6084
"C:/Users/Brayan/AppData/Local/UnrealEngine/Common/DerivedDataCache/2/9/7/TEXTURE_E01F4250BECD420DA9CE63B5EECEC2C2_OODLE_AUTODXT_11_39610AFC406114B3A908__05D44F2E006620F17FB366817D6D64977FD653CC.udd" 6085
"C:/Users/Brayan/Desktop/banana odyssey/banana_odyssey/Content/StarterContent/Textures/T_Door_N.uasset" 6086
"C:/Users/Brayan/Desktop/banana odyssey/banana_odyssey/Content/StarterContent/Textures/T_Door_M.uasset" 6087
"C:/Users/Brayan/AppData/Local/UnrealEngine/Common/DerivedDataCache/5/4/4/STATICMESH_9CE2B6FB46754B699726C4AA1515F12E_228332BAE0224DD294E232B87D83948FQU__EDD58B6097FF4D4DE23B36C865F8BC26E0A0DD6B.udd" 6088
"C:/Users/Brayan/AppData/Local/UnrealEngine/Common/DerivedDataCache/8/8/8/PHYSX_A08609EF508D460CBB6710540B03AACF_PHYSXPC_1262138E4FEEBEBA5F2F518B4251BA0__66E417AC4453D2F923043427341D8F3BDB7EA157.udd" 6089
"C:/Users/Brayan/AppData/Local/UnrealEngine/Common/DerivedDataCache/9/3/7/NAVCOLLISION_2983273BE5D6425391E8C0B3D1C0A55D_NAVCOLLISION_X_1262138E4FEEBEBA5__408AF92670037AED5C2425C84C47377578EDA295.udd" 6090
"C:/Users/Brayan/Desktop/banana odyssey/banana_odyssey/Content/StarterContent/Textures/T_Bush_N.uasset" 6091
"C:/Users/Brayan/AppData/Local/UnrealEngine/Common/DerivedDataCache/8/0/1/TEXTURE_E01F4250BECD420DA9CE63B5EECEC2C2_OODLE_AUTODXT_11_2A2383364D3E4AC79430__75A95A1002F7CEE5AF34180B2EB29D2E324B07C0.udd" 6092
"C:/Users/Brayan/AppData/Local/UnrealEngine/Common/DerivedDataCache/4/1/2/MATSM_0BA69734E4FD45E082FA4560DBE25454_PCD3D_SM5_8__BC5N_NOCCBN_NOIRIS_DEV_SL___7778239C15D5B1B1546E892A78B11FF623926639.udd" 6093
"C:/Users/Brayan/Desktop/banana odyssey/banana_odyssey/Content/StarterContent/Textures/T_Burst_M.uasset" 6094
"C:/Users/Brayan/Desktop/banana odyssey/banana_odyssey/Content/StarterContent/Textures/T_Bush_D.uasset" 6095
"C:/Users/Brayan/Desktop/banana odyssey/banana_odyssey/Content/StarterContent/Shapes/Shape_WideCapsule.uasset" 6096
"C:/Users/Brayan/Desktop/banana odyssey/banana_odyssey/Content/StarterContent/Shapes/Shape_Wedge_B.uasset" 6097
"C:/Users/Brayan/Desktop/banana odyssey/banana_odyssey/Content/StarterContent/Shapes/Shape_Wedge_A.uasset" 6098
"C:/Users/Brayan/Desktop/banana odyssey/banana_odyssey/Content/StarterContent/Shapes/Shape_TriPyramid.uasset" 6099
"C:/Users/Brayan/Desktop/banana odyssey/banana_odyssey/Content/StarterContent/Shapes/Shape_Tube.uasset" 6100
"C:/Users/Brayan/Desktop/banana odyssey/banana_odyssey/Content/StarterContent/Shapes/Shape_Trim_90_Out.uasset" 6101
"C:/Users/Brayan/Desktop/banana odyssey/banana_odyssey/Content/StarterContent/Shapes/Shape_Trim_90_In.uasset" 6102
"C:/Users/Brayan/Desktop/banana odyssey/banana_odyssey/Content/StarterContent/Shapes/Shape_Trim.uasset" 6103
"C:/Users/Brayan/Desktop/banana odyssey/banana_odyssey/Content/StarterContent/Shapes/Shape_Torus.uasset" 6104
"C:/Users/Brayan/Desktop/banana odyssey/banana_odyssey/Content/StarterContent/Shapes/Shape_Plane.uasset" 6105
"C:/Users/Brayan/Desktop/banana odyssey/banana_odyssey/Content/StarterContent/Shapes/Shape_Pipe_90.uasset" 6106
"C:/Users/Brayan/Desktop/banana odyssey/banana_odyssey/Content/StarterContent/Shapes/Shape_Pipe_180.uasset" 6107
"C:/Users/Brayan/Desktop/banana odyssey/banana_odyssey/Content/StarterContent/Shapes/Shape_Pipe.uasset" 6108
"C:/Users/Brayan/Desktop/banana odyssey/banana_odyssey/Content/StarterContent/Shapes/Shape_NarrowCapsule.uasset" 6109
"C:/Users/Brayan/Desktop/banana odyssey/banana_odyssey/Content/StarterContent/Shapes/Shape_Cylinder.uasset" 6110
"C:/Users/Brayan/Desktop/banana odyssey/banana_odyssey/Content/StarterContent/Shapes/Shape_Cone.uasset" 6111
"C:/Users/Brayan/Desktop/banana odyssey/banana_odyssey/Content/StarterContent/Props/Materials/M_Shelf.uasset" 6112
"C:/Users/Brayan/Desktop/banana odyssey/banana_odyssey/Content/StarterContent/Props/Materials/M_Rock.uasset" 6113
"C:/Users/Brayan/Desktop/banana odyssey/banana_odyssey/Content/StarterContent/Props/Materials/M_MaterialSphere_Plain.uasset" 6114
"C:/Users/Brayan/Desktop/banana odyssey/banana_odyssey/Content/StarterContent/Props/Materials/M_MaterialSphere.uasset" 6115
"C:/Users/Brayan/Desktop/banana odyssey/banana_odyssey/Content/StarterContent/Props/Materials/M_Door.uasset" 6116
"C:/Users/Brayan/Desktop/banana odyssey/banana_odyssey/Content/StarterContent/Props/Materials/M_Bush.uasset" 6117
"C:/Users/Brayan/Desktop/banana odyssey/banana_odyssey/Content/StarterContent/Props/SM_Stairs.uasset" 6118
"C:/Users/Brayan/Desktop/banana odyssey/banana_odyssey/Content/StarterContent/Props/SM_Shelf.uasset" 6119
"C:/Users/Brayan/Desktop/banana odyssey/banana_odyssey/Content/StarterContent/Props/SM_Rock.uasset" 6120
"C:/Users/Brayan/Desktop/banana odyssey/banana_odyssey/Content/StarterContent/Props/SM_MatPreviewMesh_02.uasset" 6121
"C:/Users/Brayan/Desktop/banana odyssey/banana_odyssey/Content/StarterContent/Props/SM_Door.uasset" 6122
"C:/Users/Brayan/Desktop/banana odyssey/banana_odyssey/Content/StarterContent/Props/SM_Couch.uasset" 6123
"C:/Users/Brayan/Desktop/banana odyssey/banana_odyssey/Content/StarterContent/Props/SM_Bush.uasset" 6124
"C:/Users/Brayan/Desktop/banana odyssey/banana_odyssey/Content/StarterContent/Particles/Materials/M_radial_ramp.uasset" 6125
"C:/Users/Brayan/Desktop/banana odyssey/banana_odyssey/Content/StarterContent/Particles/Materials/m_flare_01.uasset" 6126
"C:/Users/Brayan/Desktop/banana odyssey/banana_odyssey/Content/StarterContent/Particles/Materials/M_explosion_subUV.uasset" 6127
"C:/Users/Brayan/Desktop/banana odyssey/banana_odyssey/Content/StarterContent/Particles/Materials/M_Burst.uasset" 6128
"C:/Users/Brayan/Desktop/banana odyssey/banana_odyssey/Content/StarterContent/Particles/P_Explosion.uasset" 6129
"C:/Users/Brayan/Desktop/banana odyssey/banana_odyssey/Content/StarterContent/Materials/M_ColorGrid_LowSpec.uasset" 6130
"../../../Engine/Content/EditorMeshes/ColorCalibrator/T_ColorGrid.uasset" 6131
"C:/Users/Brayan/Desktop/banana odyssey/banana_odyssey/Content/StarterContent/Audio/Explosion_Cue.uasset" 6132
"C:/Users/Brayan/Desktop/banana odyssey/banana_odyssey/Content/StarterContent/Blueprints/Blueprint_Effect_Explosion.uasset" 6133
"C:/Users/Brayan/Desktop/banana odyssey/banana_odyssey/Content/StarterContent/Audio/Light02_Cue.uasset" 6134
"../../../../../../Users/Brayan/Desktop/banana odyssey/banana_odyssey/Content/StarterContent/Audio/Explosion01.uasset" 6135
"../../../../../../Users/Brayan/Desktop/banana odyssey/banana_odyssey/Content/StarterContent/Audio/Explosion02.uasset" 6136
"C:/Users/Brayan/Desktop/banana odyssey/banana_odyssey/Content/StarterContent/Audio/Light02.uasset" 6137
"C:/Users/Brayan/Desktop/banana odyssey/banana_odyssey/Content/StarterContent/Audio/Light01_Cue.uasset" 6138
"C:/Users/Brayan/Desktop/banana odyssey/banana_odyssey/Content/StarterContent/Audio/Light01.uasset" 6139
"C:/Users/Brayan/Desktop/banana odyssey/banana_odyssey/Content/StarterContent/Architecture/Wall_Window_400x400.uasset" 6140
"C:/Users/Brayan/Desktop/banana odyssey/banana_odyssey/Content/StarterContent/Architecture/Wall_Door_400x400.uasset" 6141
"C:/Users/Brayan/Desktop/banana odyssey/banana_odyssey/Content/StarterContent/Architecture/Wall_500x500.uasset" 6142
"C:/Users/Brayan/Desktop/banana odyssey/banana_odyssey/Content/StarterContent/Architecture/Wall_400x400.uasset" 6143
"C:/Users/Brayan/Desktop/banana odyssey/banana_odyssey/Content/StarterContent/Architecture/Wall_400x300.uasset" 6144
"C:/Users/Brayan/Desktop/banana odyssey/banana_odyssey/Content/StarterContent/Architecture/Pillar_50x500.uasset" 6145
"C:/Users/Brayan/Desktop/banana odyssey/banana_odyssey/Content/sonidos/tutorial.uasset" 6146
"C:/Users/Brayan/Desktop/banana odyssey/banana_odyssey/Content/niveles/tutorial/nivel_tutorial_Default__Business_Wall_A_A_C_007.uasset" 6147
"C:/Users/Brayan/Desktop/banana odyssey/banana_odyssey/Content/niveles/tutorial/nivel_tutorial_Default__Business_Wall_A_A_C_006.uasset" 6148
"C:/Users/Brayan/Desktop/banana odyssey/banana_odyssey/Content/niveles/tutorial/nivel_tutorial_Default__Business_Wall_A_A_C_005.uasset" 6149
"C:/Users/Brayan/Desktop/banana odyssey/banana_odyssey/Content/niveles/tutorial/nivel_tutorial_Default__Business_Wall_A_A_C_004.uasset" 6150
"C:/Users/Brayan/Desktop/banana odyssey/banana_odyssey/Content/niveles/tutorial/nivel_tutorial_Default__Business_Wall_A_A_C_003.uasset" 6151
"C:/Users/Brayan/Desktop/banana odyssey/banana_odyssey/Content/niveles/tutorial/nivel_tutorial_Default__Business_Wall_A_A_C_002.uasset" 6152
"C:/Users/Brayan/Desktop/banana odyssey/banana_odyssey/Content/niveles/tutorial/nivel_tutorial_Default__Business_Wall_A_A_C_001.uasset" 6153
"C:/Users/Brayan/Desktop/banana odyssey/banana_odyssey/Content/niveles/texturas_nivel_2/pardes_y_piso/T_Fortnite_Default_S.uasset" 6154
"C:/Users/Brayan/AppData/Local/UnrealEngine/Common/DerivedDataCache/7/3/5/AUDIO_0005_0000_OGG10000$2D1$2D1$2D1$2D1$2D1_0004_23809A0240053EB3EE52268BE6C9F008.udd" 6155
"C:/Users/Brayan/Desktop/banana odyssey/banana_odyssey/Content/niveles/texturas_nivel_2/pardes_y_piso/T_Artemis_Business_Trims_WhiteInteriorBrick_N.uasset" 6156
"C:/Users/Brayan/AppData/Local/UnrealEngine/Common/DerivedDataCache/2/1/2/STATICMESH_9CE2B6FB46754B699726C4AA1515F12E_228332BAE0224DD294E232B87D83948FQU__6143D4AD0A7145B651626DEE8F9DC2F2C1D77A11.udd" 6157
"C:/Users/Brayan/AppData/Local/UnrealEngine/Common/DerivedDataCache/6/8/1/PHYSX_A08609EF508D460CBB6710540B03AACF_PHYSXPC_74284605491C8E770F7889B7B91D078__AA035127A1D00D0623235CCAAFBEFBFF5DEF09B8.udd" 6158
"C:/Users/Brayan/AppData/Local/UnrealEngine/Common/DerivedDataCache/4/8/1/NAVCOLLISION_2983273BE5D6425391E8C0B3D1C0A55D_NAVCOLLISION_X_74284605491C8E770__033ADBC2C0DD1A8BC9E49EB0EE916C154BBD7602.udd" 6159
"C:/Users/Brayan/Desktop/banana odyssey/banana_odyssey/Content/niveles/texturas_nivel_2/pardes_y_piso/T_Artemis_Business_Trims_WhiteInteriorBrick_D.uasset" 6160
"C:/Users/Brayan/AppData/Local/UnrealEngine/Common/DerivedDataCache/2/3/9/STATICMESH_9CE2B6FB46754B699726C4AA1515F12E_228332BAE0224DD294E232B87D83948FQU__3FC414651462EB0643964C5B17BDAD9B1B7A3F87.udd" 6161
"C:/Users/Brayan/AppData/Local/UnrealEngine/Common/DerivedDataCache/6/8/5/PHYSX_A08609EF508D460CBB6710540B03AACF_PHYSXPC_D7FE8207488061083E16FAAC9D43BCA__851E5BAEC4990513006BED6023B66A373E7BE7ED.udd" 6162
"C:/Users/Brayan/AppData/Local/UnrealEngine/Common/DerivedDataCache/0/0/0/NAVCOLLISION_2983273BE5D6425391E8C0B3D1C0A55D_NAVCOLLISION_X_D7FE8207488061083__E95E7962A01725D5039D8FFAE37711C92451BB32.udd" 6163
"C:/Users/Brayan/Desktop/banana odyssey/banana_odyssey/Content/niveles/texturas_nivel_1/skibidys/T_Smooth_Tile_Chromatic.uasset" 6164
"C:/Users/Brayan/AppData/Local/UnrealEngine/Common/DerivedDataCache/2/3/5/STATICMESH_9CE2B6FB46754B699726C4AA1515F12E_228332BAE0224DD294E232B87D83948FQU__6D9924166F114A5B1CC389DD1CF8056949FF8D84.udd" 6165
"C:/Users/Brayan/AppData/Local/UnrealEngine/Common/DerivedDataCache/6/9/7/PHYSX_A08609EF508D460CBB6710540B03AACF_PHYSXPC_6967AB8E48EA93D3081907B06948DE8__E6BC6D6A1B78C3AC1C472B7968A31860D06B3D9E.udd" 6166
"C:/Users/Brayan/AppData/Local/UnrealEngine/Common/DerivedDataCache/7/5/5/NAVCOLLISION_2983273BE5D6425391E8C0B3D1C0A55D_NAVCOLLISION_X_6967AB8E48EA93D30__C1B145A75FD59E48F05369A54983BDCC1A57C889.udd" 6167
"C:/Users/Brayan/AppData/Local/UnrealEngine/Common/DerivedDataCache/5/4/4/STREAMEDAUDIO_BC6E92FBBD314E3B9B9EC6778749EB5E_OGG10000$2D1$2D1$2D1$2D1$2D1_4_23809A0240053EB3EE52268BE6C9F008.udd" 6168
"C:/Users/Brayan/AppData/Local/UnrealEngine/Common/DerivedDataCache/4/5/4/STATICMESH_9CE2B6FB46754B699726C4AA1515F12E_228332BAE0224DD294E232B87D83948FQU__648EC319FBF3C2DDDE51A95EBC4E1AADE9B1A811.udd" 6169
"C:/Users/Brayan/AppData/Local/UnrealEngine/Common/DerivedDataCache/3/5/2/PHYSX_A08609EF508D460CBB6710540B03AACF_PHYSXPC_81E98EDE457D5200B332A8AA9E005ED__2B5E844AC0C55A1611802BB2AE6330BBE50C7C86.udd" 6170
"C:/Users/Brayan/Desktop/banana odyssey/banana_odyssey/Content/niveles/texturas_nivel_1/objetos/AD_Swatch_Grey.uasset" 6171
"C:/Users/Brayan/AppData/Local/UnrealEngine/Common/DerivedDataCache/9/5/1/NAVCOLLISION_2983273BE5D6425391E8C0B3D1C0A55D_NAVCOLLISION_X_81E98EDE457D5200B__28A6E4B97FB8DD14E24C5D952E3D8385D7BA0517.udd" 6172
"C:/Users/Brayan/AppData/Local/UnrealEngine/Common/DerivedDataCache/2/2/9/STATICMESH_9CE2B6FB46754B699726C4AA1515F12E_228332BAE0224DD294E232B87D83948FQU__1F0B6C06918AD68B1A0DB5191476A54F65249E50.udd" 6173
"C:/Users/Brayan/Desktop/banana odyssey/banana_odyssey/Content/niveles/texturas_nivel_1/objetos/06bd05dfcb5951a2f415d5d5a387bef1.uasset" 6174
"C:/Users/Brayan/AppData/Local/UnrealEngine/Common/DerivedDataCache/3/0/0/PHYSX_A08609EF508D460CBB6710540B03AACF_PHYSXPC_BEE252B74D75892F7B739A806F0AC51__5536D60A4209AA176B41AADCCCAFB962A34C837B.udd" 6175
"C:/Users/Brayan/AppData/Local/UnrealEngine/Common/DerivedDataCache/3/5/5/NAVCOLLISION_2983273BE5D6425391E8C0B3D1C0A55D_NAVCOLLISION_X_BEE252B74D75892F7__DA4361597A8A56538AB9B47F56F9394C492272B6.udd" 6176
"C:/Users/Brayan/AppData/Local/UnrealEngine/Common/DerivedDataCache/8/9/8/STATICMESH_9CE2B6FB46754B699726C4AA1515F12E_228332BAE0224DD294E232B87D83948FQU__7BCEE94C079DADFD4B1F1BD63D2EC3FBEFC33351.udd" 6177
"C:/Users/Brayan/AppData/Local/UnrealEngine/Common/DerivedDataCache/2/5/4/PHYSX_A08609EF508D460CBB6710540B03AACF_PHYSXPC_AAE6B5A3442CC12FFF7053B0686BA0C__511CC6513B4079E3D15196DEE7DAC5065D80D349.udd" 6178
"C:/Users/Brayan/AppData/Local/UnrealEngine/Common/DerivedDataCache/4/6/2/NAVCOLLISION_2983273BE5D6425391E8C0B3D1C0A55D_NAVCOLLISION_X_AAE6B5A3442CC12FF__2D3D70957809F90877BD1AC303FC3300308C7E26.udd" 6179
"C:/Users/Brayan/Desktop/banana odyssey/banana_odyssey/Content/niveles/obstaculos/texturas_objetos/T_Bathroom_TowelPile_A_A_S.uasset" 6180
"C:/Users/Brayan/Desktop/banana odyssey/banana_odyssey/Content/niveles/obstaculos/texturas_objetos/T_Bathroom_TowelPile_A_A_N.uasset" 6181
"C:/Users/Brayan/AppData/Local/UnrealEngine/Common/DerivedDataCache/0/2/9/STATICMESH_9CE2B6FB46754B699726C4AA1515F12E_228332BAE0224DD294E232B87D83948FQU__B62244ED8E37752614C194CC732F8960ED810F4B.udd" 6182
"C:/Users/Brayan/AppData/Local/UnrealEngine/Common/DerivedDataCache/0/1/4/PHYSX_A08609EF508D460CBB6710540B03AACF_PHYSXPC_564DEEB444F0971BEF4C58A70F2B4C3__711C40A1F4C9C4B1CB0D6A3B8F22A5B537A602DC.udd" 6183
"C:/Users/Brayan/AppData/Local/UnrealEngine/Common/DerivedDataCache/7/4/8/NAVCOLLISION_2983273BE5D6425391E8C0B3D1C0A55D_NAVCOLLISION_X_564DEEB444F0971BE__1781000DDCB49DE512379A0BF6622926D12E85E9.udd" 6184
"C:/Users/Brayan/Desktop/banana odyssey/banana_odyssey/Content/niveles/obstaculos/texturas_objetos/T_Bathroom_TowelPile_A_A_D.uasset" 6185
"C:/Users/Brayan/Desktop/banana odyssey/banana_odyssey/Content/niveles/obstaculos/MI_Bathroom_TowelPile_A_630cb275.uasset" 6186
"C:/Users/Brayan/Desktop/banana odyssey/banana_odyssey/Content/niveles/obstaculos/props_Default__BP_Bathroom_TowelPile_A_C.uasset" 6187
"C:/Users/Brayan/AppData/Local/UnrealEngine/Common/DerivedDataCache/4/7/6/TEXTURE_E01F4250BECD420DA9CE63B5EECEC2C2_OODLE_AUTODXT_11_A3A9C9A94E859F262BAB__0108FCC5C37AD138873ED4F6A1165782EA1B5B32.udd" 6188
"C:/Users/Brayan/Desktop/banana odyssey/banana_odyssey/Content/niveles/nivel_2/MI_Kitchen_CoffeeCounter_01_6465f6d0_003.uasset" 6189
"C:/Users/Brayan/Desktop/banana odyssey/banana_odyssey/Content/niveles/nivel_1/nivel_1_ba?o_Default__BP_Commerce_LobbyStall_A_C.uasset" 6190
"C:/Users/Brayan/AppData/Local/UnrealEngine/Common/DerivedDataCache/0/6/2/TEXTURE_E01F4250BECD420DA9CE63B5EECEC2C2_OODLE_BC5_11_8E582E1947C612E35BA060B3__50A2FC3852D1A70167F0CA0B409BA017904D07C7.udd" 6191
"C:/Users/Brayan/AppData/Local/UnrealEngine/Common/DerivedDataCache/7/2/8/TEXTURE_E01F4250BECD420DA9CE63B5EECEC2C2_OODLE_AUTODXT_11_58B2D18E49567BDC3BDE__6564F53973274463F071543D529D63985CC24CE0.udd" 6192
"C:/Users/Brayan/AppData/Local/UnrealEngine/Common/DerivedDataCache/1/0/4/TEXTURE_E01F4250BECD420DA9CE63B5EECEC2C2_OODLE_BC5_11_8E582E1947C612E35BA060B3__3067D19942D0199B6574989EF048F02DC566A0AD.udd" 6193
"C:/Users/Brayan/AppData/Local/UnrealEngine/Common/DerivedDataCache/0/7/1/TEXTURE_E01F4250BECD420DA9CE63B5EECEC2C2_OODLE_AUTODXT_11_26EA769144AD5CFD5CAE__B0A17481099B64EB264E7A1C889E696534479B1B.udd" 6194
"C:/Users/Brayan/AppData/Local/UnrealEngine/Common/DerivedDataCache/1/9/1/TEXTURE_E01F4250BECD420DA9CE63B5EECEC2C2_OODLE_BC5_11_8E582E1947C612E35BA060B3__211682C8D7FD53D75A48C5C9676833F65AC0281B.udd" 6195
"C:/Users/Brayan/AppData/Local/UnrealEngine/Common/DerivedDataCache/5/0/1/TEXTURE_E01F4250BECD420DA9CE63B5EECEC2C2_OODLE_AUTODXT_11_1E2DCE72443C916D993C__57A41E00E941D599366DE2C6A485B2F12A7C5D51.udd" 6196
"C:/Users/Brayan/Desktop/banana odyssey/banana_odyssey/Content/niveles/nivel_tutorial_SM_GlacierHotel_Door_A_A.uasset" 6197
"C:/Users/Brayan/AppData/Local/UnrealEngine/Common/DerivedDataCache/2/8/9/TEXTURE_E01F4250BECD420DA9CE63B5EECEC2C2_OODLE_AUTODXT_11_58B2D18E49567BDC3BDE__01758712D28C89C24B9BD08EE07092D2E09275BA.udd" 6198
"C:/Users/Brayan/AppData/Local/UnrealEngine/Common/DerivedDataCache/6/7/2/TEXTURE_E01F4250BECD420DA9CE63B5EECEC2C2_OODLE_AUTODXT_11_26EA769144AD5CFD5CAE__E10C41E154F630CB440E9646E407E07EBCE79301.udd" 6199
"C:/Users/Brayan/AppData/Local/UnrealEngine/Common/DerivedDataCache/9/5/1/TEXTURE_E01F4250BECD420DA9CE63B5EECEC2C2_OODLE_AUTODXT_11_26EA769144AD5CFD5CAE__1F56C644B367EAEF3D847E49F808B004096FF5FD.udd" 6200
"C:/Users/Brayan/AppData/Local/UnrealEngine/Common/DerivedDataCache/4/7/4/TEXTURE_E01F4250BECD420DA9CE63B5EECEC2C2_OODLE_AUTODXT_11_58B2D18E49567BDC3BDE__79FEB7E3704B0B34AE8FA2E36CAAEF9CEF58F68B.udd" 6201
"C:/Users/Brayan/AppData/Local/UnrealEngine/Common/DerivedDataCache/5/0/3/TEXTURE_E01F4250BECD420DA9CE63B5EECEC2C2_OODLE_AUTODXT_11_26EA769144AD5CFD5CAE__203CA67469303B576934587EA28922FD2B27706E.udd" 6202
"C:/Users/Brayan/AppData/Local/UnrealEngine/Common/DerivedDataCache/8/2/0/TEXTURE_E01F4250BECD420DA9CE63B5EECEC2C2_OODLE_AUTODXT_11_58B2D18E49567BDC3BDE__A5826484288DBC59D9C48BF8CD9207D25D1F1281.udd" 6203
"C:/Users/Brayan/AppData/Local/UnrealEngine/Common/DerivedDataCache/5/9/1/TEXTURE_E01F4250BECD420DA9CE63B5EECEC2C2_OODLE_BC5_11_8E582E1947C612E35BA060B3__EE887E4925FED0319811289169BEB04FC0F76A35.udd" 6204
"C:/Users/Brayan/AppData/Local/UnrealEngine/Common/DerivedDataCache/6/0/0/TEXTURE_E01F4250BECD420DA9CE63B5EECEC2C2_OODLE_BC5_11_8E582E1947C612E35BA060B3__EF9920410ADE4D357278A8B43103915006AB5334.udd" 6205
"C:/Users/Brayan/AppData/Local/UnrealEngine/Common/DerivedDataCache/0/5/3/TEXTURE_E01F4250BECD420DA9CE63B5EECEC2C2_OODLE_AUTODXT_11_58B2D18E49567BDC3BDE__81FEEF4349D24D1869B8892950479641F72840EE.udd" 6206
"C:/Users/Brayan/AppData/Local/UnrealEngine/Common/DerivedDataCache/2/0/9/TEXTURE_E01F4250BECD420DA9CE63B5EECEC2C2_OODLE_AUTODXT_11_26EA769144AD5CFD5CAE__825B16205A9023AEBCE7AAF20BDDEB975C3CDBF6.udd" 6207
"C:/Users/Brayan/Desktop/banana odyssey/banana_odyssey/Content/niveles/nivel_tutorial_Instance_3_SM_NeonCity_Sushi_Chairs_E.uasset" 6208
"C:/Users/Brayan/AppData/Local/UnrealEngine/Common/DerivedDataCache/5/9/0/TEXTURE_E01F4250BECD420DA9CE63B5EECEC2C2_OODLE_AUTODXT_11_F46B09A748839F3E2E57__43B80197CC98004E3697C68AB9A392C50FDC1083.udd" 6209
"C:/Users/Brayan/Desktop/banana odyssey/banana_odyssey/Content/niveles/nivel_tutorial_Instance_2_SM_NeonCity_Sushi_Chairs_E.uasset" 6210
"C:/Users/Brayan/Desktop/banana odyssey/banana_odyssey/Content/niveles/nivel_tutorial_Instance_1_SM_CozyTea_SushiBox_B.uasset" 6211
"C:/Users/Brayan/Desktop/banana odyssey/banana_odyssey/Content/niveles/nivel_tutorial_Instance_1_SM_NeonCity_Sushi_Chairs_E.uasset" 6212
"C:/Users/Brayan/AppData/Local/UnrealEngine/Common/DerivedDataCache/3/8/9/TEXTURE_E01F4250BECD420DA9CE63B5EECEC2C2_OODLE_AUTODXT_11_4D85154249C364BE2492__D38A2C93E2AACC8FE32837F2305FDCBAF623BF77.udd" 6213
"C:/Users/Brayan/AppData/Local/UnrealEngine/Common/DerivedDataCache/0/0/1/TEXTURE_E01F4250BECD420DA9CE63B5EECEC2C2_OODLE_BC5_11_04EB80A3436524F3DCA5D8A9__C4CB40AE8012BFED4AD36CEC5F055C545B0108A3.udd" 6214
"C:/Users/Brayan/AppData/Local/UnrealEngine/Common/DerivedDataCache/9/2/3/TEXTURE_E01F4250BECD420DA9CE63B5EECEC2C2_OODLE_BC5_11_04EB80A3436524F3DCA5D8A9__FC526E1E4C8404AC44C246D87BA26EA536CD22E9.udd" 6215
"C:/Users/Brayan/AppData/Local/UnrealEngine/Common/DerivedDataCache/3/3/7/TEXTURE_E01F4250BECD420DA9CE63B5EECEC2C2_OODLE_AUTODXT_11_4D85154249C364BE2492__3253BC9B9C69B81CE57073E8C58F1628B85313EC.udd" 6216
"C:/Users/Brayan/AppData/Local/UnrealEngine/Common/DerivedDataCache/9/0/3/TEXTURE_E01F4250BECD420DA9CE63B5EECEC2C2_OODLE_AUTODXT_11_4D85154249C364BE2492__B15ADE33DB72C12F9D10F5D761F9C438BA24F56C.udd" 6217
"C:/Users/Brayan/AppData/Local/UnrealEngine/Common/DerivedDataCache/9/7/2/TEXTURE_E01F4250BECD420DA9CE63B5EECEC2C2_OODLE_BC5_11_04EB80A3436524F3DCA5D8A9__7313EDB105F87B19D3DEC4E7F9ADAD3CED9C60EF.udd" 6218
"C:/Users/Brayan/AppData/Local/UnrealEngine/Common/DerivedDataCache/4/1/4/TEXTURE_E01F4250BECD420DA9CE63B5EECEC2C2_OODLE_AUTODXT_11_8710925048B147FD426D__79933578F96151EF2EBA5798DEA86A8333C2C3F6.udd" 6219
"C:/Users/Brayan/AppData/Local/UnrealEngine/Common/DerivedDataCache/5/7/5/TEXTURE_E01F4250BECD420DA9CE63B5EECEC2C2_OODLE_BC5_11_04EB80A3436524F3DCA5D8A9__D0032F3CD8F820B2484527EBD384ACDEB20BA661.udd" 6220
"C:/Users/Brayan/AppData/Local/UnrealEngine/Common/DerivedDataCache/8/4/4/TEXTURE_E01F4250BECD420DA9CE63B5EECEC2C2_OODLE_BC5_11_04EB80A3436524F3DCA5D8A9__CD0A74B79610A2CD5AAB2F547805272B27836CF0.udd" 6221
"C:/Users/Brayan/AppData/Local/UnrealEngine/Common/DerivedDataCache/6/5/6/TEXTURE_E01F4250BECD420DA9CE63B5EECEC2C2_OODLE_AUTODXT_11_8710925048B147FD426D__045327AA462728D50DCDB525F69ED4CDEA8B4A02.udd" 6222
"C:/Users/Brayan/AppData/Local/UnrealEngine/Common/DerivedDataCache/0/5/1/TEXTURE_E01F4250BECD420DA9CE63B5EECEC2C2_OODLE_BC5_11_04EB80A3436524F3DCA5D8A9__461079F1C76FA936BF727312BCB0018B7658BAAA.udd" 6223
"C:/Users/Brayan/AppData/Local/UnrealEngine/Common/DerivedDataCache/1/6/6/TEXTURE_E01F4250BECD420DA9CE63B5EECEC2C2_OODLE_AUTODXT_11_8710925048B147FD426D__EFEB9531FFA1E11A167F1D755B7E75D230B08BF3.udd" 6224
"C:/Users/Brayan/AppData/Local/UnrealEngine/Common/DerivedDataCache/1/2/8/TEXTURE_E01F4250BECD420DA9CE63B5EECEC2C2_OODLE_AUTODXT_11_4D85154249C364BE2492__A4FDC6121B3583D46400AA6DC275793817C04951.udd" 6225
"C:/Users/Brayan/AppData/Local/UnrealEngine/Common/DerivedDataCache/5/0/4/TEXTURE_E01F4250BECD420DA9CE63B5EECEC2C2_OODLE_AUTODXT_11_8710925048B147FD426D__20A859AEBA2D5D67D249ED54BEF340D86710F694.udd" 6226
"C:/Users/Brayan/AppData/Local/UnrealEngine/Common/DerivedDataCache/4/7/4/TEXTURE_E01F4250BECD420DA9CE63B5EECEC2C2_OODLE_AUTODXT_11_8710925048B147FD426D__23A8B3429584A3BA2449F643B89AF9A7411355AA.udd" 6227
"C:/Users/Brayan/AppData/Local/UnrealEngine/Common/DerivedDataCache/4/3/9/MATSM_0BA69734E4FD45E082FA4560DBE25454_PCD3D_SM5_8__BC5N_NOCCBN_NOIRIS_DEV_SL___61EB2177E74605C18BD3AD0BEE7B38D23AB1EA3D.udd" 6228
"C:/Users/Brayan/AppData/Local/UnrealEngine/Common/DerivedDataCache/6/9/9/TEXTURE_E01F4250BECD420DA9CE63B5EECEC2C2_OODLE_AUTODXT_11_8710925048B147FD426D__DCE2430C3161866BC03CE1A9110F4C0C0F389635.udd" 6229
"C:/Users/Brayan/AppData/Local/UnrealEngine/Common/DerivedDataCache/4/4/7/TEXTURE_E01F4250BECD420DA9CE63B5EECEC2C2_OODLE_AUTODXT_11_4D85154249C364BE2492__7EA6979A1AC27128E86AAE8885BB6EF2EB590E97.udd" 6230
"C:/Users/Brayan/AppData/Local/UnrealEngine/Common/DerivedDataCache/2/0/7/TEXTURE_E01F4250BECD420DA9CE63B5EECEC2C2_OODLE_AUTODXT_11_4D85154249C364BE2492__F736B9727114E67C11DA69CAB791FCEAEEB4CCD5.udd" 6231
"C:/Users/Brayan/AppData/Local/UnrealEngine/Common/DerivedDataCache/8/5/9/STATICMESH_9CE2B6FB46754B699726C4AA1515F12E_228332BAE0224DD294E232B87D83948FQU__D36EBFCD29BEDAD8234B760534C746583045FA3F.udd" 6232
"C:/Users/Brayan/AppData/Local/UnrealEngine/Common/DerivedDataCache/1/2/5/PHYSX_A08609EF508D460CBB6710540B03AACF_PHYSXPC_A9D9D2B940B42FB63E714198FFB35A4__FD9A34EF6EBA947EA058A04E14A11336C25FCD36.udd" 6233
"C:/Users/Brayan/AppData/Local/UnrealEngine/Common/DerivedDataCache/7/0/3/NAVCOLLISION_2983273BE5D6425391E8C0B3D1C0A55D_NAVCOLLISION_X_A9D9D2B940B42FB63__7C489A7B4F78A8DCBD92D3F19195BE7C19E7D91A.udd" 6234
"C:/Users/Brayan/Desktop/banana odyssey/banana_odyssey/Content/niveles/nivel_tutorial_Instance_1_SM_CozyTea_SushiBox_A.uasset" 6235
"C:/Users/Brayan/Desktop/banana odyssey/banana_odyssey/Content/niveles/nivel_tutorial_Instance_0_SM_CozyTea_SushiBox_B.uasset" 6236
"C:/Users/Brayan/Desktop/banana odyssey/banana_odyssey/Content/niveles/nivel_tutorial_Default__Obstacle_Course_Arrow_C_002.uasset" 6237
"C:/Users/Brayan/AppData/Local/UnrealEngine/Common/DerivedDataCache/1/7/9/STATICMESH_9CE2B6FB46754B699726C4AA1515F12E_228332BAE0224DD294E232B87D83948FQU__65E0E6D7899B2420CB61F9C62D6A0431CAB3CF70.udd" 6238
"C:/Users/Brayan/AppData/Local/UnrealEngine/Common/DerivedDataCache/5/6/2/PHYSX_A08609EF508D460CBB6710540B03AACF_PHYSXPC_91B5AE604C4ADBB8A721329A1E5574D__032D6AFF46A0647A910EA2215726DC81A1CE436B.udd" 6239
"C:/Users/Brayan/AppData/Local/UnrealEngine/Common/DerivedDataCache/7/6/6/NAVCOLLISION_2983273BE5D6425391E8C0B3D1C0A55D_NAVCOLLISION_X_91B5AE604C4ADBB8A__E8040AC29826A25D3AC808B672383233169341F7.udd" 6240
"C:/Users/Brayan/Desktop/banana odyssey/banana_odyssey/Content/niveles/nivel_tutorial_Default__Obstacle_Course_Arrow_C_001.uasset" 6241
"C:/Users/Brayan/Desktop/banana odyssey/banana_odyssey/Content/niveles/nivel_tutorial_Default__Obstacle_Course_Arrow_C.uasset" 6242
"C:/Users/Brayan/AppData/Local/UnrealEngine/Common/DerivedDataCache/5/1/2/MATSM_0BA69734E4FD45E082FA4560DBE25454_PCD3D_SM5_8__BC5N_NOCCBN_NOIRIS_DEV_SL___5E7DA26C7523C5B92AAD76E1924013DAF9113280.udd" 6243
"C:/Users/Brayan/Desktop/banana odyssey/banana_odyssey/Content/niveles/nivel_tutorial_Default__Business_Wall_A_A_C_007.uasset" 6244
"C:/Users/Brayan/Desktop/banana odyssey/banana_odyssey/Content/niveles/nivel_tutorial_Default__Business_Wall_A_A_C_006.uasset" 6245
"C:/Users/Brayan/Desktop/banana odyssey/banana_odyssey/Content/niveles/nivel_tutorial_Default__Business_Wall_A_A_C_005.uasset" 6246
"C:/Users/Brayan/Desktop/banana odyssey/banana_odyssey/Content/niveles/nivel_tutorial_Default__Business_Wall_A_A_C_004.uasset" 6247
"C:/Users/Brayan/Desktop/banana odyssey/banana_odyssey/Content/niveles/nivel_tutorial_Default__Business_Wall_A_A_C_003.uasset" 6248
"C:/Users/Brayan/Desktop/banana odyssey/banana_odyssey/Content/niveles/nivel_tutorial_Default__Business_Wall_A_A_C_002.uasset" 6249
"C:/Users/Brayan/Desktop/banana odyssey/banana_odyssey/Content/niveles/nivel_tutorial_Default__Business_Wall_A_A_C_001.uasset" 6250
"C:/Users/Brayan/Desktop/banana odyssey/banana_odyssey/Content/niveles/nivel_tutorial_Default__Business_Wall_A_A_C.uasset" 6251
"C:/Users/Brayan/Desktop/banana odyssey/banana_odyssey/Content/niveles/nivel_tutorial_Default__BP_Orchard_BottleRackFullShelf_E_C.uasset" 6252
"C:/Users/Brayan/Desktop/banana odyssey/banana_odyssey/Content/niveles/nivel_tutorial_Default__BP_Kitchen_Pro_Oven_A_C.uasset" 6253
"C:/Users/Brayan/Desktop/banana odyssey/banana_odyssey/Content/niveles/nivel_tutorial_Default__BP_Kitchen_Pro_Counter_C_A_C.uasset" 6254
"C:/Users/Brayan/Desktop/banana odyssey/banana_odyssey/Content/niveles/nivel_tutorial_Default__BP_Kitchen_ProRange_A_B_C.uasset" 6255
"C:/Users/Brayan/Desktop/banana odyssey/banana_odyssey/Content/niveles/nivel_tutorial_Default__BP_Furniture_RusticShelf_A_C_001.uasset" 6256
"C:/Users/Brayan/Desktop/banana odyssey/banana_odyssey/Content/niveles/nivel_tutorial_Default__BP_Furniture_RusticShelf_A_C.uasset" 6257
"C:/Users/Brayan/Desktop/banana odyssey/banana_odyssey/Content/niveles/nivel_tutorial_Default__BP_CozyTea_SushiTable_B_C.uasset" 6258
"C:/Users/Brayan/Desktop/banana odyssey/banana_odyssey/Content/niveles/nivel_tutorial_Default__BP_Blockout_Floor_A_A_NoSnap_C_007.uasset" 6259
"C:/Users/Brayan/Desktop/banana odyssey/banana_odyssey/Content/niveles/nivel_tutorial_Default__BP_Blockout_Floor_A_A_NoSnap_C_006.uasset" 6260
"C:/Users/Brayan/Desktop/banana odyssey/banana_odyssey/Content/niveles/nivel_tutorial_Default__BP_Blockout_Floor_A_A_NoSnap_C_005.uasset" 6261
"C:/Users/Brayan/Desktop/banana odyssey/banana_odyssey/Content/niveles/nivel_tutorial_Default__BP_Blockout_Floor_A_A_NoSnap_C_004.uasset" 6262
"C:/Users/Brayan/Desktop/banana odyssey/banana_odyssey/Content/niveles/nivel_tutorial_Default__BP_Blockout_Floor_A_A_NoSnap_C_003.uasset" 6263
"C:/Users/Brayan/Desktop/banana odyssey/banana_odyssey/Content/niveles/nivel_tutorial_Default__BP_Blockout_Floor_A_A_NoSnap_C_001.uasset" 6264
"C:/Users/Brayan/Desktop/banana odyssey/banana_odyssey/Content/niveles/nivel_tutorial_Default__BP_Blockout_Floor_A_A_NoSnap_C.uasset" 6265
"C:/Users/Brayan/Desktop/banana odyssey/banana_odyssey/Content/niveles/nivel_tutorial_Default__Athena_Prop_Kitchen_DeepFryer_01_C.uasset" 6266
"C:/Users/Brayan/Desktop/banana odyssey/banana_odyssey/Content/niveles/nivel_tutorial_Default__Athena_Prop_Durr_Watercooler_Shelves2_C.uasset" 6267
"C:/Users/Brayan/Desktop/banana odyssey/banana_odyssey/Content/niveles/nivel_tutorial_Default__BP_Blockout_Floor_A_A_NoSnap_C_002.uasset" 6268
"C:/Users/Brayan/Desktop/banana odyssey/banana_odyssey/Content/niveles/nivel_tutorial_Default__Asteria_NeonCity_Kitchen_Refrigerator_A_B_C_001.uasset" 6269
"C:/Users/Brayan/Desktop/banana odyssey/banana_odyssey/Content/niveles/nivel_tutorial_Default__Asteria_NeonCity_Kitchen_Refrigerator_A_B_C.uasset" 6270
"C:/Users/Brayan/Desktop/banana odyssey/banana_odyssey/Content/niveles/nivel_tutorial_Default__Apollo_Kitchen_Refrigerator_02_C.uasset" 6271
"C:/Users/Brayan/Desktop/banana odyssey/banana_odyssey/Content/niveles/nivel_tutorial_Default__Apollo_Kitchen_CoffeeCounter_01_C_003.uasset" 6272
"C:/Users/Brayan/Desktop/banana odyssey/banana_odyssey/Content/niveles/nivel_tutorial_Default__Apollo_Kitchen_CoffeeCounter_01_C_002.uasset" 6273
"C:/Users/Brayan/Desktop/banana odyssey/banana_odyssey/Content/niveles/nivel_tutorial_Default__Apollo_Kitchen_CoffeeCounter_01_C.uasset" 6274
"C:/Users/Brayan/Desktop/banana odyssey/banana_odyssey/Content/niveles/nivel_tutorial_Default__Apollo_Kitchen_Chair_01_C.uasset" 6275
"C:/Users/Brayan/Desktop/banana odyssey/banana_odyssey/Content/2DSideScroller/Textures/2DCharacter_RunAnimAtlas.uasset" 6276
"C:/Users/Brayan/Desktop/banana odyssey/banana_odyssey/Content/2DSideScroller/Textures/2DCharacter_IdleAnimAtlas.uasset" 6277
"C:/Users/Brayan/Desktop/banana odyssey/banana_odyssey/Content/2DSideScroller/Textures/2DBackgroundTile.uasset" 6278
"C:/Users/Brayan/Desktop/banana odyssey/banana_odyssey/Content/2DSideScroller/Textures/2DBackgroundBlockAtlas.uasset" 6279
"C:/Users/Brayan/Desktop/banana odyssey/banana_odyssey/Content/2DSideScroller/Textures/2DBackground.uasset" 6280
"C:/Users/Brayan/Desktop/banana odyssey/banana_odyssey/Content/2DSideScroller/Sprites/RunFrames/RunCycle_9.uasset" 6281
"C:/Users/Brayan/Desktop/banana odyssey/banana_odyssey/Content/2DSideScroller/Sprites/RunFrames/RunCycle_8.uasset" 6282
"C:/Users/Brayan/Desktop/banana odyssey/banana_odyssey/Content/2DSideScroller/Sprites/RunFrames/RunCycle_7.uasset" 6283
"C:/Users/Brayan/Desktop/banana odyssey/banana_odyssey/Content/2DSideScroller/Sprites/RunFrames/RunCycle_6.uasset" 6284
"C:/Users/Brayan/Desktop/banana odyssey/banana_odyssey/Content/2DSideScroller/Sprites/RunFrames/RunCycle_5.uasset" 6285
"C:/Users/Brayan/Desktop/banana odyssey/banana_odyssey/Content/2DSideScroller/Sprites/RunFrames/RunCycle_4.uasset" 6286
"C:/Users/Brayan/Desktop/banana odyssey/banana_odyssey/Content/2DSideScroller/Sprites/RunFrames/RunCycle_3.uasset" 6287
"C:/Users/Brayan/AppData/Local/UnrealEngine/Common/DerivedDataCache/1/7/1/TEXTURE_E01F4250BECD420DA9CE63B5EECEC2C2_OODLE_AUTODXT_11_D1E814BA40821C40AD89__9E437EFED9E487B3A1E940AA7F5178A31AF26E3A.udd" 6288
"C:/Users/Brayan/Desktop/banana odyssey/banana_odyssey/Content/2DSideScroller/Sprites/RunFrames/RunCycle_2.uasset" 6289
"C:/Users/Brayan/Desktop/banana odyssey/banana_odyssey/Content/2DSideScroller/Sprites/RunFrames/RunCycle_16.uasset" 6290
"C:/Users/Brayan/Desktop/banana odyssey/banana_odyssey/Content/2DSideScroller/Sprites/RunFrames/RunCycle_15.uasset" 6291
"C:/Users/Brayan/Desktop/banana odyssey/banana_odyssey/Content/2DSideScroller/Sprites/RunFrames/RunCycle_14.uasset" 6292
"C:/Users/Brayan/Desktop/banana odyssey/banana_odyssey/Content/2DSideScroller/Sprites/RunFrames/RunCycle_13.uasset" 6293
"C:/Users/Brayan/Desktop/banana odyssey/banana_odyssey/Content/2DSideScroller/Sprites/RunFrames/RunCycle_12.uasset" 6294
"C:/Users/Brayan/Desktop/banana odyssey/banana_odyssey/Content/2DSideScroller/Sprites/RunFrames/RunCycle_11.uasset" 6295
"C:/Users/Brayan/Desktop/banana odyssey/banana_odyssey/Content/2DSideScroller/Sprites/RunFrames/RunCycle_10.uasset" 6296
"C:/Users/Brayan/Desktop/banana odyssey/banana_odyssey/Content/2DSideScroller/Sprites/RunFrames/RunCycle_1.uasset" 6297
"C:/Users/Brayan/Desktop/banana odyssey/banana_odyssey/Content/2DSideScroller/Sprites/IdleFrames/IdleCycle8.uasset" 6298
"C:/Users/Brayan/Desktop/banana odyssey/banana_odyssey/Content/2DSideScroller/Sprites/IdleFrames/IdleCycle7.uasset" 6299
"C:/Users/Brayan/Desktop/banana odyssey/banana_odyssey/Content/2DSideScroller/Sprites/IdleFrames/IdleCycle6.uasset" 6300
"C:/Users/Brayan/Desktop/banana odyssey/banana_odyssey/Content/2DSideScroller/Sprites/IdleFrames/IdleCycle5.uasset" 6301
"C:/Users/Brayan/Desktop/banana odyssey/banana_odyssey/Content/2DSideScroller/Sprites/IdleFrames/IdleCycle4.uasset" 6302
"C:/Users/Brayan/Desktop/banana odyssey/banana_odyssey/Content/2DSideScroller/Sprites/IdleFrames/IdleCycle3.uasset" 6303
"C:/Users/Brayan/Desktop/banana odyssey/banana_odyssey/Content/2DSideScroller/Sprites/IdleFrames/IdleCycle2.uasset" 6304
"C:/Users/Brayan/Desktop/banana odyssey/banana_odyssey/Content/2DSideScroller/Sprites/IdleFrames/IdleCycle1.uasset" 6305
"C:/Users/Brayan/Desktop/banana odyssey/banana_odyssey/Content/2DSideScroller/Sprites/gato/texturas_gato/T_M_MED_BuffCat_Comic_Body_DF_2.uasset" 6306
"C:/Users/Brayan/Desktop/banana odyssey/banana_odyssey/Content/2DSideScroller/Sprites/gato/gato_M_LRG_Buff_Cat_Comic_Tail_LOD0_Anim.uasset" 6307
"C:/Users/Brayan/Desktop/banana odyssey/banana_odyssey/Content/2DSideScroller/Sprites/salto.uasset" 6308
"C:/Users/Brayan/Desktop/banana odyssey/banana_odyssey/Content/2DSideScroller/Materials/PrototypingSpriteMaterial.uasset" 6309
"C:/Users/Brayan/Desktop/banana odyssey/banana_odyssey/Content/2DSideScroller/WBP_MainMenu.uasset" 6310
"C:/Users/Brayan/Desktop/banana odyssey/banana_odyssey/Content/2DSideScroller/Sprites/bananoanimclass.uasset" 6311
"C:/Users/Brayan/AppData/Local/UnrealEngine/Common/DerivedDataCache/1/5/8/ANIMSEQ_D0E639028BB74237AD0F9775C097BB85_0_B765667C40B590B677650D80F6EECF92BA3__FBA826F242B5B9F6ACE6EC4769D4065B5D64DCA5.udd" 6312
"C:/Users/Brayan/AppData/Local/UnrealEngine/Common/DerivedDataCache/8/2/9/TEXTURE_E01F4250BECD420DA9CE63B5EECEC2C2_OODLE_AUTODXT_11_084ABA654E4B59008906__4278A3CD11599D18470B982437063FA253A7C466.udd" 6313
"C:/Users/Brayan/AppData/Local/UnrealEngine/Common/DerivedDataCache/4/6/7/TEXTURE_E01F4250BECD420DA9CE63B5EECEC2C2_OODLE_AUTODXT_11_084ABA654E4B59008906__C0F22B004E3FD217629BADD9738D0FE22A4A4CE7.udd" 6314
"C:/Users/Brayan/AppData/Local/UnrealEngine/Common/DerivedDataCache/1/7/7/TEXTURE_E01F4250BECD420DA9CE63B5EECEC2C2_OODLE_AUTODXT_11_084ABA654E4B59008906__DBD58015951DAA0BBE805AE0965B06543F529AA0.udd" 6315
"C:/Users/Brayan/AppData/Local/UnrealEngine/Common/DerivedDataCache/3/2/6/TEXTURE_E01F4250BECD420DA9CE63B5EECEC2C2_OODLE_AUTODXT_11_084ABA654E4B59008906__DE65A6C85391391EA49CB88A59BE6F04EF0923B6.udd" 6316
"C:/Users/Brayan/AppData/Local/UnrealEngine/Common/DerivedDataCache/6/0/1/TEXTURE_E01F4250BECD420DA9CE63B5EECEC2C2_OODLE_AUTODXT_11_084ABA654E4B59008906__7F608B439C6AB3A7280F2A77073102CD702D6F3F.udd" 6317
"C:/Users/Brayan/AppData/Local/UnrealEngine/Common/DerivedDataCache/3/9/5/MATSM_0BA69734E4FD45E082FA4560DBE25454_PCD3D_SM5_8__BC5N_NOCCBN_NOIRIS_DEV_SL___0459BCF1382E2D298CDD2D0EC30A907006EA7984.udd" 6318
"C:/Users/Brayan/AppData/Local/Temp/UnrealShaderWorkingDir/2EFE120942B642848AA6E494EAC0E0C6/10/WorkerOutputOnly.out" 6319
"C:/Users/Brayan/AppData/Local/Temp/UnrealShaderWorkingDir/2EFE120942B642848AA6E494EAC0E0C6/5/WorkerOutputOnly.out" 6320
"C:/Users/Brayan/AppData/Local/Temp/UnrealShaderWorkingDir/2EFE120942B642848AA6E494EAC0E0C6/2/WorkerOutputOnly.out" 6321
"C:/Users/Brayan/AppData/Local/Temp/UnrealShaderWorkingDir/2EFE120942B642848AA6E494EAC0E0C6/3/WorkerOutputOnly.out" 6322
"C:/Users/Brayan/AppData/Local/Temp/UnrealShaderWorkingDir/2EFE120942B642848AA6E494EAC0E0C6/8/WorkerOutputOnly.out" 6323
"C:/Users/Brayan/AppData/Local/Temp/UnrealShaderWorkingDir/2EFE120942B642848AA6E494EAC0E0C6/1/WorkerOutputOnly.out" 6324
"C:/Users/Brayan/AppData/Local/Temp/UnrealShaderWorkingDir/2EFE120942B642848AA6E494EAC0E0C6/0/WorkerOutputOnly.out" 6325
"C:/Users/Brayan/AppData/Local/Temp/UnrealShaderWorkingDir/2EFE120942B642848AA6E494EAC0E0C6/4/WorkerOutputOnly.out" 6326
"C:/Users/Brayan/AppData/Local/Temp/UnrealShaderWorkingDir/2EFE120942B642848AA6E494EAC0E0C6/9/WorkerOutputOnly.out" 6327
"C:/Users/Brayan/AppData/Local/Temp/UnrealShaderWorkingDir/2EFE120942B642848AA6E494EAC0E0C6/7/WorkerOutputOnly.out" 6328
"C:/Users/Brayan/AppData/Local/Temp/UnrealShaderWorkingDir/2EFE120942B642848AA6E494EAC0E0C6/6/WorkerOutputOnly.out" 6329
"C:/Users/Brayan/AppData/Local/Temp/UnrealShaderWorkingDir/2EFE120942B642848AA6E494EAC0E0C6/11/WorkerOutputOnly.out" 6330
